"Gene","Non-unique Gene name","Annotation","No. isolates","No. sequences","Avg sequences per isolate","Genome Fragment","Order within Fragment","Accessory Fragment","Accessory Order with Fragment","QC","Min group size nuc","Max group size nuc","Avg group size nuc","GCA_000217655.1","GCA_030436145.1"
"group_1","hypothetical protein","hypothetical protein","2","2","1","1","222","","","","644","1364","1004","LIHGCB_00099","OBIBPL_00100"
"group_10","hypothetical protein","hypothetical protein","2","2","1","1","266","","","","299","479","389","LIHGCB_00147","OBIBPL_00150"
"Putative DD-carboxypeptidase TP_0574","","Putative DD-carboxypeptidase TP_0574","2","2","1","1","670","","","","1304","1304","1304","LIHGCB_00573","OBIBPL_00570"
"aarA","","Rhomboid protease AarA","2","2","1","1","60","","","","620","620","620","LIHGCB_00970","OBIBPL_00967"
"recR","","Recombination protein RecR","2","2","1","1","39","","","","605","605","605","LIHGCB_00993","OBIBPL_00990"
"Desulfoferrodoxin","","Desulfoferrodoxin","2","2","1","1","900","","","","386","386","386","LIHGCB_00816","OBIBPL_00815"
"group_104","hypothetical protein","hypothetical protein","2","2","1","1","559","","","","1697","1697","1697","LIHGCB_00456","OBIBPL_00453"
"group_105","hypothetical protein","hypothetical protein","2","2","1","1","206","","","","386","386","386","LIHGCB_00083","OBIBPL_00083"
"group_106","hypothetical protein","hypothetical protein","2","2","1","1","983","","","","251","251","251","LIHGCB_00898","OBIBPL_00896"
"Ribonuclease Y","","Ribonuclease Y","2","2","1","1","25","","","","1514","1514","1514","LIHGCB_01007","OBIBPL_01004"
"peptidoglycan glycosyltransferase","","peptidoglycan glycosyltransferase","2","2","1","1","790","","","","2654","2654","2654","LIHGCB_00703","OBIBPL_00702"
"group_109","hypothetical protein","hypothetical protein","2","2","1","1","239","","","","1265","1265","1265","LIHGCB_00119","OBIBPL_00120"
"group_11","hypothetical protein","hypothetical protein","2","2","1","1","268","","","","269","302","285","LIHGCB_00149","OBIBPL_00152"
"group_110","hypothetical protein","hypothetical protein","2","2","1","1","118","","","","1052","1052","1052","LIHGCB_00909","OBIBPL_00907"
"group_111","hypothetical protein","hypothetical protein","2","2","1","1","543","","","","860","860","860","LIHGCB_00440","OBIBPL_00437"
"Ribose-5-phosphate isomerase A","","Ribose-5-phosphate isomerase A","2","2","1","1","707","","","","788","788","788","LIHGCB_00615","OBIBPL_00612"
"group_113","hypothetical protein","hypothetical protein","2","2","1","1","335","","","","2147","2147","2147","LIHGCB_00217","OBIBPL_00220"
"ATP-dependent Clp protease proteolytic subunit","","ATP-dependent Clp protease proteolytic subunit","2","2","1","1","604","","","","611","611","611","LIHGCB_00506","OBIBPL_00503"
"group_115","hypothetical protein","hypothetical protein","2","2","1","1","990","","","","425","425","425","LIHGCB_00905","OBIBPL_00903"
"Carhohydrate kinase (XylB)","","Carhohydrate kinase (XylB)","2","2","1","1","405","","","","1244","1244","1244","LIHGCB_00299","OBIBPL_00301"
"group_117","hypothetical protein","hypothetical protein","2","2","1","1","682","","","","1022","1022","1022","LIHGCB_00585","OBIBPL_00582"
"Uncharacterized protein TP_0846","","Uncharacterized protein TP_0846","2","2","1","1","922","","","","326","326","326","LIHGCB_00838","OBIBPL_00837"
"Threonine--tRNA ligase","","Threonine--tRNA ligase","2","2","1","1","913","","","","1748","1748","1748","LIHGCB_00829","OBIBPL_00828"
"group_12","Cytidylate kinase","Cytidylate kinase","2","2","1","1","395","","","","2498","2648","2573","LIHGCB_00289","OBIBPL_00291"
"group_120","hypothetical protein","hypothetical protein","2","2","1","1","24","","","","443","443","443","LIHGCB_01008","OBIBPL_01005"
"Tp33 protein","","Tp33 protein","2","2","1","1","84","","","","1028","1028","1028","LIHGCB_00946","OBIBPL_00943"
"group_122","hypothetical protein","hypothetical protein","2","2","1","1","619","","","","479","479","479","LIHGCB_00521","OBIBPL_00518"
"recN","","DNA repair protein RecN","2","2","1","1","544","","","","1721","1721","1721","LIHGCB_00441","OBIBPL_00438"
"group_124","Tetratricopeptide repeat protein","Tetratricopeptide repeat protein","2","2","1","1","385","","","","620","620","620","LIHGCB_00279","OBIBPL_00281"
"group_125","hypothetical protein","hypothetical protein","2","2","1","1","683","","","","266","266","266","LIHGCB_00586","OBIBPL_00583"
"group_126","hypothetical protein","hypothetical protein","2","2","1","1","985","","","","380","380","380","LIHGCB_00900","OBIBPL_00898"
"DNA-directed DNA polymerase III gamma and tau subunits","","DNA-directed DNA polymerase III gamma and tau subunits","2","2","1","1","618","","","","1271","1271","1271","LIHGCB_00520","OBIBPL_00517"
"Acetate kinase","","Acetate kinase","2","2","1","1","576","","","","1346","1346","1346","LIHGCB_00472","OBIBPL_00469"
"fleN","","Flagellar synthesis regulator FleN","2","2","1","1","797","","","","914","914","914","LIHGCB_00710","OBIBPL_00709"
"group_130","hypothetical protein","hypothetical protein","2","2","1","1","460","","","","494","494","494","LIHGCB_00380","OBIBPL_00377"
"fliM","","Flagellar motor switch protein FliM","2","2","1","1","806","","","","1034","1034","1034","LIHGCB_00719","OBIBPL_00718"
"Uncharacterized protein TP_1029","","Uncharacterized protein TP_1029","2","2","1","1","13","","","","668","668","668","LIHGCB_01019","OBIBPL_01016"
"Uncharacterized protein TP_0787","","Uncharacterized protein TP_0787","2","2","1","1","870","","","","392","392","392","LIHGCB_00785","OBIBPL_00785"
"group_134","hypothetical protein","hypothetical protein","2","2","1","1","48","","","","815","815","815","LIHGCB_00983","OBIBPL_00980"
"Alpha-amylase 1, putative","","Alpha-amylase 1, putative","2","2","1","1","269","","","","1859","1859","1859","LIHGCB_00150","OBIBPL_00153"
"group_136","hypothetical protein","hypothetical protein","2","2","1","1","593","","","","821","821","821","LIHGCB_00491","OBIBPL_00488"
"group_137","hypothetical protein","hypothetical protein","2","2","1","1","494","","","","3446","3446","3446","LIHGCB_00345","OBIBPL_00343"
"group_138","hypothetical protein","hypothetical protein","2","2","1","1","114","","","","1835","1835","1835","LIHGCB_00915","OBIBPL_00913"
"group_139","hypothetical protein","hypothetical protein","2","2","1","1","837","","","","284","284","284","LIHGCB_00750","OBIBPL_00749"
"Uncharacterized protein TP_0618","","Uncharacterized protein TP_0618","2","2","1","1","711","","","","344","344","344","LIHGCB_00319","OBIBPL_00614"
"group_141","Cyclic nucleotide-binding domain-containing protein","Cyclic nucleotide-binding domain-containing protein","2","2","1","1","377","","","","995","995","995","LIHGCB_00266","OBIBPL_00268"
"group_142","hypothetical protein","hypothetical protein","2","2","1","1","162","","","","932","932","932","LIHGCB_00039","OBIBPL_00039"
"Small ribosomal subunit protein uS8","","Small ribosomal subunit protein uS8","2","2","1","1","318","","","","398","398","398","LIHGCB_00200","OBIBPL_00203"
"group_144","hypothetical protein","hypothetical protein","2","2","1","1","805","","","","1046","1046","1046","LIHGCB_00718","OBIBPL_00717"
"group_145","hypothetical protein","hypothetical protein","2","2","1","1","872","","","","776","776","776","LIHGCB_00787","OBIBPL_00787"
"UvrABC system protein B","","UvrABC system protein B","2","2","1","1","236","","","","2033","2033","2033","LIHGCB_00116","OBIBPL_00117"
"DUF2225 domain-containing protein","","DUF2225 domain-containing protein","2","2","1","1","905","","","","884","884","884","LIHGCB_00821","OBIBPL_00820"
"group_148","hypothetical protein","hypothetical protein","2","2","1","1","467","","","","263","263","263","LIHGCB_00372","OBIBPL_00370"
"troD","","transition metal ABC transporter permease subunit TroD","2","2","1","1","287","","","","1103","1103","1103","LIHGCB_00168","OBIBPL_00171"
"tmpC","","Membrane lipoprotein TmpC","2","2","1","1","516","","","","467","1061","764","LIHGCB_00322","OBIBPL_00319"
"Glycerophosphodiester phosphodiesterase","","Glycerophosphodiester phosphodiesterase","2","2","1","1","373","","","","1070","1070","1070","LIHGCB_00262","OBIBPL_00264"
"group_151","hypothetical protein","hypothetical protein","2","2","1","1","267","","","","311","311","311","LIHGCB_00148","OBIBPL_00151"
"group_152","hypothetical protein","hypothetical protein","2","2","1","1","435","","","","533","533","533","LIHGCB_00405","OBIBPL_00402"
"Nuclease SbcCD subunit D","","Nuclease SbcCD subunit D","2","2","1","1","718","","","","1175","1175","1175","LIHGCB_00623","OBIBPL_00621"
"DNA-T family bacterial competence-related DNA transformation transporter","","DNA-T family bacterial competence-related DNA transformation transporter","2","2","1","1","502","","","","1613","1613","1613","LIHGCB_00337","OBIBPL_00335"
"group_155","hypothetical protein","hypothetical protein","2","2","1","1","886","","","","188","188","188","LIHGCB_00802","OBIBPL_00801"
"ftsW","","putative peptidoglycan glycosyltransferase FtsW","2","2","1","1","452","","","","1154","1154","1154","LIHGCB_00388","OBIBPL_00385"
"Sugar ABC superfamily ATP binding cassette transporter, membrane protein","","Sugar ABC superfamily ATP binding cassette transporter, membrane protein","2","2","1","1","195","","","","830","830","830","LIHGCB_00072","OBIBPL_00072"
"secA","","Protein translocase subunit SecA","2","2","1","1","459","","","","2750","2750","2750","LIHGCB_00381","OBIBPL_00378"
"Uncharacterized protein TP_0138","","Uncharacterized protein TP_0138","2","2","1","1","258","","","","680","680","680","LIHGCB_00138","OBIBPL_00140"
"Putative outer membrane protein assembly factor TP_0326","","Putative outer membrane protein assembly factor TP_0326","2","2","1","1","510","","","","2483","2486","2484","LIHGCB_00327","OBIBPL_00325"
"Uncharacterized protein TP_0783","","Uncharacterized protein TP_0783","2","2","1","1","865","","","","1109","1109","1109","LIHGCB_00780","OBIBPL_00780"
"group_161","hypothetical protein","hypothetical protein","2","2","1","1","764","","","","608","608","608","LIHGCB_00674","OBIBPL_00673"
"group_162","hypothetical protein","hypothetical protein","2","2","1","1","951","","","","959","959","959","LIHGCB_00867","OBIBPL_00865"
"rfuA","","ABC transporter riboflavin-binding protein RfuA","2","2","1","1","408","","","","1031","1031","1031","LIHGCB_00302","OBIBPL_00304"
"DNA gyrase subunit A","","DNA gyrase subunit A","2","2","1","1","134","","","","2441","2441","2441","LIHGCB_00005","OBIBPL_00005"
"group_165","hypothetical protein","hypothetical protein","2","2","1","1","781","","","","677","677","677","LIHGCB_00693","OBIBPL_00692"
"DNA-directed RNA polymerase subunit alpha","","DNA-directed RNA polymerase subunit alpha","2","2","1","1","328","","","","1055","1055","1055","LIHGCB_00210","OBIBPL_00213"
"CTP synthase","","CTP synthase","2","2","1","1","414","","","","1778","1778","1778","LIHGCB_00308","OBIBPL_00310"
"Glucose-6-phosphate 1-dehydrogenase","","Glucose-6-phosphate 1-dehydrogenase","2","2","1","1","578","","","","1547","1547","1547","LIHGCB_00474","OBIBPL_00471"
"Phosphatidate cytidylyltransferase","","Phosphatidate cytidylyltransferase","2","2","1","1","694","","","","863","863","863","LIHGCB_00601","OBIBPL_00598"
"Isoleucine--tRNA ligase","","Isoleucine--tRNA ligase","2","2","1","1","553","","","","3275","3464","3369","LIHGCB_00450","OBIBPL_00447"
"Flavin-dependent thymidylate synthase","","Flavin-dependent thymidylate synthase","2","2","1","1","36","","","","917","917","917","LIHGCB_00996","OBIBPL_00993"
"group_171","hypothetical protein","hypothetical protein","2","2","1","1","846","","","","833","833","833","LIHGCB_00759","OBIBPL_00758"
"group_172","HD-GYP domain-containing protein","HD-GYP domain-containing protein","2","2","1","1","950","","","","1097","1097","1097","LIHGCB_00866","OBIBPL_00864"
"group_173","hypothetical protein","hypothetical protein","2","2","1","1","325","","","","113","113","113","LIHGCB_00207","OBIBPL_00210"
"V-type ATP synthase subunit D 1","","V-type ATP synthase subunit D 1","2","2","1","1","530","","","","620","620","620","LIHGCB_00428","OBIBPL_00425"
"GGDEF domain-containing protein","","GGDEF domain-containing protein","2","2","1","1","61","","","","1043","1043","1043","LIHGCB_00969","OBIBPL_00966"
"Elongation factor P--(R)-beta-lysine ligase","","Elongation factor P--(R)-beta-lysine ligase","2","2","1","1","2","","","","1055","1055","1055","LIHGCB_01029","OBIBPL_01026"
"Beta sliding clamp","","Beta sliding clamp","2","2","1","1","131","","","","1115","1115","1115","LIHGCB_00002","OBIBPL_00002"
"group_178","hypothetical protein","hypothetical protein","2","2","1","1","220","","","","794","794","794","LIHGCB_00097","OBIBPL_00097"
"Elongation factor Ts","","Elongation factor Ts","2","2","1","1","697","","","","872","872","872","LIHGCB_00604","OBIBPL_00601"
"group_18","hypothetical protein","HTH cro/C1-type domain-containing protein","2","2","1","1","563","","","","356","389","372","LIHGCB_00460","OBIBPL_00457"
"group_180","hypothetical protein","hypothetical protein","2","2","1","1","345","","","","578","578","578","LIHGCB_00232","OBIBPL_00234"
"rlpA","","putative endolytic peptidoglycan transglycosylase RlpA","2","2","1","1","49","","","","1025","1025","1025","LIHGCB_00981","OBIBPL_00978"
"Large ribosomal subunit protein bL19","","Large ribosomal subunit protein bL19","2","2","1","1","981","","","","371","371","371","LIHGCB_00896","OBIBPL_00894"
"group_183","hypothetical protein","hypothetical protein","2","2","1","1","796","","","","575","575","575","LIHGCB_00709","OBIBPL_00708"
"Large ribosomal subunit protein uL24","","Large ribosomal subunit protein uL24","2","2","1","1","316","","","","311","311","311","LIHGCB_00198","OBIBPL_00201"
"group_185","hypothetical protein","hypothetical protein","2","2","1","1","640","","","","1874","1874","1874","LIHGCB_00543","OBIBPL_00540"
"NADH oxidase","","NADH oxidase","2","2","1","1","119","","","","1337","1337","1337","LIHGCB_00908","OBIBPL_00906"
"group_187","hypothetical protein","hypothetical protein","2","2","1","1","811","","","","197","197","197","LIHGCB_00724","OBIBPL_00723"
"Lipoprotein signal peptidase","","Lipoprotein signal peptidase","2","2","1","1","64","","","","560","560","560","LIHGCB_00966","OBIBPL_00963"
"PASTA domain-containing protein","","PASTA domain-containing protein","2","2","1","1","843","","","","1865","1865","1865","LIHGCB_00756","OBIBPL_00755"
"group_19","hypothetical protein","hypothetical protein","2","2","1","1","570","","","","845","1157","1001","LIHGCB_00466","OBIBPL_00463"
"V-type ATPase, K subunit","","V-type ATPase, K subunit","2","2","1","1","532","","","","422","422","422","LIHGCB_00430","OBIBPL_00427"
"SsrA-binding protein","","SsrA-binding protein","2","2","1","1","300","","","","464","464","464","LIHGCB_00182","OBIBPL_00185"
"Antigen, p83/100","","Antigen, p83/100","2","2","1","1","585","","","","1595","1595","1595","LIHGCB_00481","OBIBPL_00478"
"ycfH","","Deoxyribonuclease YcfH","2","2","1","1","63","","","","773","773","773","LIHGCB_00967","OBIBPL_00964"
"group_194","DNA 3'-5' helicase","DNA 3'-5' helicase","2","2","1","1","221","","","","1973","1973","1973","LIHGCB_00098","OBIBPL_00098"
"tRNA (guanine-N(1)-)-methyltransferase","","tRNA (guanine-N(1)-)-methyltransferase","2","2","1","1","980","","","","752","752","752","LIHGCB_00895","OBIBPL_00893"
"group_196","hypothetical protein","hypothetical protein","2","2","1","1","966","","","","470","470","470","LIHGCB_00882","OBIBPL_00880"
"FAD-binding FR-type domain-containing protein","","FAD-binding FR-type domain-containing protein","2","2","1","1","821","","","","842","842","842","LIHGCB_00734","OBIBPL_00733"
"Aminopeptidase","","Aminopeptidase","2","2","1","1","232","","","","1352","1352","1352","LIHGCB_00112","OBIBPL_00113"
"htpG","","Chaperone protein HtpG","2","2","1","1","58","","","","1919","1919","1919","LIHGCB_00972","OBIBPL_00969"
"mglB","","D-galactose/methyl-galactoside binding periplasmic protein MglB","2","2","1","1","641","","","","947","1064","1005","LIHGCB_00544","OBIBPL_00541"
"group_200","ABC superfamily ATP binding cassette transporter, ABC protein","ABC superfamily ATP binding cassette transporter, ABC protein","2","2","1","1","954","","","","842","842","842","LIHGCB_00870","OBIBPL_00868"
"group_201","hypothetical protein","hypothetical protein","2","2","1","1","346","","","","812","812","812","LIHGCB_00233","OBIBPL_00235"
"Uncharacterized protein TP_0110","","Uncharacterized protein TP_0110","2","2","1","1","230","","","","1712","1712","1712","LIHGCB_00110","OBIBPL_00111"
"group_203","hypothetical protein","hypothetical protein","2","2","1","1","301","","","","707","707","707","LIHGCB_00183","OBIBPL_00186"
"Cysteine--tRNA ligase","","Cysteine--tRNA ligase","2","2","1","1","210","","","","1562","1562","1562","LIHGCB_00087","OBIBPL_00087"
"group_205","hypothetical protein","hypothetical protein","2","2","1","1","912","","","","824","824","824","LIHGCB_00828","OBIBPL_00827"
"group_206","hypothetical protein","hypothetical protein","2","2","1","1","299","","","","845","845","845","LIHGCB_00181","OBIBPL_00184"
"Large ribosomal subunit protein uL22","","Large ribosomal subunit protein uL22","2","2","1","1","310","","","","374","374","374","LIHGCB_00192","OBIBPL_00195"
"fliL","","Flagellar protein FliL","2","2","1","1","807","","","","548","548","548","LIHGCB_00720","OBIBPL_00719"
"Small ribosomal subunit protein uS4","","Small ribosomal subunit protein uS4","2","2","1","1","415","","","","614","614","614","LIHGCB_00309","OBIBPL_00311"
"Uncharacterized protein TP_0577","","Uncharacterized protein TP_0577","2","2","1","1","673","","","","1745","1769","1757","LIHGCB_00576","OBIBPL_00573"
"group_210","lysM","LysM domain protein","2","2","1","1","375","","","","602","602","602","LIHGCB_00264","OBIBPL_00266"
"group_211","hypothetical protein","hypothetical protein","2","2","1","1","233","","","","986","986","986","LIHGCB_00113","OBIBPL_00114"
"group_212","hypothetical protein","hypothetical protein","2","2","1","1","68","","","","278","278","278","LIHGCB_00962","OBIBPL_00959"
"Thiamine diphosphokinase","","Thiamine diphosphokinase","2","2","1","1","615","","","","692","692","692","LIHGCB_00517","OBIBPL_00514"
"group_214","hypothetical protein","hypothetical protein","2","2","1","1","691","","","","653","653","653","LIHGCB_00598","OBIBPL_00595"
"group_215","hypothetical protein","hypothetical protein","2","2","1","1","469","","","","335","335","335","LIHGCB_00370","OBIBPL_00368"
"group_216","hypothetical protein","hypothetical protein","2","2","1","1","330","","","","197","197","197","LIHGCB_00212","OBIBPL_00215"
"Uncharacterized protein TP_0483","","Uncharacterized protein TP_0483","2","2","1","1","582","","","","1124","1124","1124","LIHGCB_00478","OBIBPL_00475"
"group_218","hypothetical protein","hypothetical protein","2","2","1","1","454","","","","374","374","374","LIHGCB_00386","OBIBPL_00383"
"Chaperonin GroEL","","Chaperonin GroEL","2","2","1","1","153","","","","1634","1634","1634","LIHGCB_00030","OBIBPL_00030"
"group_22","Uncharacterized protein TP_0698","hypothetical protein","2","2","1","1","785","","","","458","554","506","LIHGCB_00697","OBIBPL_00696"
"Nitrogen fixation protein (NifU)","","Nitrogen fixation protein (NifU)","2","2","1","1","706","","","","443","443","443","LIHGCB_00614","OBIBPL_00611"
"DNA polymerase I","","DNA polymerase I","2","2","1","1","225","","","","2993","2993","2993","LIHGCB_00102","OBIBPL_00103"
"parB","","putative chromosome-partitioning protein ParB","2","2","1","1","388","","","","974","974","974","LIHGCB_00282","OBIBPL_00284"
"group_223","hypothetical protein","hypothetical protein","2","2","1","1","140","","","","1814","1814","1814","LIHGCB_00011","OBIBPL_00011"
"potA","","Spermidine/putrescine import ATP-binding protein PotA","2","2","1","1","741","","","","1127","1127","1127","LIHGCB_00649","OBIBPL_00648"
"Protein Tp75","","Protein Tp75","2","2","1","1","136","","","","1100","1100","1100","LIHGCB_00007","OBIBPL_00007"
"Putative transport protein TP_0553","","Putative transport protein TP_0553","2","2","1","1","650","","","","1211","1211","1211","LIHGCB_00553","OBIBPL_00550"
"recG","","ATP-dependent DNA helicase RecG","2","2","1","1","774","","","","2060","2060","2060","LIHGCB_00685","OBIBPL_00684"
"RNA polymerase sigma-54 factor","","RNA polymerase sigma-54 factor","2","2","1","1","231","","","","1427","1427","1427","LIHGCB_00111","OBIBPL_00112"
"group_229","hypothetical protein","hypothetical protein","2","2","1","1","130","","","","1394","1394","1394","LIHGCB_00001","OBIBPL_00001"
"Uncharacterized protein TP_0733","","Uncharacterized protein TP_0733","2","2","1","1","818","","","","632","638","635","LIHGCB_00731","OBIBPL_00730"
"group_230","hypothetical protein","hypothetical protein","2","2","1","1","965","","","","1457","1457","1457","LIHGCB_00881","OBIBPL_00879"
"Uncharacterized protein TP_0969","","Uncharacterized protein TP_0969","2","2","1","1","72","","","","1544","1544","1544","LIHGCB_00958","OBIBPL_00955"
"DUF2715 domain-containing protein","","DUF2715 domain-containing protein","2","2","1","1","784","","","","635","635","635","LIHGCB_00696","OBIBPL_00695"
"Uncharacterized protein TP_0941","","Uncharacterized protein TP_0941","2","2","1","1","101","","","","518","518","518","LIHGCB_00929","OBIBPL_00927"
"group_234","hypothetical protein","hypothetical protein","2","2","1","1","31","","","","890","890","890","LIHGCB_01001","OBIBPL_00998"
"group_235","hypothetical protein","hypothetical protein","2","2","1","1","42","","","","1238","1238","1238","LIHGCB_00990","OBIBPL_00987"
"group_236","hypothetical protein","hypothetical protein","2","2","1","1","172","","","","1067","1067","1067","LIHGCB_00049","OBIBPL_00049"
"flhB","","Flagellar biosynthetic protein FlhB","2","2","1","1","800","","","","1130","1130","1130","LIHGCB_00713","OBIBPL_00712"
"group_238","hypothetical protein","hypothetical protein","2","2","1","1","770","","","","1133","1133","1133","LIHGCB_00681","OBIBPL_00680"
"femA","","FemA protein, putative","2","2","1","1","885","","","","1463","1463","1463","LIHGCB_00801","OBIBPL_00800"
"group_24","hypothetical protein","hypothetical protein","2","2","1","1","838","","","","1337","1370","1353","LIHGCB_00751","OBIBPL_00750"
"1-deoxy-D-xylulose-5-phosphate synthase","","1-deoxy-D-xylulose-5-phosphate synthase","2","2","1","1","901","","","","1892","1892","1892","LIHGCB_00817","OBIBPL_00816"
"DNA-directed RNA polymerase subunit beta'","","DNA-directed RNA polymerase subunit beta'","2","2","1","1","358","","","","4250","4250","4250","LIHGCB_00247","OBIBPL_00249"
"group_242","hypothetical protein","hypothetical protein","2","2","1","1","792","","","","377","377","377","LIHGCB_00705","OBIBPL_00704"
"DNA-directed RNA polymerase subunit beta","","DNA-directed RNA polymerase subunit beta","2","2","1","1","357","","","","3536","3536","3536","LIHGCB_00246","OBIBPL_00248"
"histidine kinase","","histidine kinase","2","2","1","1","617","","","","1190","1190","1190","LIHGCB_00519","OBIBPL_00516"
"UDP-N-acetylmuramyl-tripeptide synthetase","","UDP-N-acetylmuramyl-tripeptide synthetase","2","2","1","1","109","","","","1622","1622","1622","LIHGCB_00920","OBIBPL_00918"
"CarD-like/TRCF RNAP-interacting domain-containing protein","","CarD-like/TRCF RNAP-interacting domain-containing protein","2","2","1","1","608","","","","611","611","611","LIHGCB_00510","OBIBPL_00507"
"group_247","hypothetical protein","hypothetical protein","2","2","1","1","525","","","","806","806","806","LIHGCB_00423","OBIBPL_00420"
"group_248","hypothetical protein","hypothetical protein","2","2","1","1","825","","","","713","713","713","LIHGCB_00738","OBIBPL_00737"
"Asparagine--tRNA ligase","","Asparagine--tRNA ligase","2","2","1","1","700","","","","1787","1787","1787","LIHGCB_00608","OBIBPL_00605"
"putative nucleoside-triphosphate diphosphatase","","putative nucleoside-triphosphate diphosphatase","2","2","1","1","861","","","","908","941","924","LIHGCB_00776","OBIBPL_00776"
"Small ribosomal subunit protein uS7","","Small ribosomal subunit protein uS7","2","2","1","1","360","","","","470","470","470","LIHGCB_00249","OBIBPL_00251"
"group_251","hypothetical protein","hypothetical protein","2","2","1","1","483","","","","290","290","290","LIHGCB_00356","OBIBPL_00354"
"Glyceraldehyde-3-phosphate dehydrogenase","","Glyceraldehyde-3-phosphate dehydrogenase","2","2","1","1","920","","","","1052","1052","1052","LIHGCB_00836","OBIBPL_00835"
"group_253","hypothetical protein","hypothetical protein","2","2","1","1","891","","","","1022","1022","1022","LIHGCB_00807","OBIBPL_00806"
"group_254","hypothetical protein","hypothetical protein","2","2","1","1","401","","","","833","833","833","LIHGCB_00295","OBIBPL_00297"
"group_255","hypothetical protein","hypothetical protein","2","2","1","1","522","","","","752","752","752","LIHGCB_00420","OBIBPL_00417"
"Nuclease SbcCD subunit C","","Nuclease SbcCD subunit C","2","2","1","1","719","","","","3143","3143","3143","LIHGCB_00624","OBIBPL_00622"
"TPR domain protein","","TPR domain protein","2","2","1","1","185","","","","305","305","305","LIHGCB_00062","OBIBPL_00062"
"group_258","hypothetical protein","hypothetical protein","2","2","1","1","675","","","","776","776","776","LIHGCB_00578","OBIBPL_00575"
"group_259","hypothetical protein","hypothetical protein","2","2","1","1","911","","","","2804","2804","2804","LIHGCB_00827","OBIBPL_00826"
"lptB","","Lipopolysaccharide export system ATP-binding protein LptB","2","2","1","1","869","","","","713","848","780","LIHGCB_00784","OBIBPL_00784"
"group_260","hypothetical protein","hypothetical protein","2","2","1","1","631","","","","1025","1025","1025","LIHGCB_00533","OBIBPL_00530"
"Tetratricopeptide repeat protein","","Tetratricopeptide repeat protein","2","2","1","1","142","","","","947","947","947","LIHGCB_00013","OBIBPL_00013"
"group_262","hypothetical protein","hypothetical protein","2","2","1","1","568","","","","1070","1070","1070","LIHGCB_00464","OBIBPL_00461"
"Conserved hypothetical integral membrane protein","","Conserved hypothetical integral membrane protein","2","2","1","1","957","","","","1097","1097","1097","LIHGCB_00873","OBIBPL_00871"
"endopeptidase La","","endopeptidase La","2","2","1","1","141","","","","2558","2558","2558","LIHGCB_00012","OBIBPL_00012"
"group_265","hypothetical protein","hypothetical protein","2","2","1","1","103","","","","236","236","236","LIHGCB_00927","OBIBPL_00925"
"group_266","hypothetical protein","hypothetical protein","2","2","1","1","100","","","","464","464","464","LIHGCB_00930","OBIBPL_00928"
"group_267","hypothetical protein","hypothetical protein","2","2","1","1","164","","","","1892","1892","1892","LIHGCB_00041","OBIBPL_00041"
"group_268","hypothetical protein","hypothetical protein","2","2","1","1","8","","","","1025","1025","1025","LIHGCB_01023","OBIBPL_01020"
"FMN hydroxy acid dehydrogenase domain-containing protein","","FMN hydroxy acid dehydrogenase domain-containing protein","2","2","1","1","402","","","","881","881","881","LIHGCB_00296","OBIBPL_00298"
"UPF0164 protein TP_0858","","UPF0164 protein TP_0858","2","2","1","1","932","","","","1118","1190","1154","LIHGCB_00848","OBIBPL_00847"
"nrnA","","Bifunctional oligoribonuclease and PAP phosphatase NrnA","2","2","1","1","538","","","","1082","1082","1082","LIHGCB_00435","OBIBPL_00432"
"SMF family protein","","SMF family protein","2","2","1","1","446","","","","908","908","908","LIHGCB_00394","OBIBPL_00391"
"Large ribosomal subunit protein uL18","","Large ribosomal subunit protein uL18","2","2","1","1","320","","","","362","362","362","LIHGCB_00202","OBIBPL_00205"
"group_273","hypothetical protein","hypothetical protein","2","2","1","1","968","","","","1022","1022","1022","LIHGCB_00884","OBIBPL_00882"
"Anti-sigma factor antagonist","","Anti-sigma factor antagonist","2","2","1","1","636","","","","365","365","365","LIHGCB_00539","OBIBPL_00536"
"group_275","hypothetical protein","hypothetical protein","2","2","1","1","348","","","","650","650","650","LIHGCB_00235","OBIBPL_00237"
"group_276","hypothetical protein","hypothetical protein","2","2","1","1","793","","","","515","515","515","LIHGCB_00706","OBIBPL_00705"
"Deoxyuridine 5'-triphosphate nucleotidohydrolase","","Deoxyuridine 5'-triphosphate nucleotidohydrolase","2","2","1","1","958","","","","440","440","440","LIHGCB_00874","OBIBPL_00872"
"Isoprenyl transferase","","Isoprenyl transferase","2","2","1","1","695","","","","686","686","686","LIHGCB_00602","OBIBPL_00599"
"lolD","","Lipoprotein-releasing system ATP-binding protein LolD","2","2","1","1","677","","","","680","680","680","LIHGCB_00580","OBIBPL_00577"
"group_28","hypothetical protein","hypothetical protein","2","2","1","1","935","","","","755","1466","1110","LIHGCB_00851","OBIBPL_00849"
"Alkyl hydroperoxide reductase C","","Alkyl hydroperoxide reductase C","2","2","1","1","606","","","","566","566","566","LIHGCB_00508","OBIBPL_00505"
"flaB1","","Flagellin FlaB1","2","2","1","1","943","","","","860","860","860","LIHGCB_00859","OBIBPL_00857"
"ftsH","","ATP-dependent zinc metalloprotease FtsH","2","2","1","1","848","","","","2027","2027","2027","LIHGCB_00761","OBIBPL_00760"
"group_283","hypothetical protein","hypothetical protein","2","2","1","1","297","","","","443","443","443","LIHGCB_00179","OBIBPL_00182"
"N-acetyltransferase domain-containing protein","","N-acetyltransferase domain-containing protein","2","2","1","1","893","","","","911","911","911","LIHGCB_00809","OBIBPL_00808"
"Antigen TpF1","","Antigen TpF1","2","2","1","1","4","","","","533","533","533","LIHGCB_01027","OBIBPL_01024"
"rfuB","","putative riboflavin import ATP-binding protein RfuB","2","2","1","1","409","","","","1757","1757","1757","LIHGCB_00303","OBIBPL_00305"
"DUF1007 domain-containing protein","","DUF1007 domain-containing protein","2","2","1","1","654","","","","713","713","713","LIHGCB_00557","OBIBPL_00554"
"group_288","hypothetical protein","hypothetical protein","2","2","1","1","112","","","","1469","1469","1469","LIHGCB_00917","OBIBPL_00915"
"Segregation and condensation protein A","","Segregation and condensation protein A","2","2","1","1","778","","","","758","758","758","LIHGCB_00689","OBIBPL_00688"
"Uncharacterized protein TP_1000","","Uncharacterized protein TP_1000","2","2","1","1","43","","","","539","560","549","LIHGCB_00989","OBIBPL_00986"
"group_290","hypothetical protein","hypothetical protein","2","2","1","1","473","","","","1334","1334","1334","LIHGCB_00366","OBIBPL_00364"
"Large ribosomal subunit protein bL28","","Large ribosomal subunit protein bL28","2","2","1","1","475","","","","236","236","236","LIHGCB_00364","OBIBPL_00362"
"group_292","hypothetical protein","hypothetical protein","2","2","1","1","915","","","","1007","1007","1007","LIHGCB_00831","OBIBPL_00830"
"dnaB","","Replicative DNA helicase DnaB","2","2","1","1","178","","","","1316","1316","1316","LIHGCB_00055","OBIBPL_00055"
"group_294","hypothetical protein","hypothetical protein","2","2","1","1","82","","","","389","389","389","LIHGCB_00948","OBIBPL_00945"
"group_295","hypothetical protein","hypothetical protein","2","2","1","1","426","","","","1898","1898","1898","LIHGCB_00414","OBIBPL_00411"
"V-type ATP synthase alpha chain 2","","V-type ATP synthase alpha chain 2","2","2","1","1","626","","","","1817","1817","1817","LIHGCB_00528","OBIBPL_00525"
"trkA","","TrkA family potassium uptake protein","2","2","1","1","259","","","","692","692","692","LIHGCB_00139","OBIBPL_00141"
"group_298","hypothetical protein","hypothetical protein","2","2","1","1","223","","","","410","410","410","LIHGCB_00100","OBIBPL_00101"
"Apolipoprotein N-acyltransferase 2","","Apolipoprotein N-acyltransferase 2","2","2","1","1","520","","","","1679","1679","1679","LIHGCB_00418","OBIBPL_00415"
"group_3","Solute-binding protein family 3/N-terminal domain-containing protein","Solute-binding protein family 3/N-terminal domain-containing protein","2","2","1","1","418","","","","218","818","518","LIHGCB_00312","OBIBPL_00314"
"group_30","hypothetical protein","hypothetical protein","2","2","1","1","29","","","","1862","1934","1898","LIHGCB_01003","OBIBPL_01000"
"troC","","transition metal ABC transporter permease subunit TroC","2","2","1","1","286","","","","896","896","896","LIHGCB_00167","OBIBPL_00170"
"Uncharacterized protein TP_0073","","Uncharacterized protein TP_0073","2","2","1","1","192","","","","1490","1490","1490","LIHGCB_00069","OBIBPL_00069"
"group_302","hypothetical protein","hypothetical protein","2","2","1","1","272","","","","467","467","467","LIHGCB_00153","OBIBPL_00156"
"S-adenosylmethionine synthase","","S-adenosylmethionine synthase","2","2","1","1","876","","","","1190","1190","1190","LIHGCB_00791","OBIBPL_00791"
"group_304","hypothetical protein","hypothetical protein","2","2","1","1","334","","","","1469","1469","1469","LIHGCB_00216","OBIBPL_00219"
"group_305","hypothetical protein","hypothetical protein","2","2","1","1","708","","","","272","272","272","LIHGCB_00318","OBIBPL_00613"
"group_306","hypothetical protein","hypothetical protein","2","2","1","1","430","","","","377","377","377","LIHGCB_00410","OBIBPL_00407"
"tRNA-specific adenosine deaminase","","tRNA-specific adenosine deaminase","2","2","1","1","391","","","","500","500","500","LIHGCB_00285","OBIBPL_00287"
"group_308","hypothetical protein","hypothetical protein","2","2","1","1","903","","","","962","962","962","LIHGCB_00819","OBIBPL_00818"
"Mannosylglycerate hydrolase MGH1-like glycoside hydrolase domain-containing protein","","Mannosylglycerate hydrolase MGH1-like glycoside hydrolase domain-containing protein","2","2","1","1","110","","","","1430","1430","1430","LIHGCB_00919","OBIBPL_00917"
"Valine--tRNA ligase","","Valine--tRNA ligase","2","2","1","1","7","","","","2870","2954","2912","LIHGCB_01024","OBIBPL_01021"
"group_310","hypothetical protein","hypothetical protein","2","2","1","1","147","","","","710","710","710","LIHGCB_00024","OBIBPL_00024"
"group_311","RNA helicase","RNA helicase","2","2","1","1","853","","","","1814","1814","1814","LIHGCB_00766","OBIBPL_00765"
"Putative adenosine/adenine deaminase","","Putative adenosine/adenine deaminase","2","2","1","1","165","","","","899","899","899","LIHGCB_00042","OBIBPL_00042"
"rsmD","","16S rRNA (Guanine(966)-N(2))-methyltransferase RsmD","2","2","1","1","184","","","","545","545","545","LIHGCB_00061","OBIBPL_00061"
"group_314","dnaK","Chaperone protein DnaK","2","2","1","1","332","","","","1907","1907","1907","LIHGCB_00214","OBIBPL_00217"
"cfpA","","cytoplasmic filament protein CfpA","2","2","1","1","833","","","","2036","2036","2036","LIHGCB_00746","OBIBPL_00745"
"group_316","hypothetical protein","hypothetical protein","2","2","1","1","212","","","","647","647","647","LIHGCB_00089","OBIBPL_00089"
"Pyrimidine 5'-nucleotidase","","Pyrimidine 5'-nucleotidase","2","2","1","1","280","","","","665","665","665","LIHGCB_00161","OBIBPL_00164"
"group_318","hypothetical protein","hypothetical protein","2","2","1","1","975","","","","881","881","881","LIHGCB_00890","OBIBPL_00888"
"Putative uracil phosphoribosyltransferase","","Putative uracil phosphoribosyltransferase","2","2","1","1","550","","","","1082","1082","1082","LIHGCB_00447","OBIBPL_00444"
"Magnesium/cobalt efflux protein","","Magnesium/cobalt efflux protein","2","2","1","1","738","","","","797","797","797","LIHGCB_00646","OBIBPL_00645"
"ribose-phosphate diphosphokinase","","ribose-phosphate diphosphokinase","2","2","1","1","404","","","","1265","1265","1265","LIHGCB_00298","OBIBPL_00300"
"Ribonuclease Z","","Ribonuclease Z","2","2","1","1","896","","","","926","926","926","LIHGCB_00812","OBIBPL_00811"
"Small ribosomal subunit protein uS15","","Small ribosomal subunit protein uS15","2","2","1","1","960","","","","269","269","269","LIHGCB_00876","OBIBPL_00874"
"khpB","","RNA-binding protein KhpB N-terminal domain-containing protein","2","2","1","1","795","","","","1970","1970","1970","LIHGCB_00708","OBIBPL_00707"
"group_325","hypothetical protein","hypothetical protein","2","2","1","1","279","","","","902","902","902","LIHGCB_00160","OBIBPL_00163"
"group_326","hypothetical protein","hypothetical protein","2","2","1","1","351","","","","179","179","179","LIHGCB_00240","OBIBPL_00242"
"Polynucleotide adenylyltransferase","","Polynucleotide adenylyltransferase","2","2","1","1","387","","","","1526","1526","1526","LIHGCB_00281","OBIBPL_00283"
"rodA","","Peptidoglycan glycosyltransferase RodA","2","2","1","1","599","","","","1301","1301","1301","LIHGCB_00498","OBIBPL_00495"
"Outer membrane protein","","Outer membrane protein","2","2","1","1","509","","","","518","518","518","LIHGCB_00328","OBIBPL_00326"
"tsaE","","tRNA threonylcarbamoyladenosine biosynthesis protein TsaE","2","2","1","1","948","","","","407","407","407","LIHGCB_00864","OBIBPL_00862"
"group_331","hypothetical protein","hypothetical protein","2","2","1","1","888","","","","764","764","764","LIHGCB_00804","OBIBPL_00803"
"Lon protease","","Lon protease","2","2","1","1","621","","","","2645","2645","2645","LIHGCB_00523","OBIBPL_00520"
"Uncharacterized protein TP_0374","","Uncharacterized protein TP_0374","2","2","1","1","463","","","","2318","2318","2318","LIHGCB_00377","OBIBPL_00374"
"AGCS family alanine or glycine:sodium (Na+) or proton (H+) symporter","","AGCS family alanine or glycine:sodium (Na+) or proton (H+) symporter","2","2","1","1","425","","","","1400","1400","1400","LIHGCB_00415","OBIBPL_00412"
"Lysine--tRNA ligase","","Lysine--tRNA ligase","2","2","1","1","734","","","","1586","1586","1586","LIHGCB_00642","OBIBPL_00641"
"group_336","hypothetical protein","hypothetical protein","2","2","1","1","416","","","","1028","1028","1028","LIHGCB_00310","OBIBPL_00312"
"fliP","","Flagellar biosynthetic protein FliP","2","2","1","1","803","","","","815","815","815","LIHGCB_00716","OBIBPL_00715"
"group_338","hypothetical protein","hypothetical protein","2","2","1","1","894","","","","644","644","644","LIHGCB_00810","OBIBPL_00809"
"group_339","hypothetical protein","hypothetical protein","2","2","1","1","187","","","","1022","1022","1022","LIHGCB_00064","OBIBPL_00064"
"hypothetical protein","","hypothetical protein","2","2","1","1","632","","","","284","284","284","LIHGCB_00534","OBIBPL_00531"
"group_341","hypothetical protein","hypothetical protein","2","2","1","1","331","","","","683","683","683","LIHGCB_00213","OBIBPL_00216"
"UvrABC system protein A","","UvrABC system protein A","2","2","1","1","611","","","","2930","2930","2930","LIHGCB_00513","OBIBPL_00510"
"Purine nucleoside phosphorylase DeoD-type","","Purine nucleoside phosphorylase DeoD-type","2","2","1","1","819","","","","701","701","701","LIHGCB_00732","OBIBPL_00731"
"PTS EIIA type-2 domain-containing protein","","PTS EIIA type-2 domain-containing protein","2","2","1","1","204","","","","446","446","446","LIHGCB_00081","OBIBPL_00081"
"TPR repeat-containing protein TP_0123","","TPR repeat-containing protein TP_0123","2","2","1","1","244","","","","2543","2543","2543","LIHGCB_00124","OBIBPL_00125"
"NAD 5'-nucleotidase","","NAD 5'-nucleotidase","2","2","1","1","224","","","","1628","1628","1628","LIHGCB_00101","OBIBPL_00102"
"group_347","hypothetical protein","hypothetical protein","2","2","1","1","786","","","","392","392","392","LIHGCB_00698","OBIBPL_00697"
"Uncharacterized protein TP_0629","","Uncharacterized protein TP_0629","2","2","1","1","721","","","","812","812","812","LIHGCB_00626","OBIBPL_00624"
"group_349","hypothetical protein","hypothetical protein","2","2","1","1","249","","","","269","269","269","LIHGCB_00129","OBIBPL_00130"
"DUF1361 domain-containing protein","","DUF1361 domain-containing protein","2","2","1","1","155","","","","611","611","611","LIHGCB_00032","OBIBPL_00032"
"group_351","Tetratricopeptide repeat protein","Tetratricopeptide repeat protein","2","2","1","1","98","","","","1172","1172","1172","LIHGCB_00932","OBIBPL_00930"
"N-acetylneuraminate synthase","","N-acetylneuraminate synthase","2","2","1","1","659","","","","1136","1136","1136","LIHGCB_00562","OBIBPL_00559"
"V-type ATP synthase beta chain","","V-type ATP synthase beta chain","2","2","1","1","529","","","","1292","1292","1292","LIHGCB_00427","OBIBPL_00424"
"Flagellar filament outer layer protein","","Flagellar filament outer layer protein","2","2","1","1","365","","","","1052","1052","1052","LIHGCB_00254","OBIBPL_00256"
"group_355","hypothetical protein","hypothetical protein","2","2","1","1","567","","","","797","797","797","LIHGCB_00463","OBIBPL_00460"
"Tyrosine--tRNA ligase","","Tyrosine--tRNA ligase","2","2","1","1","910","","","","1250","1250","1250","LIHGCB_00826","OBIBPL_00825"
"DUF4139 domain-containing protein","","DUF4139 domain-containing protein","2","2","1","1","557","","","","974","974","974","LIHGCB_00454","OBIBPL_00451"
"Uncharacterized protein TP_0900","","Uncharacterized protein TP_0900","2","2","1","1","973","","","","2960","2960","2960","LIHGCB_00888","OBIBPL_00886"
"Alanine--tRNA ligase","","Alanine--tRNA ligase","2","2","1","1","26","","","","1931","1931","1931","LIHGCB_01006","OBIBPL_01003"
"group_360","hypothetical protein","hypothetical protein","2","2","1","1","484","","","","626","626","626","LIHGCB_00355","OBIBPL_00353"
"group_361","hypothetical protein","hypothetical protein","2","2","1","1","38","","","","1718","1718","1718","LIHGCB_00994","OBIBPL_00991"
"UDP-N-acetylenolpyruvoylglucosamine reductase","","UDP-N-acetylenolpyruvoylglucosamine reductase","2","2","1","1","209","","","","1064","1064","1064","LIHGCB_00086","OBIBPL_00086"
"tRNA N6-adenosine threonylcarbamoyltransferase","","tRNA N6-adenosine threonylcarbamoyltransferase","2","2","1","1","767","","","","1058","1058","1058","LIHGCB_00678","OBIBPL_00677"
"OmpA-like domain-containing protein","","OmpA-like domain-containing protein","2","2","1","1","716","","","","1427","1427","1427","LIHGCB_00621","OBIBPL_00619"
"group_365","flaB1","Flagellin FlaB1","2","2","1","1","944","","","","857","857","857","LIHGCB_00860","OBIBPL_00858"
"Hexokinase","","Hexokinase","2","2","1","1","602","","","","1334","1334","1334","LIHGCB_00501","OBIBPL_00498"
"Aspartyl/glutamyl-tRNA(Asn/Gln) amidotransferase subunit B","","Aspartyl/glutamyl-tRNA(Asn/Gln) amidotransferase subunit B","2","2","1","1","22","","","","1529","1529","1529","LIHGCB_01010","OBIBPL_01007"
"cheA","","Chemotaxis protein CheA","2","2","1","1","474","","","","2432","2432","2432","LIHGCB_00365","OBIBPL_00363"
"group_369","hypothetical protein","hypothetical protein","2","2","1","1","987","","","","386","386","386","LIHGCB_00902","OBIBPL_00900"
"group_370","hypothetical protein","hypothetical protein","2","2","1","1","597","","","","506","506","506","LIHGCB_00496","OBIBPL_00493"
"znuC","","High-affinity zinc uptake system ATP-binding protein ZnuC","2","2","1","1","157","","","","716","716","716","LIHGCB_00034","OBIBPL_00034"
"group_372","hypothetical protein","hypothetical protein","2","2","1","1","294","","","","1328","1328","1328","LIHGCB_00176","OBIBPL_00179"
"DNA polymerase III subunit alpha","","DNA polymerase III subunit alpha","2","2","1","1","757","","","","3512","3512","3512","LIHGCB_00666","OBIBPL_00665"
"group_374","hypothetical protein","hypothetical protein","2","2","1","1","451","","","","815","815","815","LIHGCB_00389","OBIBPL_00386"
"xerD","","Integrase/recombinase XerD","2","2","1","1","448","","","","920","920","920","LIHGCB_00392","OBIBPL_00389"
"Uncharacterized protein TP_0376","","Uncharacterized protein TP_0376","2","2","1","1","461","","","","896","896","896","LIHGCB_00379","OBIBPL_00376"
"putative tRNA sulfurtransferase","","putative tRNA sulfurtransferase","2","2","1","1","656","","","","1205","1205","1205","LIHGCB_00559","OBIBPL_00556"
"Uncharacterized protein TP_0777","","Uncharacterized protein TP_0777","2","2","1","1","860","","","","224","224","224","LIHGCB_00775","OBIBPL_00775"
"group_379","hypothetical protein","hypothetical protein","2","2","1","1","542","","","","1151","1151","1151","LIHGCB_00439","OBIBPL_00436"
"Pseudouridylate synthase","","Pseudouridylate synthase","2","2","1","1","276","","","","1100","1100","1100","LIHGCB_00157","OBIBPL_00160"
"group_381","hypothetical protein","hypothetical protein","2","2","1","1","628","","","","317","317","317","LIHGCB_00530","OBIBPL_00527"
"group_382","hypothetical protein","hypothetical protein","2","2","1","1","729","","","","434","434","434","LIHGCB_00634","OBIBPL_00632"
"Uncharacterized AAA domain-containing protein ycf46","","Uncharacterized AAA domain-containing protein ycf46","2","2","1","1","507","","","","1796","1796","1796","LIHGCB_00331","OBIBPL_00329"
"group_384","hypothetical protein","hypothetical protein","2","2","1","1","503","","","","464","464","464","LIHGCB_00336","OBIBPL_00334"
"6-phosphogluconate dehydrogenase, decarboxylating","","6-phosphogluconate dehydrogenase, decarboxylating","2","2","1","1","506","","","","1466","1466","1466","LIHGCB_00333","OBIBPL_00331"
"Putative membrane protein insertion efficiency factor","","Putative membrane protein insertion efficiency factor","2","2","1","1","92","","","","284","284","284","LIHGCB_00938","OBIBPL_00936"
"Ribosomal RNA small subunit methyltransferase H","","Ribosomal RNA small subunit methyltransferase H","2","2","1","1","455","","","","1139","1139","1139","LIHGCB_00385","OBIBPL_00382"
"group_388","hypothetical protein","hypothetical protein","2","2","1","1","580","","","","488","488","488","LIHGCB_00476","OBIBPL_00473"
"group_389","hypothetical protein","hypothetical protein","2","2","1","1","298","","","","638","638","638","LIHGCB_00180","OBIBPL_00183"
"group_390","hypothetical protein","hypothetical protein","2","2","1","1","170","","","","608","608","608","LIHGCB_00047","OBIBPL_00047"
"group_391","hypothetical protein","hypothetical protein","2","2","1","1","113","","","","212","212","212","LIHGCB_00916","OBIBPL_00914"
"HAD family hydrolase","","HAD family hydrolase","2","2","1","1","432","","","","656","656","656","LIHGCB_00408","OBIBPL_00405"
"group_393","hypothetical protein","hypothetical protein","2","2","1","1","207","","","","614","614","614","LIHGCB_00084","OBIBPL_00084"
"5'-methylthioadenosine/S-adenosylhomocysteine nucleosidase","","5'-methylthioadenosine/S-adenosylhomocysteine nucleosidase","2","2","1","1","290","","","","809","809","809","LIHGCB_00172","OBIBPL_00175"
"2,3-bisphosphoglycerate-dependent phosphoglycerate mutase","","2,3-bisphosphoglycerate-dependent phosphoglycerate mutase","2","2","1","1","289","","","","755","755","755","LIHGCB_00170","OBIBPL_00173"
"fliE","","Flagellar hook-basal body complex protein FliE","2","2","1","1","441","","","","374","374","374","LIHGCB_00399","OBIBPL_00396"
"group_397","hypothetical protein","hypothetical protein","2","2","1","1","434","","","","242","242","242","LIHGCB_00406","OBIBPL_00403"
"Ribonucleoside-diphosphate reductase subunit beta","","Ribonucleoside-diphosphate reductase subunit beta","2","2","1","1","173","","","","1055","1055","1055","LIHGCB_00050","OBIBPL_00050"
"group_399","hypothetical protein","hypothetical protein","2","2","1","1","367","","","","317","317","317","LIHGCB_00256","OBIBPL_00258"
"group_400","hypothetical protein","hypothetical protein","2","2","1","1","479","","","","1580","1580","1580","LIHGCB_00360","OBIBPL_00358"
"group_401","clpA","ClpA","2","2","1","1","646","","","","2444","2444","2444","LIHGCB_00548","OBIBPL_00545"
"group_402","hypothetical protein","hypothetical protein","2","2","1","1","986","","","","182","182","182","LIHGCB_00901","OBIBPL_00899"
"Flagellar hook-associated protein 3","","Flagellar hook-associated protein 3","2","2","1","1","747","","","","1250","1250","1250","LIHGCB_00655","OBIBPL_00654"
"AAA+ ATPase domain-containing protein","","AAA+ ATPase domain-containing protein","2","2","1","1","942","","","","1940","1940","1940","LIHGCB_00858","OBIBPL_00856"
"Flagellar hook capping protein","","Flagellar hook capping protein","2","2","1","1","813","","","","461","461","461","LIHGCB_00726","OBIBPL_00725"
"ftsA","","Cell division protein FtsA","2","2","1","1","450","","","","1244","1244","1244","LIHGCB_00390","OBIBPL_00387"
"Uncharacterized protein TP_0552","","Uncharacterized protein TP_0552","2","2","1","1","649","","","","533","533","533","LIHGCB_00551","OBIBPL_00548"
"csrA","","Translational regulator CsrA","2","2","1","1","745","","","","221","221","221","LIHGCB_00653","OBIBPL_00652"
"ABC3 transporter permease protein domain-containing protein","","ABC3 transporter permease protein domain-containing protein","2","2","1","1","676","","","","1289","1289","1289","LIHGCB_00579","OBIBPL_00576"
"J domain-containing protein","","J domain-containing protein","2","2","1","1","660","","","","407","407","407","LIHGCB_00563","OBIBPL_00560"
"Endonuclease III","","Endonuclease III","2","2","1","1","857","","","","635","635","635","LIHGCB_00772","OBIBPL_00772"
"Transcription termination factor Rho","","Transcription termination factor Rho","2","2","1","1","370","","","","1559","1559","1559","LIHGCB_00259","OBIBPL_00261"
"Treponemal membrane protein B","","Treponemal membrane protein B","2","2","1","1","852","","","","977","977","977","LIHGCB_00765","OBIBPL_00764"
"DNA 3'-5' helicase","","DNA 3'-5' helicase","2","2","1","1","458","","","","1820","1820","1820","LIHGCB_00382","OBIBPL_00379"
"Methionine--tRNA ligase","","Methionine--tRNA ligase","2","2","1","1","879","","","","2435","2435","2435","LIHGCB_00794","OBIBPL_00794"
"1-deoxy-D-xylulose 5-phosphate reductoisomerase","","1-deoxy-D-xylulose 5-phosphate reductoisomerase","2","2","1","1","693","","","","1130","1130","1130","LIHGCB_00600","OBIBPL_00597"
"troA","","transition metal ABC transporter substrate-binding protein TroA","2","2","1","1","284","","","","926","926","926","LIHGCB_00165","OBIBPL_00168"
"34 kDa membrane antigen","","34 kDa membrane antigen","2","2","1","1","71","","","","614","614","614","LIHGCB_00959","OBIBPL_00956"
"TRAP-T family tripartite ATP-independent periplasmic transporter, membrane protein","","TRAP-T family tripartite ATP-independent periplasmic transporter, membrane protein","2","2","1","1","83","","","","1898","1898","1898","LIHGCB_00947","OBIBPL_00944"
"group_420","hypothetical protein","hypothetical protein","2","2","1","1","512","","","","950","950","950","LIHGCB_00325","OBIBPL_00323"
"group_421","hypothetical protein","hypothetical protein","2","2","1","1","717","","","","638","638","638","LIHGCB_00622","OBIBPL_00620"
"WecB/TagA/CpsF family glycosyl transferase","","WecB/TagA/CpsF family glycosyl transferase","2","2","1","1","392","","","","749","749","749","LIHGCB_00286","OBIBPL_00288"
"putative nicotinate-nucleotide adenylyltransferase","","putative nicotinate-nucleotide adenylyltransferase","2","2","1","1","826","","","","614","614","614","LIHGCB_00739","OBIBPL_00738"
"Ribosomal RNA small subunit methyltransferase I","","Ribosomal RNA small subunit methyltransferase I","2","2","1","1","67","","","","824","824","824","LIHGCB_00963","OBIBPL_00960"
"group_425","hypothetical protein","hypothetical protein","2","2","1","1","313","","","","218","218","218","LIHGCB_00195","OBIBPL_00198"
"pfoR","","putative regulatory protein PfoR","2","2","1","1","160","","","","1052","1052","1052","LIHGCB_00037","OBIBPL_00037"
"lytR","","LytR family transcriptional regulator","2","2","1","1","824","","","","1196","1196","1196","LIHGCB_00737","OBIBPL_00736"
"RNA helicase","","RNA helicase","2","2","1","1","623","","","","2006","2006","2006","LIHGCB_00525","OBIBPL_00522"
"Tpr protein H","","Tpr protein H","2","2","1","1","701","","","","2081","2081","2081","LIHGCB_00609","OBIBPL_00606"
"Diadenylate cyclase","","Diadenylate cyclase","2","2","1","1","902","","","","821","821","821","LIHGCB_00818","OBIBPL_00817"
"DNA adenine methylase","","DNA adenine methylase","2","2","1","1","889","","","","911","911","911","LIHGCB_00805","OBIBPL_00804"
"troB","","transition metal ABC transporter ATP-binding protein TroB","2","2","1","1","285","","","","800","800","800","LIHGCB_00166","OBIBPL_00169"
"Uncharacterized protein TP_0762","","Uncharacterized protein TP_0762","2","2","1","1","845","","","","1151","1151","1151","LIHGCB_00758","OBIBPL_00757"
"fliQ","","Flagellar biosynthetic protein FliQ","2","2","1","1","802","","","","281","281","281","LIHGCB_00715","OBIBPL_00714"
"group_435","hypothetical protein","hypothetical protein","2","2","1","1","86","","","","293","293","293","LIHGCB_00944","OBIBPL_00941"
"group_436","hypothetical protein","hypothetical protein","2","2","1","1","923","","","","335","335","335","LIHGCB_00839","OBIBPL_00838"
"group_437","Anti-sigma factor antagonist","Anti-sigma factor antagonist","2","2","1","1","349","","","","545","545","545","LIHGCB_00236","OBIBPL_00238"
"Signal peptide peptidase A","","Signal peptide peptidase A","2","2","1","1","46","","","","1796","1796","1796","LIHGCB_00986","OBIBPL_00983"
"group_439","hypothetical protein","hypothetical protein","2","2","1","1","368","","","","1640","1640","1640","LIHGCB_00257","OBIBPL_00259"
"Peptide chain release factor 1","","Peptide chain release factor 1","2","2","1","1","171","","","","1055","1055","1055","LIHGCB_00048","OBIBPL_00048"
"group_441","hypothetical protein","hypothetical protein","2","2","1","1","916","","","","2249","2249","2249","LIHGCB_00832","OBIBPL_00831"
"group_442","hypothetical protein","hypothetical protein","2","2","1","1","489","","","","530","530","530","LIHGCB_00350","OBIBPL_00348"
"Small ribosomal subunit protein uS13","","Small ribosomal subunit protein uS13","2","2","1","1","326","","","","365","365","365","LIHGCB_00208","OBIBPL_00211"
"group_444","hypothetical protein","hypothetical protein","2","2","1","1","133","","","","437","437","437","LIHGCB_00004","OBIBPL_00004"
"group_445","hypothetical protein","hypothetical protein","2","2","1","1","963","","","","380","380","380","LIHGCB_00879","OBIBPL_00877"
"group_446","hypothetical protein","hypothetical protein","2","2","1","1","199","","","","467","467","467","LIHGCB_00076","OBIBPL_00076"
"group_447","hypothetical protein","hypothetical protein","2","2","1","1","397","","","","560","560","560","LIHGCB_00291","OBIBPL_00293"
"Large ribosomal subunit protein bL21","","Large ribosomal subunit protein bL21","2","2","1","1","830","","","","317","317","317","LIHGCB_00743","OBIBPL_00742"
"Ribosome-recycling factor","","Ribosome-recycling factor","2","2","1","1","696","","","","551","551","551","LIHGCB_00603","OBIBPL_00600"
"group_450","hypothetical protein","hypothetical protein","2","2","1","1","627","","","","626","626","626","LIHGCB_00529","OBIBPL_00526"
"Fructose-1,6-bisphosphate aldolase, class II","","Fructose-1,6-bisphosphate aldolase, class II","2","2","1","1","750","","","","998","998","998","LIHGCB_00658","OBIBPL_00657"
"Motility protein A","","Motility protein A","2","2","1","1","810","","","","779","779","779","LIHGCB_00723","OBIBPL_00722"
"Ethanolaminephosphotransferase","","Ethanolaminephosphotransferase","2","2","1","1","758","","","","1001","1001","1001","LIHGCB_00668","OBIBPL_00667"
"Amino acid ABC transporter, periplasmic binding protein (HisJ)","","Amino acid ABC transporter, periplasmic binding protein (HisJ)","2","2","1","1","417","","","","965","965","965","LIHGCB_00311","OBIBPL_00313"
"Histidine--tRNA ligase","","Histidine--tRNA ligase","2","2","1","1","731","","","","1403","1403","1403","LIHGCB_00639","OBIBPL_00638"
"group_456","hypothetical protein","hypothetical protein","2","2","1","1","336","","","","158","158","158","LIHGCB_00218","OBIBPL_00221"
"Membrane lipoprotein TpN32","","Membrane lipoprotein TpN32","2","2","1","1","898","","","","806","806","806","LIHGCB_00814","OBIBPL_00813"
"Large ribosomal subunit protein uL2","","Large ribosomal subunit protein uL2","2","2","1","1","308","","","","821","821","821","LIHGCB_00190","OBIBPL_00193"
"UvrABC system protein C","","UvrABC system protein C","2","2","1","1","572","","","","2075","2075","2075","LIHGCB_00468","OBIBPL_00465"
"Putative periplasmic serine endoprotease DegP-like","","Putative periplasmic serine endoprotease DegP-like","2","2","1","1","917","","","","1574","1574","1574","LIHGCB_00833","OBIBPL_00832"
"group_461","hypothetical protein","hypothetical protein","2","2","1","1","859","","","","776","776","776","LIHGCB_00774","OBIBPL_00774"
"rfuD","","putative riboflavin import permease protein RfuD","2","2","1","1","411","","","","941","941","941","LIHGCB_00305","OBIBPL_00307"
"Small ribosomal subunit protein uS10","","Small ribosomal subunit protein uS10","2","2","1","1","304","","","","308","308","308","LIHGCB_00186","OBIBPL_00189"
"ruvB","","Holliday junction branch migration complex subunit RuvB","2","2","1","1","283","","","","1052","1052","1052","LIHGCB_00164","OBIBPL_00167"
"HPr kinase/phosphorylase","","HPr kinase/phosphorylase","2","2","1","1","684","","","","1034","1034","1034","LIHGCB_00587","OBIBPL_00584"
"Small ribosomal subunit protein bS18","","Small ribosomal subunit protein bS18","2","2","1","1","180","","","","299","299","299","LIHGCB_00057","OBIBPL_00057"
"Hypothetical outer membrane protein","","Hypothetical outer membrane protein","2","2","1","1","511","","","","4406","4406","4406","LIHGCB_00326","OBIBPL_00324"
"group_468","hypothetical protein","hypothetical protein","2","2","1","1","91","","","","401","401","401","LIHGCB_00939","OBIBPL_00937"
"group_469","hypothetical protein","hypothetical protein","2","2","1","1","156","","","","956","956","956","LIHGCB_00033","OBIBPL_00033"
"group_470","hypothetical protein","hypothetical protein","2","2","1","1","438","","","","929","929","929","LIHGCB_00402","OBIBPL_00399"
"group_471","hypothetical protein","hypothetical protein","2","2","1","1","132","","","","989","989","989","LIHGCB_00003","OBIBPL_00003"
"group_472","hypothetical protein","hypothetical protein","2","2","1","1","839","","","","689","689","689","LIHGCB_00752","OBIBPL_00751"
"Small ribosomal subunit protein uS19","","Small ribosomal subunit protein uS19","2","2","1","1","309","","","","287","287","287","LIHGCB_00191","OBIBPL_00194"
"fliG","","Flagellar motor switch protein FliG","2","2","1","1","439","","","","1058","1058","1058","LIHGCB_00401","OBIBPL_00398"
"pknD","","Serine/threonine-protein kinase PknD","2","2","1","1","523","","","","2018","2018","2018","LIHGCB_00421","OBIBPL_00418"
"Methionine ABC superfamily ATP binding cassette transporter, membrane protein","","Methionine ABC superfamily ATP binding cassette transporter, membrane protein","2","2","1","1","240","","","","659","659","659","LIHGCB_00120","OBIBPL_00121"
"MurNAc-LAA domain-containing protein","","MurNAc-LAA domain-containing protein","2","2","1","1","363","","","","1031","1031","1031","LIHGCB_00252","OBIBPL_00254"
"Translation initiation factor IF-3","","Translation initiation factor IF-3","2","2","1","1","926","","","","521","521","521","LIHGCB_00842","OBIBPL_00841"
"group_479","hypothetical protein","hypothetical protein","2","2","1","1","154","","","","824","824","824","LIHGCB_00031","OBIBPL_00031"
"Small ribosomal subunit protein uS17","","Small ribosomal subunit protein uS17","2","2","1","1","314","","","","269","269","269","LIHGCB_00196","OBIBPL_00199"
"group_481","hypothetical protein","hypothetical protein","2","2","1","1","427","","","","305","305","305","LIHGCB_00413","OBIBPL_00410"
"Putative glutamine-dependent NAD(+) synthetase","","Putative glutamine-dependent NAD(+) synthetase","2","2","1","1","863","","","","2024","2024","2024","LIHGCB_00778","OBIBPL_00778"
"group_483","hypothetical protein","hypothetical protein","2","2","1","1","51","","","","146","146","146","LIHGCB_00979","OBIBPL_00976"
"clpB","","Chaperone protein ClpB","2","2","1","1","190","","","","2636","2636","2636","LIHGCB_00067","OBIBPL_00067"
"ABC transmembrane type-1 domain-containing protein","","ABC transmembrane type-1 domain-containing protein","2","2","1","1","743","","","","818","818","818","LIHGCB_00651","OBIBPL_00650"
"Large ribosomal subunit protein uL16","","Large ribosomal subunit protein uL16","2","2","1","1","312","","","","419","419","419","LIHGCB_00194","OBIBPL_00197"
"group_487","hypothetical protein","hypothetical protein","2","2","1","1","864","","","","950","950","950","LIHGCB_00779","OBIBPL_00779"
"Ribose/galactose ABC transporter, ATP-binding protein (RbsA-2)","","Ribose/galactose ABC transporter, ATP-binding protein (RbsA-2)","2","2","1","1","514","","","","1601","1601","1601","LIHGCB_00323","OBIBPL_00321"
"Oligopeptide ABC superfamily ATP binding cassette transporter, membrane/binding protein","","Oligopeptide ABC superfamily ATP binding cassette transporter, membrane/binding protein","2","2","1","1","680","","","","1643","1643","1643","LIHGCB_00583","OBIBPL_00580"
"group_490","hypothetical protein","hypothetical protein","2","2","1","1","808","","","","131","131","131","LIHGCB_00721","OBIBPL_00720"
"hflC","","Protein HflC","2","2","1","1","234","","","","995","995","995","LIHGCB_00114","OBIBPL_00115"
"group_492","hypothetical protein","hypothetical protein","2","2","1","1","491","","","","710","710","710","LIHGCB_00348","OBIBPL_00346"
"group_493","hypothetical protein","hypothetical protein","2","2","1","1","40","","","","947","947","947","LIHGCB_00992","OBIBPL_00989"
"tetrahydrofolate synthase","","tetrahydrofolate synthase","2","2","1","1","498","","","","1472","1472","1472","LIHGCB_00341","OBIBPL_00339"
"Phosphomannomutase (ManB)","","Phosphomannomutase (ManB)","2","2","1","1","732","","","","1760","1760","1760","LIHGCB_00640","OBIBPL_00639"
"group_496","hypothetical protein","hypothetical protein","2","2","1","1","179","","","","470","470","470","LIHGCB_00056","OBIBPL_00056"
"group_497","hypothetical protein","hypothetical protein","2","2","1","1","191","","","","272","272","272","LIHGCB_00068","OBIBPL_00068"
"GTPase Era","","GTPase Era","2","2","1","1","637","","","","959","959","959","LIHGCB_00540","OBIBPL_00537"
"group_499","hypothetical protein","hypothetical protein","2","2","1","1","135","","","","185","185","185","LIHGCB_00006","OBIBPL_00006"
"clpA","","ATP-dependent Clp protease ATP-binding subunit ClpA","2","2","1","1","881","","","","152","2429","1290","LIHGCB_00796","OBIBPL_00796"
"group_500","hypothetical protein","hypothetical protein","2","2","1","1","364","","","","473","473","473","LIHGCB_00253","OBIBPL_00255"
"Pyruvate-flavodoxin oxidoreductase","","Pyruvate-flavodoxin oxidoreductase","2","2","1","1","102","","","","3554","3554","3554","LIHGCB_00928","OBIBPL_00926"
"Efflux RND transporter periplasmic adaptor subunit","","Efflux RND transporter periplasmic adaptor subunit","2","2","1","1","76","","","","962","962","962","LIHGCB_00954","OBIBPL_00951"
"dnaK","","DnaK suppressor, putative","2","2","1","1","215","","","","362","362","362","LIHGCB_00092","OBIBPL_00092"
"rpoD","","RNA polymerase sigma factor RpoD","2","2","1","1","592","","","","1832","1832","1832","LIHGCB_00490","OBIBPL_00487"
"Large ribosomal subunit protein uL10","","Large ribosomal subunit protein uL10","2","2","1","1","355","","","","542","542","542","LIHGCB_00244","OBIBPL_00246"
"group_506","hypothetical protein","hypothetical protein","2","2","1","1","723","","","","1274","1274","1274","LIHGCB_00628","OBIBPL_00626"
"4-hydroxy-3-methylbut-2-en-1-yl diphosphate synthase (flavodoxin)","","4-hydroxy-3-methylbut-2-en-1-yl diphosphate synthase (flavodoxin)","2","2","1","1","548","","","","1259","1259","1259","LIHGCB_00445","OBIBPL_00442"
"flgC","","Flagellar basal-body rod protein FlgC","2","2","1","1","442","","","","455","455","455","LIHGCB_00398","OBIBPL_00395"
"group_509","hypothetical protein","hypothetical protein","2","2","1","1","780","","","","1322","1322","1322","LIHGCB_00692","OBIBPL_00691"
"HD-GYP domain-containing protein","","HD-GYP domain-containing protein","2","2","1","1","847","","","","1175","1175","1175","LIHGCB_00760","OBIBPL_00759"
"group_511","hypothetical protein","hypothetical protein","2","2","1","1","937","","","","131","131","131","LIHGCB_00853","OBIBPL_00851"
"Uncharacterized protein TP_1032","","Uncharacterized protein TP_1032","2","2","1","1","10","","","","434","434","434","LIHGCB_01021","OBIBPL_01018"
"Flavodoxin","","Flavodoxin","2","2","1","1","115","","","","440","440","440","LIHGCB_00914","OBIBPL_00912"
"group_514","hypothetical protein","hypothetical protein","2","2","1","1","203","","","","233","233","233","LIHGCB_00080","OBIBPL_00080"
"Peptide methionine sulfoxide reductase MsrB/MsrA","","Peptide methionine sulfoxide reductase MsrB/MsrA","2","2","1","1","725","","","","875","875","875","LIHGCB_00630","OBIBPL_00628"
"DNA primase","","DNA primase","2","2","1","1","591","","","","1817","1817","1817","LIHGCB_00489","OBIBPL_00486"
"group_517","Tetratricopeptide repeat protein","Tetratricopeptide repeat protein","2","2","1","1","737","","","","1976","1976","1976","LIHGCB_00645","OBIBPL_00644"
"group_518","hypothetical protein","hypothetical protein","2","2","1","1","862","","","","644","644","644","LIHGCB_00777","OBIBPL_00777"
"DNA topoisomerase 1","","DNA topoisomerase 1","2","2","1","1","445","","","","2195","2195","2195","LIHGCB_00395","OBIBPL_00392"
"group_520","hypothetical protein","hypothetical protein","2","2","1","1","546","","","","1028","1028","1028","LIHGCB_00443","OBIBPL_00440"
"group_521","hypothetical protein","hypothetical protein","2","2","1","1","756","","","","602","602","602","LIHGCB_00665","OBIBPL_00664"
"Small ribosomal subunit protein bS20","","Small ribosomal subunit protein bS20","2","2","1","1","366","","","","287","287","287","LIHGCB_00255","OBIBPL_00257"
"group_523","hypothetical protein","hypothetical protein","2","2","1","1","921","","","","533","533","533","LIHGCB_00837","OBIBPL_00836"
"group_524","hypothetical protein","hypothetical protein","2","2","1","1","976","","","","1598","1598","1598","LIHGCB_00891","OBIBPL_00889"
"RNA polymerase sigma-24 factor (RpoE)","","RNA polymerase sigma-24 factor (RpoE)","2","2","1","1","211","","","","539","539","539","LIHGCB_00088","OBIBPL_00088"
"Tryptophan--tRNA ligase","","Tryptophan--tRNA ligase","2","2","1","1","724","","","","1013","1013","1013","LIHGCB_00629","OBIBPL_00627"
"Uncharacterized protein TP_0598","","Uncharacterized protein TP_0598","2","2","1","1","690","","","","2120","2120","2120","LIHGCB_00597","OBIBPL_00594"
"C-terminal processing peptidase","","C-terminal processing peptidase","2","2","1","1","394","","","","1346","1346","1346","LIHGCB_00288","OBIBPL_00290"
"group_529","hypothetical protein","hypothetical protein","2","2","1","1","247","","","","671","671","671","LIHGCB_00127","OBIBPL_00128"
"group_530","hypothetical protein","hypothetical protein","2","2","1","1","927","","","","2168","2168","2168","LIHGCB_00843","OBIBPL_00842"
"UDP-N-acetylglucosamine--N-acetylmuramyl-(pentapeptide) pyrophosphoryl-undecaprenol N-acetylglucosamine transferase","","UDP-N-acetylglucosamine--N-acetylmuramyl-(pentapeptide) pyrophosphoryl-undecaprenol N-acetylglucosamine transferase","2","2","1","1","620","","","","1154","1154","1154","LIHGCB_00522","OBIBPL_00519"
"group_532","hypothetical protein","hypothetical protein","2","2","1","1","878","","","","791","791","791","LIHGCB_00793","OBIBPL_00793"
"DMT superfamily drug/metabolite transporter","","DMT superfamily drug/metabolite transporter","2","2","1","1","56","","","","884","884","884","LIHGCB_00974","OBIBPL_00971"
"Uncharacterized protein TP_0976","","Uncharacterized protein TP_0976","2","2","1","1","66","","","","1319","1319","1319","LIHGCB_00964","OBIBPL_00961"
"group_535","hypothetical protein","hypothetical protein","2","2","1","1","849","","","","881","881","881","LIHGCB_00762","OBIBPL_00761"
"UDP-N-acetylglucosamine--peptide N-acetylglucosaminyltransferase SPINDLY","","UDP-N-acetylglucosamine--peptide N-acetylglucosaminyltransferase SPINDLY","2","2","1","1","186","","","","1148","1148","1148","LIHGCB_00063","OBIBPL_00063"
"DUF2259 domain-containing protein","","DUF2259 domain-containing protein","2","2","1","1","41","","","","755","755","755","LIHGCB_00991","OBIBPL_00988"
"UDP-N-acetylglucosamine 1-carboxyvinyltransferase","","UDP-N-acetylglucosamine 1-carboxyvinyltransferase","2","2","1","1","152","","","","1277","1277","1277","LIHGCB_00029","OBIBPL_00029"
"Phosphatidylglycerol--prolipoprotein diacylglyceryl transferase","","Phosphatidylglycerol--prolipoprotein diacylglyceryl transferase","2","2","1","1","928","","","","998","998","998","LIHGCB_00844","OBIBPL_00843"
"group_540","hypothetical protein","hypothetical protein","2","2","1","1","30","","","","266","266","266","LIHGCB_01002","OBIBPL_00999"
"Elongation factor Tu","","Elongation factor Tu","2","2","1","1","303","","","","1187","1187","1187","LIHGCB_00185","OBIBPL_00188"
"Uncharacterized protein TP_0608","","Uncharacterized protein TP_0608","2","2","1","1","699","","","","728","728","728","LIHGCB_00607","OBIBPL_00604"
"group_543","hypothetical protein","hypothetical protein","2","2","1","1","79","","","","1232","1232","1232","LIHGCB_00951","OBIBPL_00948"
"YjgP/YjgQ family permease","","YjgP/YjgQ family permease","2","2","1","1","956","","","","1118","1118","1118","LIHGCB_00872","OBIBPL_00870"
"Glutamyl-tRNA(Gln) amidotransferase subunit A","","Glutamyl-tRNA(Gln) amidotransferase subunit A","2","2","1","1","23","","","","1520","1520","1520","LIHGCB_01009","OBIBPL_01006"
"group_546","hypothetical protein","hypothetical protein","2","2","1","1","189","","","","386","386","386","LIHGCB_00066","OBIBPL_00066"
"fliR","","Flagellar biosynthetic protein FliR","2","2","1","1","801","","","","797","797","797","LIHGCB_00714","OBIBPL_00713"
"group_548","hypothetical protein","hypothetical protein","2","2","1","1","369","","","","413","413","413","LIHGCB_00258","OBIBPL_00260"
"TPR repeat-containing protein TP_0920","","TPR repeat-containing protein TP_0920","2","2","1","1","120","","","","2423","2423","2423","LIHGCB_00907","OBIBPL_00905"
"group_550","hypothetical protein","hypothetical protein","2","2","1","1","32","","","","608","608","608","LIHGCB_01000","OBIBPL_00997"
"Oxaloacetate decarboxylase beta chain","","Oxaloacetate decarboxylase beta chain","2","2","1","1","177","","","","1409","1409","1409","LIHGCB_00054","OBIBPL_00054"
"Pseudouridine synthase","","Pseudouridine synthase","2","2","1","1","499","","","","995","995","995","LIHGCB_00340","OBIBPL_00338"
"group_553","flaB1","Flagellin FlaB1","2","2","1","1","874","","","","860","860","860","LIHGCB_00789","OBIBPL_00789"
"group_554","hypothetical protein","hypothetical protein","2","2","1","1","775","","","","992","992","992","LIHGCB_00686","OBIBPL_00685"
"vwb","","vascular adhesin/metalloprotease pallilysin","2","2","1","1","835","","","","713","713","713","LIHGCB_00748","OBIBPL_00747"
"Trigger factor","","Trigger factor","2","2","1","1","603","","","","1328","1328","1328","LIHGCB_00505","OBIBPL_00502"
"flgF","","Flagellar basal-body rod protein FlgF","2","2","1","1","80","","","","815","815","815","LIHGCB_00950","OBIBPL_00947"
"group_558","hypothetical protein","hypothetical protein","2","2","1","1","629","","","","296","296","296","LIHGCB_00531","OBIBPL_00528"
"Large ribosomal subunit protein uL13","","Large ribosomal subunit protein uL13","2","2","1","1","18","","","","428","428","428","LIHGCB_01014","OBIBPL_01011"
"protein-glutamate O-methyltransferase","","protein-glutamate O-methyltransferase","2","2","1","1","722","","","","842","842","842","LIHGCB_00627","OBIBPL_00625"
"group_560","hypothetical protein","hypothetical protein","2","2","1","1","174","","","","959","959","959","LIHGCB_00051","OBIBPL_00051"
"Nickel/cobalt efflux system","","Nickel/cobalt efflux system","2","2","1","1","655","","","","908","908","908","LIHGCB_00558","OBIBPL_00555"
"Uncharacterized protein TP_0690","","Uncharacterized protein TP_0690","2","2","1","1","777","","","","581","581","581","LIHGCB_00688","OBIBPL_00687"
"group_563","hypothetical protein","hypothetical protein","2","2","1","1","753","","","","755","755","755","LIHGCB_00661","OBIBPL_00660"
"group_564","hypothetical protein","hypothetical protein","2","2","1","1","551","","","","590","590","590","LIHGCB_00448","OBIBPL_00445"
"Treponemal membrane protein A","","Treponemal membrane protein A","2","2","1","1","851","","","","1037","1037","1037","LIHGCB_00764","OBIBPL_00763"
"Large ribosomal subunit protein bL35","","Large ribosomal subunit protein bL35","2","2","1","1","925","","","","200","200","200","LIHGCB_00841","OBIBPL_00840"
"AMP-activated protein kinase glycogen-binding domain-containing protein","","AMP-activated protein kinase glycogen-binding domain-containing protein","2","2","1","1","53","","","","704","704","704","LIHGCB_00977","OBIBPL_00974"
"group_568","hypothetical protein","hypothetical protein","2","2","1","1","166","","","","701","701","701","LIHGCB_00043","OBIBPL_00043"
"UDP-4-keto-6-deoxy-N-acetylglucosamine 4-aminotransferase","","UDP-4-keto-6-deoxy-N-acetylglucosamine 4-aminotransferase","2","2","1","1","197","","","","1238","1238","1238","LIHGCB_00074","OBIBPL_00074"
"Thioredoxin","","Thioredoxin","2","2","1","1","991","","","","317","317","317","LIHGCB_00906","OBIBPL_00904"
"Thioesterase family protein","","Thioesterase family protein","2","2","1","1","278","","","","404","404","404","LIHGCB_00159","OBIBPL_00162"
"Spermidine/putrescine-binding protein","","Spermidine/putrescine-binding protein","2","2","1","1","744","","","","1046","1046","1046","LIHGCB_00652","OBIBPL_00651"
"group_572","hypothetical protein","hypothetical protein","2","2","1","1","406","","","","635","635","635","LIHGCB_00300","OBIBPL_00302"
"group_573","hypothetical protein","hypothetical protein","2","2","1","1","447","","","","752","752","752","LIHGCB_00393","OBIBPL_00390"
"group_574","hypothetical protein","hypothetical protein","2","2","1","1","633","","","","410","410","410","LIHGCB_00535","OBIBPL_00532"
"group_575","hypothetical protein","hypothetical protein","2","2","1","1","329","","","","494","494","494","LIHGCB_00211","OBIBPL_00214"
"Flagellar hook-associated protein 2","","Flagellar hook-associated protein 2","2","2","1","1","945","","","","2168","2168","2168","LIHGCB_00861","OBIBPL_00859"
"group_577","hypothetical protein","hypothetical protein","2","2","1","1","547","","","","629","629","629","LIHGCB_00444","OBIBPL_00441"
"Uncharacterized protein TP_0833","","Uncharacterized protein TP_0833","2","2","1","1","909","","","","716","716","716","LIHGCB_00825","OBIBPL_00824"
"Hemolysin III","","Hemolysin III","2","2","1","1","5","","","","716","716","716","LIHGCB_01026","OBIBPL_01023"
"Large ribosomal subunit protein uL15","","Large ribosomal subunit protein uL15","2","2","1","1","323","","","","461","461","461","LIHGCB_00205","OBIBPL_00208"
"tRNA (guanine-N(7)-)-methyltransferase","","tRNA (guanine-N(7)-)-methyltransferase","2","2","1","1","566","","","","752","752","752","LIHGCB_00462","OBIBPL_00459"
"group_581","hypothetical protein","hypothetical protein","2","2","1","1","478","","","","635","635","635","LIHGCB_00361","OBIBPL_00359"
"2-dehydro-3-deoxy-phosphogluconate aldolase","","2-dehydro-3-deoxy-phosphogluconate aldolase","2","2","1","1","665","","","","632","632","632","LIHGCB_00568","OBIBPL_00565"
"group_583","hypothetical protein","hypothetical protein","2","2","1","1","149","","","","1022","1022","1022","LIHGCB_00026","OBIBPL_00026"
"group_584","hypothetical protein","hypothetical protein","2","2","1","1","754","","","","176","176","176","LIHGCB_00662","OBIBPL_00661"
"group_585","hypothetical protein","hypothetical protein","2","2","1","1","273","","","","1019","1019","1019","LIHGCB_00154","OBIBPL_00157"
"nusB","","Transcription antitermination protein NusB","2","2","1","1","28","","","","425","425","425","LIHGCB_01004","OBIBPL_01001"
"group_587","hypothetical protein","hypothetical protein","2","2","1","1","50","","","","287","287","287","LIHGCB_00980","OBIBPL_00977"
"HAD-superfamily hydrolase, subfamily IA","","HAD-superfamily hydrolase, subfamily IA","2","2","1","1","651","","","","659","659","659","LIHGCB_00554","OBIBPL_00551"
"Lipase, putative","","Lipase, putative","2","2","1","1","89","","","","1007","1007","1007","LIHGCB_00941","OBIBPL_00938"
"group_59","hypothetical protein","hypothetical protein","2","2","1","1","17","","","","242","242","242","LIHGCB_01015","OBIBPL_01012"
"group_590","hypothetical protein","hypothetical protein","2","2","1","1","261","","","","533","533","533","LIHGCB_00141","OBIBPL_00143"
"group_591","hypothetical protein","hypothetical protein","2","2","1","1","662","","","","1217","1217","1217","LIHGCB_00565","OBIBPL_00562"
"group_592","Cyclic nucleotide-binding domain-containing protein","Cyclic nucleotide-binding domain-containing protein","2","2","1","1","47","","","","1334","1334","1334","LIHGCB_00984","OBIBPL_00981"
"group_593","hypothetical protein","hypothetical protein","2","2","1","1","907","","","","1769","1769","1769","LIHGCB_00823","OBIBPL_00822"
"group_594","hypothetical protein","hypothetical protein","2","2","1","1","396","","","","719","719","719","LIHGCB_00290","OBIBPL_00292"
"group_595","hypothetical protein","hypothetical protein","2","2","1","1","979","","","","536","536","536","LIHGCB_00894","OBIBPL_00892"
"group_596","Lipoprotein","Lipoprotein","2","2","1","1","735","","","","1142","1142","1142","LIHGCB_00643","OBIBPL_00642"
"ychF","","Ribosome-binding ATPase YchF","2","2","1","1","245","","","","1106","1106","1106","LIHGCB_00125","OBIBPL_00126"
"Uncharacterized protein TP_0245","","Uncharacterized protein TP_0245","2","2","1","1","361","","","","3323","3323","3323","LIHGCB_00250","OBIBPL_00252"
"Uncharacterized protein TP_0437","","Uncharacterized protein TP_0437","2","2","1","1","539","","","","464","464","464","LIHGCB_00436","OBIBPL_00433"
"Elongation factor G 1","","Elongation factor G 1","2","2","1","1","850","","","","2087","2087","2087","LIHGCB_00763","OBIBPL_00762"
"3'-5' exonuclease","","3'-5' exonuclease","2","2","1","1","733","","","","647","647","647","LIHGCB_00641","OBIBPL_00640"
"group_601","hypothetical protein","hypothetical protein","2","2","1","1","410","","","","1133","1133","1133","LIHGCB_00304","OBIBPL_00306"
"mutS","","DNA mismatch repair protein MutS","2","2","1","1","508","","","","2702","2702","2702","LIHGCB_00329","OBIBPL_00327"
"NSS family neurotransmitter:Na+ symporter","","NSS family neurotransmitter:Na+ symporter","2","2","1","1","146","","","","1331","1331","1331","LIHGCB_00023","OBIBPL_00023"
"Large ribosomal subunit protein bL33","","Large ribosomal subunit protein bL33","2","2","1","1","350","","","","170","170","170","LIHGCB_00238","OBIBPL_00240"
"Uncharacterized protein TP_0222","","Uncharacterized protein TP_0222","2","2","1","1","339","","","","446","446","446","LIHGCB_00221","OBIBPL_00224"
"TPM domain-containing protein","","TPM domain-containing protein","2","2","1","1","667","","","","785","785","785","LIHGCB_00570","OBIBPL_00567"
"Peptide deformylase","","Peptide deformylase","2","2","1","1","841","","","","488","488","488","LIHGCB_00754","OBIBPL_00753"
"DNA-directed RNA polymerase subunit omega","","DNA-directed RNA polymerase subunit omega","2","2","1","1","787","","","","203","203","203","LIHGCB_00699","OBIBPL_00698"
"putative macrolide ABC superfamily ATP binding cassette transporter, ABC/membrane protein","","putative macrolide ABC superfamily ATP binding cassette transporter, ABC/membrane protein","2","2","1","1","78","","","","1229","1229","1229","LIHGCB_00952","OBIBPL_00949"
"Xaa-Pro aminopeptidase","","Xaa-Pro aminopeptidase","2","2","1","1","666","","","","2240","2240","2240","LIHGCB_00569","OBIBPL_00566"
"tRNA(Ile)-lysidine synthase","","tRNA(Ile)-lysidine synthase","2","2","1","1","464","","","","1433","1433","1433","LIHGCB_00376","OBIBPL_00373"
"Ribulose-phosphate 3-epimerase","","Ribulose-phosphate 3-epimerase","2","2","1","1","97","","","","656","656","656","LIHGCB_00933","OBIBPL_00931"
"group_612","hypothetical protein","hypothetical protein","2","2","1","1","768","","","","1133","1133","1133","LIHGCB_00679","OBIBPL_00678"
"group_613","Tetratricopeptide repeat protein","Tetratricopeptide repeat protein","2","2","1","1","52","","","","3101","3101","3101","LIHGCB_00978","OBIBPL_00975"
"Peptidase M23 domain-containing protein","","Peptidase M23 domain-containing protein","2","2","1","1","169","","","","1091","1091","1091","LIHGCB_00046","OBIBPL_00046"
"CobQ/CobB/MinD/ParA nucleotide binding domain-containing protein","","CobQ/CobB/MinD/ParA nucleotide binding domain-containing protein","2","2","1","1","929","","","","1136","1136","1136","LIHGCB_00845","OBIBPL_00844"
"group_616","hypothetical protein","hypothetical protein","2","2","1","1","105","","","","635","635","635","LIHGCB_00925","OBIBPL_00923"
"group_617","hypothetical protein","hypothetical protein","2","2","1","1","524","","","","968","968","968","LIHGCB_00422","OBIBPL_00419"
"ruvC","","Crossover junction endodeoxyribonuclease RuvC","2","2","1","1","614","","","","590","590","590","LIHGCB_00516","OBIBPL_00513"
"Large ribosomal subunit protein uL14","","Large ribosomal subunit protein uL14","2","2","1","1","315","","","","368","368","368","LIHGCB_00197","OBIBPL_00200"
"Alpha/beta hydrolase fold-3 domain-containing protein","","Alpha/beta hydrolase fold-3 domain-containing protein","2","2","1","1","107","","","","908","908","908","LIHGCB_00922","OBIBPL_00920"
"Large ribosomal subunit protein uL30","","Large ribosomal subunit protein uL30","2","2","1","1","322","","","","185","185","185","LIHGCB_00204","OBIBPL_00207"
"group_621","hypothetical protein","hypothetical protein","2","2","1","1","867","","","","599","599","599","LIHGCB_00782","OBIBPL_00782"
"Elongation factor G 2","","Elongation factor G 2","2","2","1","1","552","","","","2096","2096","2096","LIHGCB_00449","OBIBPL_00446"
"group_623","hypothetical protein","hypothetical protein","2","2","1","1","500","","","","488","488","488","LIHGCB_00339","OBIBPL_00337"
"group_624","Hemolysin, putative","Hemolysin, putative","2","2","1","1","150","","","","1325","1325","1325","LIHGCB_00027","OBIBPL_00027"
"Soluble lytic transglycosylase, putative","","Soluble lytic transglycosylase, putative","2","2","1","1","163","","","","2009","2009","2009","LIHGCB_00040","OBIBPL_00040"
"Large ribosomal subunit protein bL20","","Large ribosomal subunit protein bL20","2","2","1","1","924","","","","368","368","368","LIHGCB_00840","OBIBPL_00839"
"tRNA dimethylallyltransferase 2","","tRNA dimethylallyltransferase 2","2","2","1","1","728","","","","950","950","950","LIHGCB_00633","OBIBPL_00631"
"group_628","hypothetical protein","hypothetical protein","2","2","1","1","340","","","","1439","1439","1439","LIHGCB_00222","OBIBPL_00225"
"GTPase Obg","","GTPase Obg","2","2","1","1","827","","","","1130","1130","1130","LIHGCB_00740","OBIBPL_00739"
"fliW","","Flagellar assembly factor FliW","2","2","1","1","746","","","","452","452","452","LIHGCB_00654","OBIBPL_00653"
"group_630","hypothetical protein","hypothetical protein","2","2","1","1","639","","","","683","683","683","LIHGCB_00542","OBIBPL_00539"
"Uncharacterized protein TP_0447","","Uncharacterized protein TP_0447","2","2","1","1","549","","","","1124","1124","1124","LIHGCB_00446","OBIBPL_00443"
"Adenine DNA glycosylase","","Adenine DNA glycosylase","2","2","1","1","495","","","","833","833","833","LIHGCB_00344","OBIBPL_00342"
"Small ribosomal subunit protein uS5","","Small ribosomal subunit protein uS5","2","2","1","1","321","","","","518","518","518","LIHGCB_00203","OBIBPL_00206"
"group_634","hypothetical protein","hypothetical protein","2","2","1","1","908","","","","806","806","806","LIHGCB_00824","OBIBPL_00823"
"group_635","hypothetical protein","hypothetical protein","2","2","1","1","882","","","","1208","1208","1208","LIHGCB_00798","OBIBPL_00797"
"Flagellum-specific ATP synthase","","Flagellum-specific ATP synthase","2","2","1","1","437","","","","1343","1343","1343","LIHGCB_00403","OBIBPL_00400"
"Polymer-forming cytoskeletal protein","","Polymer-forming cytoskeletal protein","2","2","1","1","384","","","","365","365","365","LIHGCB_00278","OBIBPL_00280"
"group_638","hypothetical protein","hypothetical protein","2","2","1","1","219","","","","602","602","602","LIHGCB_00096","OBIBPL_00096"
"dITP/XTP pyrophosphatase","","dITP/XTP pyrophosphatase","2","2","1","1","540","","","","764","764","764","LIHGCB_00437","OBIBPL_00434"
"group_64","hypothetical protein","hypothetical protein","2","2","1","1","766","","","","317","317","317","LIHGCB_00677","OBIBPL_00676"
"group_640","hypothetical protein","hypothetical protein","2","2","1","1","527","","","","545","545","545","LIHGCB_00425","OBIBPL_00422"
"group_641","hypothetical protein","hypothetical protein","2","2","1","1","412","","","","1946","1946","1946","LIHGCB_00306","OBIBPL_00308"
"putative rRNA (Adenosine-2'-O-)-methyltransferase","","putative rRNA (Adenosine-2'-O-)-methyltransferase","2","2","1","1","229","","","","878","878","878","LIHGCB_00106","OBIBPL_00107"
"group_643","hypothetical protein","hypothetical protein","2","2","1","1","946","","","","602","602","602","LIHGCB_00862","OBIBPL_00860"
"group_644","hypothetical protein","hypothetical protein","2","2","1","1","20","","","","698","698","698","LIHGCB_01012","OBIBPL_01009"
"Large ribosomal subunit protein uL5","","Large ribosomal subunit protein uL5","2","2","1","1","317","","","","557","557","557","LIHGCB_00199","OBIBPL_00202"
"troR","","manganese/iron-sensitive transcriptional repressor TroR","2","2","1","1","288","","","","461","461","461","LIHGCB_00169","OBIBPL_00172"
"Serine--tRNA ligase","","Serine--tRNA ligase","2","2","1","1","736","","","","1280","1280","1280","LIHGCB_00644","OBIBPL_00643"
"Organic solvent tolerance-like N-terminal domain-containing protein","","Organic solvent tolerance-like N-terminal domain-containing protein","2","2","1","1","868","","","","686","686","686","LIHGCB_00783","OBIBPL_00783"
"Small ribosomal subunit protein uS11","","Small ribosomal subunit protein uS11","2","2","1","1","327","","","","380","380","380","LIHGCB_00209","OBIBPL_00212"
"group_65","hypothetical protein","hypothetical protein","2","2","1","1","431","","","","3254","3254","3254","LIHGCB_00409","OBIBPL_00406"
"traB","","TraB family protein","2","2","1","1","88","","","","1178","1178","1178","LIHGCB_00942","OBIBPL_00939"
"group_651","hypothetical protein","hypothetical protein","2","2","1","1","501","","","","857","857","857","LIHGCB_00338","OBIBPL_00336"
"group_652","hypothetical protein","hypothetical protein","2","2","1","1","362","","","","1952","1952","1952","LIHGCB_00251","OBIBPL_00253"
"group_653","hypothetical protein","hypothetical protein","2","2","1","1","104","","","","596","596","596","LIHGCB_00926","OBIBPL_00924"
"mreB","","Cell shape-determining protein MreB","2","2","1","1","595","","","","1034","1034","1034","LIHGCB_00494","OBIBPL_00491"
"group_655","hypothetical protein","hypothetical protein","2","2","1","1","624","","","","629","629","629","LIHGCB_00526","OBIBPL_00523"
"Glucose-6-phosphate isomerase","","Glucose-6-phosphate isomerase","2","2","1","1","575","","","","1607","1607","1607","LIHGCB_00471","OBIBPL_00468"
"Polyribonucleotide nucleotidyltransferase","","Polyribonucleotide nucleotidyltransferase","2","2","1","1","959","","","","2108","2108","2108","LIHGCB_00875","OBIBPL_00873"
"Serine-type D-Ala-D-Ala carboxypeptidase","","Serine-type D-Ala-D-Ala carboxypeptidase","2","2","1","1","880","","","","1403","1403","1403","LIHGCB_00795","OBIBPL_00795"
"group_659","hypothetical protein","hypothetical protein","2","2","1","1","761","","","","608","608","608","LIHGCB_00671","OBIBPL_00670"
"group_66","hypothetical protein","hypothetical protein","2","2","1","1","324","","","","1319","1319","1319","LIHGCB_00206","OBIBPL_00209"
"group_660","hypothetical protein","hypothetical protein","2","2","1","1","577","","","","704","704","704","LIHGCB_00473","OBIBPL_00470"
"Bifunctional phosphoribulokinase/uridine kinase","","Bifunctional phosphoribulokinase/uridine kinase","2","2","1","1","755","","","","1655","1655","1655","LIHGCB_00663","OBIBPL_00662"
"Elongation factor P","","Elongation factor P","2","2","1","1","622","","","","563","563","563","LIHGCB_00524","OBIBPL_00521"
"group_663","hypothetical protein","hypothetical protein","2","2","1","1","183","","","","434","434","434","LIHGCB_00060","OBIBPL_00060"
"Nucleoside diphosphate kinase","","Nucleoside diphosphate kinase","2","2","1","1","33","","","","449","449","449","LIHGCB_00999","OBIBPL_00996"
"group_665","hypothetical protein","hypothetical protein","2","2","1","1","337","","","","176","176","176","LIHGCB_00219","OBIBPL_00222"
"Ribose/galactose/methyl galactoside import ATP-binding protein","","Ribose/galactose/methyl galactoside import ATP-binding protein","2","2","1","1","772","","","","1490","1490","1490","LIHGCB_00683","OBIBPL_00682"
"Uncharacterized protein TP_0564","","Uncharacterized protein TP_0564","2","2","1","1","661","","","","2036","2036","2036","LIHGCB_00564","OBIBPL_00561"
"DNA ligase","","DNA ligase","2","2","1","1","726","","","","2471","2471","2471","LIHGCB_00631","OBIBPL_00629"
"Uncharacterized protein TP_0752","","Uncharacterized protein TP_0752","2","2","1","1","836","","","","1115","1115","1115","LIHGCB_00749","OBIBPL_00748"
"Uncharacterized protein TP_0930","","Uncharacterized protein TP_0930","2","2","1","1","111","","","","1706","1706","1706","LIHGCB_00918","OBIBPL_00916"
"group_670","hypothetical protein","hypothetical protein","2","2","1","1","198","","","","2153","2153","2153","LIHGCB_00075","OBIBPL_00075"
"group_671","lysM","LysM domain-containing protein","2","2","1","1","277","","","","1115","1115","1115","LIHGCB_00158","OBIBPL_00161"
"group_672","hypothetical protein","hypothetical protein","2","2","1","1","45","","","","1388","1388","1388","LIHGCB_00987","OBIBPL_00984"
"group_673","hypothetical protein","hypothetical protein","2","2","1","1","573","","","","626","626","626","LIHGCB_00469","OBIBPL_00466"
"group_674","hypothetical protein","hypothetical protein","2","2","1","1","400","","","","2573","2573","2573","LIHGCB_00294","OBIBPL_00296"
"group_675","hypothetical protein","hypothetical protein","2","2","1","1","462","","","","359","359","359","LIHGCB_00378","OBIBPL_00375"
"Glycosyltransferase","","Glycosyltransferase","2","2","1","1","399","","","","965","965","965","LIHGCB_00293","OBIBPL_00295"
"group_677","hypothetical protein","hypothetical protein","2","2","1","1","513","","","","1115","1115","1115","LIHGCB_00324","OBIBPL_00322"
"group_678","hypothetical protein","hypothetical protein","2","2","1","1","393","","","","884","884","884","LIHGCB_00287","OBIBPL_00289"
"group_679","hypothetical protein","hypothetical protein","2","2","1","1","194","","","","878","878","878","LIHGCB_00071","OBIBPL_00071"
"group_68","hypothetical protein","hypothetical protein","2","2","1","1","139","","","","1232","1232","1232","LIHGCB_00010","OBIBPL_00010"
"group_680","V-type ATP synthase beta chain","V-type ATP synthase beta chain","2","2","1","1","625","","","","1442","1442","1442","LIHGCB_00527","OBIBPL_00524"
"xerC","","Tyrosine recombinase XerC","2","2","1","1","444","","","","893","893","893","LIHGCB_00396","OBIBPL_00393"
"Acyltransferase","","Acyltransferase","2","2","1","1","476","","","","803","803","803","LIHGCB_00363","OBIBPL_00361"
"folD","","Bifunctional protein FolD","2","2","1","1","817","","","","1025","1025","1025","LIHGCB_00730","OBIBPL_00729"
"S1 motif domain-containing protein","","S1 motif domain-containing protein","2","2","1","1","116","","","","2339","2339","2339","LIHGCB_00912","OBIBPL_00910"
"17 kDa lipoprotein","","17 kDa lipoprotein","2","2","1","1","537","","","","470","470","470","LIHGCB_00434","OBIBPL_00431"
"Ribonucleoside-diphosphate reductase","","Ribonucleoside-diphosphate reductase","2","2","1","1","35","","","","2537","2537","2537","LIHGCB_00997","OBIBPL_00994"
"rsuA","","RsuA family pseudouridine synthase","2","2","1","1","561","","","","851","851","851","LIHGCB_00458","OBIBPL_00455"
"UDP-N-acetylmuramoyl-tripeptide--D-alanyl-D-alanine ligase","","UDP-N-acetylmuramoyl-tripeptide--D-alanyl-D-alanine ligase","2","2","1","1","453","","","","1379","1379","1379","LIHGCB_00387","OBIBPL_00384"
"Glutamate 5-kinase","","Glutamate 5-kinase","2","2","1","1","487","","","","890","890","890","LIHGCB_00352","OBIBPL_00350"
"Haloacid dehalogenase","","Haloacid dehalogenase","2","2","1","1","545","","","","803","803","803","LIHGCB_00442","OBIBPL_00439"
"group_690","hypothetical protein","hypothetical protein","2","2","1","1","443","","","","410","410","410","LIHGCB_00397","OBIBPL_00394"
"yidC","","Membrane protein insertase YidC","2","2","1","1","93","","","","1868","1868","1868","LIHGCB_00937","OBIBPL_00935"
"flhA","","Flagellar biosynthesis protein FlhA","2","2","1","1","799","","","","2123","2123","2123","LIHGCB_00712","OBIBPL_00711"
"Aspartate--ammonia ligase","","Aspartate--ammonia ligase","2","2","1","1","653","","","","992","992","992","LIHGCB_00556","OBIBPL_00553"
"group_694","hypothetical protein","hypothetical protein","2","2","1","1","407","","","","773","773","773","LIHGCB_00301","OBIBPL_00303"
"group_695","hypothetical protein","hypothetical protein","2","2","1","1","488","","","","1286","1286","1286","LIHGCB_00351","OBIBPL_00349"
"Amino acid ABC transporter, permease protein","","Amino acid ABC transporter, permease protein","2","2","1","1","381","","","","1367","1367","1367","LIHGCB_00271","OBIBPL_00273"
"group_697","hypothetical protein","hypothetical protein","2","2","1","1","158","","","","800","800","800","LIHGCB_00035","OBIBPL_00035"
"Large ribosomal subunit protein uL3","","Large ribosomal subunit protein uL3","2","2","1","1","305","","","","626","626","626","LIHGCB_00187","OBIBPL_00190"
"group_699","hypothetical protein","hypothetical protein","2","2","1","1","765","","","","923","923","923","LIHGCB_00676","OBIBPL_00675"
"Tpr protein A","","Tpr protein A","2","2","1","1","137","","","","1739","1796","1767","LIHGCB_00008","OBIBPL_00008"
"group_70","hypothetical protein","hypothetical protein","2","2","1","1","858","","","","155","155","155","LIHGCB_00773","OBIBPL_00773"
"Large ribosomal subunit protein uL1","","Large ribosomal subunit protein uL1","2","2","1","1","354","","","","680","680","680","LIHGCB_00243","OBIBPL_00245"
"group_701","hypothetical protein","hypothetical protein","2","2","1","1","875","","","","1619","1619","1619","LIHGCB_00790","OBIBPL_00790"
"BCCT family transporter","","BCCT family transporter","2","2","1","1","226","","","","1532","1532","1532","LIHGCB_00103","OBIBPL_00104"
"GTP cyclohydrolase 1 type 2-like protein","","GTP cyclohydrolase 1 type 2-like protein","2","2","1","1","65","","","","860","860","860","LIHGCB_00965","OBIBPL_00962"
"4Fe4S-binding SPASM domain-containing protein","","4Fe4S-binding SPASM domain-containing protein","2","2","1","1","398","","","","1679","1679","1679","LIHGCB_00292","OBIBPL_00294"
"Metallo-beta-lactamase domain-containing protein","","Metallo-beta-lactamase domain-containing protein","2","2","1","1","588","","","","968","968","968","LIHGCB_00486","OBIBPL_00483"
"sufB","","Fe-S cluster assembly protein SufB","2","2","1","1","703","","","","1439","1439","1439","LIHGCB_00611","OBIBPL_00608"
"Small ribosomal subunit protein uS9","","Small ribosomal subunit protein uS9","2","2","1","1","19","","","","389","389","389","LIHGCB_01013","OBIBPL_01010"
"group_708","hypothetical protein","hypothetical protein","2","2","1","1","658","","","","851","851","851","LIHGCB_00561","OBIBPL_00558"
"Glycine--tRNA ligase","","Glycine--tRNA ligase","2","2","1","1","759","","","","1475","1475","1475","LIHGCB_00669","OBIBPL_00668"
"group_71","hypothetical protein","hypothetical protein","2","2","1","1","871","","","","890","890","890","LIHGCB_00786","OBIBPL_00786"
"Phosphate acetyltransferase","","Phosphate acetyltransferase","2","2","1","1","213","","","","1010","1010","1010","LIHGCB_00090","OBIBPL_00090"
"group_711","hypothetical protein","hypothetical protein","2","2","1","1","589","","","","188","188","188","LIHGCB_00487","OBIBPL_00484"
"group_712","hypothetical protein","hypothetical protein","2","2","1","1","788","","","","1232","1232","1232","LIHGCB_00701","OBIBPL_00700"
"group_713","hypothetical protein","hypothetical protein","2","2","1","1","167","","","","521","521","521","LIHGCB_00044","OBIBPL_00044"
"group_714","hypothetical protein","hypothetical protein","2","2","1","1","601","","","","542","542","542","LIHGCB_00500","OBIBPL_00497"
"group_715","hypothetical protein","hypothetical protein","2","2","1","1","526","","","","614","614","614","LIHGCB_00424","OBIBPL_00421"
"Nicotinate phosphoribosyltransferase","","Nicotinate phosphoribosyltransferase","2","2","1","1","720","","","","1481","1481","1481","LIHGCB_00625","OBIBPL_00623"
"PNPLA domain-containing protein","","PNPLA domain-containing protein","2","2","1","1","9","","","","935","935","935","LIHGCB_01022","OBIBPL_01019"
"Large ribosomal subunit protein bL31","","Large ribosomal subunit protein bL31","2","2","1","1","371","","","","203","203","203","LIHGCB_00260","OBIBPL_00262"
"Large ribosomal subunit protein uL11","","Large ribosomal subunit protein uL11","2","2","1","1","353","","","","440","440","440","LIHGCB_00242","OBIBPL_00244"
"secD","","Protein translocase subunit SecD","2","2","1","1","429","","","","1751","1751","1751","LIHGCB_00411","OBIBPL_00408"
"greA","","Transcription elongation factor GreA","2","2","1","1","143","","","","2681","2681","2681","LIHGCB_00014","OBIBPL_00014"
"RRM domain-containing protein","","RRM domain-containing protein","2","2","1","1","482","","","","269","269","269","LIHGCB_00357","OBIBPL_00355"
"Uncharacterized protein TP_0910","","Uncharacterized protein TP_0910","2","2","1","1","982","","","","920","920","920","LIHGCB_00897","OBIBPL_00895"
"group_723","hypothetical protein","hypothetical protein","2","2","1","1","188","","","","383","383","383","LIHGCB_00065","OBIBPL_00065"
"flgG","","Flagellar basal-body rod protein FlgG","2","2","1","1","81","","","","794","794","794","LIHGCB_00949","OBIBPL_00946"
"50S ribosomal protein L33","","50S ribosomal protein L33","2","2","1","1","477","","","","170","170","170","LIHGCB_00362","OBIBPL_00360"
"group_726","hypothetical protein","hypothetical protein","2","2","1","1","842","","","","209","209","209","LIHGCB_00755","OBIBPL_00754"
"Deoxyribose-phosphate aldolase","","Deoxyribose-phosphate aldolase","2","2","1","1","380","","","","656","656","656","LIHGCB_00269","OBIBPL_00271"
"DUF4034 domain-containing protein","","DUF4034 domain-containing protein","2","2","1","1","374","","","","710","710","710","LIHGCB_00263","OBIBPL_00265"
"FAD:protein FMN transferase","","FAD:protein FMN transferase","2","2","1","1","877","","","","1004","1004","1004","LIHGCB_00792","OBIBPL_00792"
"Small ribosomal subunit protein uS2","","Small ribosomal subunit protein uS2","2","2","1","1","698","","","","875","875","875","LIHGCB_00605","OBIBPL_00602"
"ATP-dependent 6-phosphofructokinase","","ATP-dependent 6-phosphofructokinase","2","2","1","1","228","","","","1385","1385","1385","LIHGCB_00105","OBIBPL_00106"
"Methionine transport system ATP-binding protein","","Methionine transport system ATP-binding protein","2","2","1","1","241","","","","809","809","809","LIHGCB_00121","OBIBPL_00122"
"15 kDa lipoprotein","","15 kDa lipoprotein","2","2","1","1","291","","","","428","428","428","LIHGCB_00173","OBIBPL_00176"
"Thiamine ABC transporter, permease protein, putative","","Thiamine ABC transporter, permease protein, putative","2","2","1","1","263","","","","1742","1742","1742","LIHGCB_00143","OBIBPL_00145"
"lolA","","Outer membrane lipoprotein carrier protein LolA","2","2","1","1","505","","","","692","692","692","LIHGCB_00334","OBIBPL_00332"
"group_735","hypothetical protein","hypothetical protein","2","2","1","1","481","","","","107","107","107","LIHGCB_00358","OBIBPL_00356"
"Coproporphyrinogen dehydrogenase","","Coproporphyrinogen dehydrogenase","2","2","1","1","302","","","","1217","1217","1217","LIHGCB_00184","OBIBPL_00187"
"Membrane spanning protein, putative","","Membrane spanning protein, putative","2","2","1","1","953","","","","725","725","725","LIHGCB_00869","OBIBPL_00867"
"Aspartate--tRNA(Asp/Asn) ligase","","Aspartate--tRNA(Asp/Asn) ligase","2","2","1","1","57","","","","1769","1769","1769","LIHGCB_00973","OBIBPL_00970"
"DAACS family dicarboxylate/amino acid:sodium (Na+) or proton (H+) symporter","","DAACS family dicarboxylate/amino acid:sodium (Na+) or proton (H+) symporter","2","2","1","1","652","","","","1181","1181","1181","LIHGCB_00555","OBIBPL_00552"
"group_74","hypothetical protein","hypothetical protein","2","2","1","1","372","","","","650","650","650","LIHGCB_00261","OBIBPL_00263"
"Divergent PAP2 family protein","","Divergent PAP2 family protein","2","2","1","1","275","","","","491","491","491","LIHGCB_00156","OBIBPL_00159"
"Uncharacterized protein TP_0352","","Uncharacterized protein TP_0352","2","2","1","1","486","","","","257","257","257","LIHGCB_00353","OBIBPL_00351"
"Phosphoenolpyruvate carboxykinase [GTP]","","Phosphoenolpyruvate carboxykinase [GTP]","2","2","1","1","243","","","","1856","1856","1856","LIHGCB_00123","OBIBPL_00124"
"Uncharacterized protein TP_0484","","Uncharacterized protein TP_0484","2","2","1","1","583","","","","1922","1922","1922","LIHGCB_00479","OBIBPL_00476"
"mgtE","","Magnesium transporter MgtE","2","2","1","1","989","","","","1349","1349","1349","LIHGCB_00904","OBIBPL_00902"
"Phosphatase","","Phosphatase","2","2","1","1","648","","","","1088","1088","1088","LIHGCB_00550","OBIBPL_00547"
"group_746","hypothetical protein","hypothetical protein","2","2","1","1","664","","","","620","620","620","LIHGCB_00567","OBIBPL_00564"
"group_747","hypothetical protein","hypothetical protein","2","2","1","1","769","","","","602","602","602","LIHGCB_00680","OBIBPL_00679"
"khpA","","RNA-binding protein KhpA","2","2","1","1","978","","","","242","242","242","LIHGCB_00893","OBIBPL_00891"
"ybeY","","Endoribonuclease YbeY","2","2","1","1","739","","","","482","482","482","LIHGCB_00647","OBIBPL_00646"
"Uncharacterized protein TP_0855","","Uncharacterized protein TP_0855","2","2","1","1","931","","","","3383","3383","3383","LIHGCB_00847","OBIBPL_00846"
"pilZ","","PilZ domain-containing protein","2","2","1","1","205","","","","908","908","908","LIHGCB_00082","OBIBPL_00082"
"capD","","Capsular polysaccharide biosynthesis protein CapD","2","2","1","1","196","","","","1502","1502","1502","LIHGCB_00073","OBIBPL_00073"
"TPR repeat-containing protein TP_0095","","TPR repeat-containing protein TP_0095","2","2","1","1","214","","","","1946","1946","1946","LIHGCB_00091","OBIBPL_00091"
"Acyl carrier protein","","Acyl carrier protein","2","2","1","1","887","","","","236","236","236","LIHGCB_00803","OBIBPL_00802"
"Outer membrane protein Tpn50","","Outer membrane protein Tpn50","2","2","1","1","403","","","","1217","1217","1217","LIHGCB_00297","OBIBPL_00299"
"group_755","Cyclic nucleotide-binding domain-containing protein","Cyclic nucleotide-binding domain-containing protein","2","2","1","1","378","","","","659","659","659","LIHGCB_00267","OBIBPL_00269"
"group_756","hypothetical protein","hypothetical protein","2","2","1","1","87","","","","1436","1436","1436","LIHGCB_00943","OBIBPL_00940"
"group_757","hypothetical protein","hypothetical protein","2","2","1","1","816","","","","620","620","620","LIHGCB_00729","OBIBPL_00728"
"group_758","hypothetical protein","hypothetical protein","2","2","1","1","555","","","","350","350","350","LIHGCB_00452","OBIBPL_00449"
"Enolase","","Enolase","2","2","1","1","895","","","","1298","1298","1298","LIHGCB_00811","OBIBPL_00810"
"30S ribosomal protein S12","","30S ribosomal protein S12","2","2","1","1","359","","","","374","374","374","LIHGCB_00248","OBIBPL_00250"
"fliS","","Flagellar secretion chaperone FliS","2","2","1","1","99","","","","446","446","446","LIHGCB_00931","OBIBPL_00929"
"group_761","hypothetical protein","hypothetical protein","2","2","1","1","558","","","","1316","1316","1316","LIHGCB_00455","OBIBPL_00452"
"Flagellar protein","","Flagellar protein","2","2","1","1","804","","","","770","770","770","LIHGCB_00717","OBIBPL_00716"
"group_763","Tetratricopeptide repeat protein","Tetratricopeptide repeat protein","2","2","1","1","594","","","","944","944","944","LIHGCB_00493","OBIBPL_00490"
"group_764","hypothetical protein","hypothetical protein","2","2","1","1","866","","","","170","170","170","LIHGCB_00781","OBIBPL_00781"
"group_765","hypothetical protein","hypothetical protein","2","2","1","1","829","","","","326","326","326","LIHGCB_00742","OBIBPL_00741"
"Tpr protein B","","Tpr protein B","2","2","1","1","138","","","","1982","1982","1982","LIHGCB_00009","OBIBPL_00009"
"clpX","","ATP-dependent Clp protease ATP-binding subunit ClpX","2","2","1","1","605","","","","1247","1247","1247","LIHGCB_00507","OBIBPL_00504"
"Peptidyl-prolyl cis-trans isomerase","","Peptidyl-prolyl cis-trans isomerase","2","2","1","1","95","","","","647","647","647","LIHGCB_00935","OBIBPL_00933"
"dnaJ","","Chaperone protein DnaJ","2","2","1","1","333","","","","1202","1202","1202","LIHGCB_00215","OBIBPL_00218"
"Oligoendopeptidase, M3 family","","Oligoendopeptidase, M3 family","2","2","1","1","16","","","","1769","1769","1769","LIHGCB_01016","OBIBPL_01013"
"group_770","hypothetical protein","hypothetical protein","2","2","1","1","420","","","","362","362","362","LIHGCB_00314","OBIBPL_00315"
"Uncharacterized protein TP_0593","","Uncharacterized protein TP_0593","2","2","1","1","686","","","","1919","1919","1919","LIHGCB_00593","OBIBPL_00590"
"Glutamine--fructose-6-phosphate aminotransferase [isomerizing]","","Glutamine--fructose-6-phosphate aminotransferase [isomerizing]","2","2","1","1","936","","","","1907","1907","1907","LIHGCB_00852","OBIBPL_00850"
"group_773","hypothetical protein","hypothetical protein","2","2","1","1","949","","","","665","665","665","LIHGCB_00865","OBIBPL_00863"
"Phosphoenolpyruvate-protein phosphotransferase","","Phosphoenolpyruvate-protein phosphotransferase","2","2","1","1","671","","","","2057","2057","2057","LIHGCB_00574","OBIBPL_00571"
"Peptide chain release factor 2","","Peptide chain release factor 2","2","2","1","1","672","","","","1106","1106","1106","LIHGCB_00575","OBIBPL_00572"
"HEAT repeat domain-containing protein","","HEAT repeat domain-containing protein","2","2","1","1","955","","","","1355","1355","1355","LIHGCB_00871","OBIBPL_00869"
"Sugar ABC superfamily ATP binding cassette transporter, binding protein","","Sugar ABC superfamily ATP binding cassette transporter, binding protein","2","2","1","1","822","","","","1310","1310","1310","LIHGCB_00735","OBIBPL_00734"
"group_778","hypothetical protein","hypothetical protein","2","2","1","1","834","","","","671","671","671","LIHGCB_00747","OBIBPL_00746"
"K+ transport protein (NtpJ)","","K+ transport protein (NtpJ)","2","2","1","1","260","","","","1718","1718","1718","LIHGCB_00140","OBIBPL_00142"
"group_78","hypothetical protein","hypothetical protein","2","2","1","1","436","","","","452","452","452","LIHGCB_00404","OBIBPL_00401"
"group_780","hypothetical protein","hypothetical protein","2","2","1","1","94","","","","695","695","695","LIHGCB_00936","OBIBPL_00934"
"ABC superfamily ATP binding cassette transporter, ABC protein","","ABC superfamily ATP binding cassette transporter, ABC protein","2","2","1","1","702","","","","779","779","779","LIHGCB_00610","OBIBPL_00607"
"group_782","hypothetical protein","hypothetical protein","2","2","1","1","705","","","","1214","1214","1214","LIHGCB_00613","OBIBPL_00610"
"ABC transporter domain-containing protein","","ABC transporter domain-containing protein","2","2","1","1","262","","","","662","662","662","LIHGCB_00142","OBIBPL_00144"
"Uridylate kinase","","Uridylate kinase","2","2","1","1","218","","","","755","755","755","LIHGCB_00095","OBIBPL_00095"
"DUF368 domain-containing protein","","DUF368 domain-containing protein","2","2","1","1","421","","","","1013","1013","1013","LIHGCB_00315","OBIBPL_00316"
"yrrB","","TPR repeat-containing protein YrrB","2","2","1","1","988","","","","1334","1334","1334","LIHGCB_00903","OBIBPL_00901"
"group_787","lysM","LysM domain-containing protein","2","2","1","1","940","","","","1553","1553","1553","LIHGCB_00856","OBIBPL_00854"
"Small ribosomal subunit protein uS3","","Small ribosomal subunit protein uS3","2","2","1","1","311","","","","743","743","743","LIHGCB_00193","OBIBPL_00196"
"group_789","hypothetical protein","hypothetical protein","2","2","1","1","947","","","","275","275","275","LIHGCB_00863","OBIBPL_00861"
"group_79","hypothetical protein","hypothetical protein","2","2","1","1","480","","","","659","659","659","LIHGCB_00359","OBIBPL_00357"
"group_790","hypothetical protein","hypothetical protein","2","2","1","1","281","","","","1028","1028","1028","LIHGCB_00162","OBIBPL_00165"
"tRNA pseudouridine synthase B","","tRNA pseudouridine synthase B","2","2","1","1","962","","","","1085","1085","1085","LIHGCB_00878","OBIBPL_00876"
"group_792","hypothetical protein","hypothetical protein","2","2","1","1","168","","","","431","431","431","LIHGCB_00045","OBIBPL_00045"
"group_793","hypothetical protein","hypothetical protein","2","2","1","1","490","","","","1115","1115","1115","LIHGCB_00349","OBIBPL_00347"
"Phosphoglycerate kinase","","Phosphoglycerate kinase","2","2","1","1","635","","","","1256","1256","1256","LIHGCB_00537","OBIBPL_00534"
"Signal recognition particle protein","","Signal recognition particle protein","2","2","1","1","519","","","","1361","1361","1361","LIHGCB_00417","OBIBPL_00414"
"group_796","hypothetical protein","hypothetical protein","2","2","1","1","338","","","","797","797","797","LIHGCB_00220","OBIBPL_00223"
"group_797","hypothetical protein","hypothetical protein","2","2","1","1","117","","","","1358","1358","1358","LIHGCB_00910","OBIBPL_00908"
"Adenine phosphoribosyltransferase","","Adenine phosphoribosyltransferase","2","2","1","1","3","","","","542","542","542","LIHGCB_01028","OBIBPL_01025"
"nusG","","Transcription termination/antitermination protein NusG","2","2","1","1","352","","","","557","557","557","LIHGCB_00241","OBIBPL_00243"
"group_80","hypothetical protein","hypothetical protein","2","2","1","1","182","","","","281","281","281","LIHGCB_00059","OBIBPL_00059"
"lysM","","LysM domain-containing protein","2","2","1","1","791","","","","1040","1040","1040","LIHGCB_00704","OBIBPL_00703"
"group_801","hypothetical protein","hypothetical protein","2","2","1","1","96","","","","419","419","419","LIHGCB_00934","OBIBPL_00932"
"group_802","hypothetical protein","hypothetical protein","2","2","1","1","855","","","","782","782","782","LIHGCB_00768","OBIBPL_00767"
"Holo-[acyl-carrier-protein] synthase","","Holo-[acyl-carrier-protein] synthase","2","2","1","1","904","","","","377","377","377","LIHGCB_00820","OBIBPL_00819"
"group_804","hypothetical protein","hypothetical protein","2","2","1","1","840","","","","959","959","959","LIHGCB_00753","OBIBPL_00752"
"Exodeoxyribonuclease III","","Exodeoxyribonuclease III","2","2","1","1","246","","","","794","794","794","LIHGCB_00126","OBIBPL_00127"
"group_806","dnaJ","Chaperone DnaJ","2","2","1","1","217","","","","656","656","656","LIHGCB_00094","OBIBPL_00094"
"group_807","hypothetical protein","hypothetical protein","2","2","1","1","749","","","","512","512","512","LIHGCB_00657","OBIBPL_00656"
"group_808","hypothetical protein","hypothetical protein","2","2","1","1","376","","","","1280","1280","1280","LIHGCB_00265","OBIBPL_00267"
"UPF0056 inner membrane protein","","UPF0056 inner membrane protein","2","2","1","1","54","","","","599","599","599","LIHGCB_00976","OBIBPL_00973"
"group_81","lolD","Lipoprotein-releasing system ATP-binding protein LolD","2","2","1","1","77","","","","707","707","707","LIHGCB_00953","OBIBPL_00950"
"Uncharacterized protein TP_0226","","Uncharacterized protein TP_0226","2","2","1","1","343","","","","686","686","686","LIHGCB_00230","OBIBPL_00232"
"group_811","hypothetical protein","hypothetical protein","2","2","1","1","175","","","","236","236","236","LIHGCB_00052","OBIBPL_00052"
"DUF4015 domain-containing protein","","DUF4015 domain-containing protein","2","2","1","1","202","","","","1994","1994","1994","LIHGCB_00079","OBIBPL_00079"
"Spermidine/putrescine ABC transporter permease","","Spermidine/putrescine ABC transporter permease","2","2","1","1","742","","","","899","899","899","LIHGCB_00650","OBIBPL_00649"
"group_814","hypothetical protein","hypothetical protein","2","2","1","1","600","","","","896","896","896","LIHGCB_00499","OBIBPL_00496"
"putative transcriptional regulatory protein DET0444","","putative transcriptional regulatory protein DET0444","2","2","1","1","574","","","","737","737","737","LIHGCB_00470","OBIBPL_00467"
"group_816","hypothetical protein","hypothetical protein","2","2","1","1","562","","","","620","620","620","LIHGCB_00459","OBIBPL_00456"
"DNA gyrase subunit B","","DNA gyrase subunit B","2","2","1","1","37","","","","1913","1913","1913","LIHGCB_00995","OBIBPL_00992"
"ftsZ","","Cell division protein FtsZ","2","2","1","1","449","","","","1253","1253","1253","LIHGCB_00391","OBIBPL_00388"
"group_819","hypothetical protein","hypothetical protein","2","2","1","1","534","","","","533","533","533","LIHGCB_00432","OBIBPL_00429"
"radA","","DNA repair protein RadA","2","2","1","1","21","","","","1367","1367","1367","LIHGCB_01011","OBIBPL_01008"
"Uncharacterized protein TP_0021","","Uncharacterized protein TP_0021","2","2","1","1","145","","","","2390","2390","2390","LIHGCB_00022","OBIBPL_00022"
"group_821","hypothetical protein","hypothetical protein","2","2","1","1","669","","","","1082","1082","1082","LIHGCB_00572","OBIBPL_00569"
"Motility protein B","","Motility protein B","2","2","1","1","809","","","","716","716","716","LIHGCB_00722","OBIBPL_00721"
"ABC-type uncharacterized transport system domain-containing protein","","ABC-type uncharacterized transport system domain-containing protein","2","2","1","1","952","","","","1448","1448","1448","LIHGCB_00868","OBIBPL_00866"
"RNA polymerase sigma factor","","RNA polymerase sigma factor","2","2","1","1","794","","","","788","788","788","LIHGCB_00707","OBIBPL_00706"
"group_825","hypothetical protein","hypothetical protein","2","2","1","1","938","","","","767","767","767","LIHGCB_00854","OBIBPL_00852"
"group_826","hypothetical protein","hypothetical protein","2","2","1","1","159","","","","995","995","995","LIHGCB_00036","OBIBPL_00036"
"group_827","hypothetical protein","hypothetical protein","2","2","1","1","55","","","","383","383","383","LIHGCB_00975","OBIBPL_00972"
"Fibronectin type-III domain-containing protein","","Fibronectin type-III domain-containing protein","2","2","1","1","379","","","","1607","1607","1607","LIHGCB_00268","OBIBPL_00270"
"ATP-dependent Clp protease proteolytic subunit 2","","ATP-dependent Clp protease proteolytic subunit 2","2","2","1","1","1","","","","599","599","599","LIHGCB_01030","OBIBPL_01027"
"group_83","hypothetical protein","hypothetical protein","2","2","1","1","688","","","","635","635","635","LIHGCB_00595","OBIBPL_00592"
"Single-stranded DNA-binding protein","","Single-stranded DNA-binding protein","2","2","1","1","181","","","","530","530","530","LIHGCB_00058","OBIBPL_00058"
"Ribonuclease H","","Ribonuclease H","2","2","1","1","485","","","","509","509","509","LIHGCB_00354","OBIBPL_00352"
"Endolytic murein transglycosylase","","Endolytic murein transglycosylase","2","2","1","1","590","","","","1055","1055","1055","LIHGCB_00488","OBIBPL_00485"
"group_833","hypothetical protein","hypothetical protein","2","2","1","1","964","","","","2696","2696","2696","LIHGCB_00880","OBIBPL_00878"
"scpB","","SMC-Scp complex subunit ScpB","2","2","1","1","560","","","","578","578","578","LIHGCB_00457","OBIBPL_00454"
"Large ribosomal subunit protein bL27","","Large ribosomal subunit protein bL27","2","2","1","1","828","","","","263","263","263","LIHGCB_00741","OBIBPL_00740"
"lemA","","LemA family protein","2","2","1","1","668","","","","614","614","614","LIHGCB_00571","OBIBPL_00568"
"group_837","hypothetical protein","hypothetical protein","2","2","1","1","584","","","","1844","1844","1844","LIHGCB_00480","OBIBPL_00477"
"Glycerol-3-phosphate dehydrogenase [NAD(P)+]","","Glycerol-3-phosphate dehydrogenase [NAD(P)+]","2","2","1","1","34","","","","1070","1070","1070","LIHGCB_00998","OBIBPL_00995"
"Peptidase M16C associated domain-containing protein","","Peptidase M16C associated domain-containing protein","2","2","1","1","148","","","","3071","3071","3071","LIHGCB_00025","OBIBPL_00025"
"Putative pyridoxine kinase","","Putative pyridoxine kinase","2","2","1","1","235","","","","809","809","809","LIHGCB_00115","OBIBPL_00116"
"4-diphosphocytidyl-2-C-methyl-D-erythritol kinase","","4-diphosphocytidyl-2-C-methyl-D-erythritol kinase","2","2","1","1","466","","","","836","836","836","LIHGCB_00373","OBIBPL_00371"
"Phospho-N-acetylmuramoyl-pentapeptide-transferase","","Phospho-N-acetylmuramoyl-pentapeptide-transferase","2","2","1","1","493","","","","1091","1091","1091","LIHGCB_00346","OBIBPL_00344"
"Cytidylate kinase","","Cytidylate kinase","2","2","1","1","496","","","","560","560","560","LIHGCB_00343","OBIBPL_00341"
"Translation initiation factor IF-1","","Translation initiation factor IF-1","2","2","1","1","216","","","","218","218","218","LIHGCB_00093","OBIBPL_00093"
"group_844","Tetratricopeptide repeat protein","Tetratricopeptide repeat protein","2","2","1","1","897","","","","761","761","761","LIHGCB_00813","OBIBPL_00812"
"group_845","hypothetical protein","hypothetical protein","2","2","1","1","969","","","","527","527","527","LIHGCB_00885","OBIBPL_00883"
"Glutamate transporter, putative","","Glutamate transporter, putative","2","2","1","1","108","","","","1223","1223","1223","LIHGCB_00921","OBIBPL_00919"
"group_847","hypothetical protein","hypothetical protein","2","2","1","1","6","","","","2378","2378","2378","LIHGCB_01025","OBIBPL_01022"
"Lipoprotein ABC superfamily ATP binding cassette transporter, membrane protein","","Lipoprotein ABC superfamily ATP binding cassette transporter, membrane protein","2","2","1","1","678","","","","1487","1487","1487","LIHGCB_00581","OBIBPL_00578"
"group_849","hypothetical protein","hypothetical protein","2","2","1","1","382","","","","89","89","89","LIHGCB_00272","OBIBPL_00274"
"Triosephosphate isomerase","","Triosephosphate isomerase","2","2","1","1","634","","","","749","749","749","LIHGCB_00536","OBIBPL_00533"
"group_850","hypothetical protein","hypothetical protein","2","2","1","1","823","","","","335","335","335","LIHGCB_00736","OBIBPL_00735"
"Putative galactokinase","","Putative galactokinase","2","2","1","1","521","","","","1166","1166","1166","LIHGCB_00419","OBIBPL_00416"
"Putative zinc metalloprotease TP_0600","","Putative zinc metalloprotease TP_0600","2","2","1","1","692","","","","1352","1352","1352","LIHGCB_00599","OBIBPL_00596"
"group_853","hypothetical protein","hypothetical protein","2","2","1","1","293","","","","1520","1520","1520","LIHGCB_00175","OBIBPL_00178"
"group_854","hypothetical protein","hypothetical protein","2","2","1","1","264","","","","1007","1007","1007","LIHGCB_00144","OBIBPL_00146"
"group_855","Sugar ABC superfamily ATP binding cassette transporter, binding protein","Sugar ABC superfamily ATP binding cassette transporter, binding protein","2","2","1","1","193","","","","1409","1409","1409","LIHGCB_00070","OBIBPL_00070"
"Basic membrane protein","","Basic membrane protein","2","2","1","1","27","","","","1085","1085","1085","LIHGCB_01005","OBIBPL_01002"
"recJ","","Single-stranded-DNA-specific exonuclease RecJ","2","2","1","1","789","","","","2294","2294","2294","LIHGCB_00702","OBIBPL_00701"
"group_858","hypothetical protein","hypothetical protein","2","2","1","1","422","","","","296","296","296","LIHGCB_00316","OBIBPL_00317"
"Proline--tRNA ligase","","Proline--tRNA ligase","2","2","1","1","282","","","","1859","1859","1859","LIHGCB_00163","OBIBPL_00166"
"group_860","hypothetical protein","hypothetical protein","2","2","1","1","713","","","","296","296","296","LIHGCB_00618","OBIBPL_00616"
"Sigma-54 factor interaction domain-containing protein","","Sigma-54 factor interaction domain-containing protein","2","2","1","1","201","","","","1586","1586","1586","LIHGCB_00078","OBIBPL_00078"
"lptD","","LptD C-terminal domain-containing protein","2","2","1","1","612","","","","2975","2981","2978","LIHGCB_00514","OBIBPL_00511"
"Large ribosomal subunit protein uL4","","Large ribosomal subunit protein uL4","2","2","1","1","306","","","","674","674","674","LIHGCB_00188","OBIBPL_00191"
"HTH cro/C1-type domain-containing protein","","HTH cro/C1-type domain-containing protein","2","2","1","1","504","","","","1217","1217","1217","LIHGCB_00335","OBIBPL_00333"
"NADPH-dependent glutamate synthase","","NADPH-dependent glutamate synthase","2","2","1","1","820","","","","1406","1406","1406","LIHGCB_00733","OBIBPL_00732"
"group_866","hypothetical protein","hypothetical protein","2","2","1","1","292","","","","1367","1367","1367","LIHGCB_00174","OBIBPL_00177"
"group_867","hypothetical protein","hypothetical protein","2","2","1","1","237","","","","1247","1247","1247","LIHGCB_00117","OBIBPL_00118"
"group_868","hypothetical protein","hypothetical protein","2","2","1","1","252","","","","1247","1247","1247","LIHGCB_00132","OBIBPL_00134"
"secF","","Protein translocase subunit SecF","2","2","1","1","428","","","","1262","1262","1262","LIHGCB_00412","OBIBPL_00409"
"group_87","hypothetical protein","hypothetical protein","2","2","1","1","967","","","","134","134","134","LIHGCB_00883","OBIBPL_00881"
"group_870","hypothetical protein","hypothetical protein","2","2","1","1","62","","","","1055","1055","1055","LIHGCB_00968","OBIBPL_00965"
"Bifunctional cysteine sulfinate desulfinase/cysteine desulfurase","","Bifunctional cysteine sulfinate desulfinase/cysteine desulfurase","2","2","1","1","939","","","","1283","1283","1283","LIHGCB_00855","OBIBPL_00853"
"Methyl-accepting chemotaxis protein","","Methyl-accepting chemotaxis protein","2","2","1","1","587","","","","2309","2309","2309","LIHGCB_00483","OBIBPL_00480"
"fliK","","Flagellar hook-length control protein FliK","2","2","1","1","814","","","","1643","1643","1643","LIHGCB_00727","OBIBPL_00726"
"DUF2147 domain-containing protein","","DUF2147 domain-containing protein","2","2","1","1","687","","","","587","590","588","LIHGCB_00594","OBIBPL_00591"
"group_875","hypothetical protein","hypothetical protein","2","2","1","1","630","","","","1685","1685","1685","LIHGCB_00532","OBIBPL_00529"
"group_876","hypothetical protein","hypothetical protein","2","2","1","1","517","","","","1742","1742","1742","LIHGCB_00317","OBIBPL_00318"
"cheX","","CheY-P phosphatase CheX","2","2","1","1","472","","","","464","464","464","LIHGCB_00367","OBIBPL_00365"
"Leucine--tRNA ligase","","Leucine--tRNA ligase","2","2","1","1","681","","","","2636","2636","2636","LIHGCB_00584","OBIBPL_00581"
"SUF system FeS cluster assembly SufBD core domain-containing protein","","SUF system FeS cluster assembly SufBD core domain-containing protein","2","2","1","1","704","","","","1148","1148","1148","LIHGCB_00612","OBIBPL_00609"
"putative exoribonuclease II","","putative exoribonuclease II","2","2","1","1","884","","","","2102","2102","2102","LIHGCB_00800","OBIBPL_00799"
"ugpC","","sn-glycerol-3-phosphate ABC transporter ATP-binding protein UgpC","2","2","1","1","883","","","","1163","1163","1163","LIHGCB_00799","OBIBPL_00798"
"Glucose/galactose-binding lipoprotein","","Glucose/galactose-binding lipoprotein","2","2","1","1","771","","","","1211","1211","1211","LIHGCB_00682","OBIBPL_00681"
"Uncharacterized protein TP_0381","","Uncharacterized protein TP_0381","2","2","1","1","457","","","","716","716","716","LIHGCB_00383","OBIBPL_00380"
"TIGR03545 family protein","","TIGR03545 family protein","2","2","1","1","581","","","","2249","2249","2249","LIHGCB_00477","OBIBPL_00474"
"rnfC","","putative NADH dehydrogenase (Ubiquinone), subunit RnfC","2","2","1","1","274","","","","1484","1484","1484","LIHGCB_00155","OBIBPL_00158"
"group_886","hypothetical protein","hypothetical protein","2","2","1","1","238","","","","590","590","590","LIHGCB_00118","OBIBPL_00119"
"group_887","hypothetical protein","hypothetical protein","2","2","1","1","253","","","","590","590","590","LIHGCB_00133","OBIBPL_00135"
"group_888","hypothetical protein","hypothetical protein","2","2","1","1","776","","","","1382","1382","1382","LIHGCB_00687","OBIBPL_00686"
"group_889","hypothetical protein","hypothetical protein","2","2","1","1","200","","","","848","848","848","LIHGCB_00077","OBIBPL_00077"
"Uncharacterized protein TP_0675","","Uncharacterized protein TP_0675","2","2","1","1","762","","","","1040","1040","1040","LIHGCB_00672","OBIBPL_00671"
"phoU","","PhoU domain-containing protein","2","2","1","1","854","","","","1661","1661","1661","LIHGCB_00767","OBIBPL_00766"
"Uncharacterized protein TP_0956","","Uncharacterized protein TP_0956","2","2","1","1","85","","","","1025","1025","1025","LIHGCB_00945","OBIBPL_00942"
"Pyruvate, phosphate dikinase","","Pyruvate, phosphate dikinase","2","2","1","1","831","","","","2705","2705","2705","LIHGCB_00744","OBIBPL_00743"
"Outer membrane protein beta-barrel domain-containing protein","","Outer membrane protein beta-barrel domain-containing protein","2","2","1","1","255","","","","731","731","731","LIHGCB_00135","OBIBPL_00137"
"group_894","hypothetical protein","hypothetical protein","2","2","1","1","674","","","","881","881","881","LIHGCB_00577","OBIBPL_00574"
"Putative L-lysine 2,3-aminomutase","","Putative L-lysine 2,3-aminomutase","2","2","1","1","242","","","","1076","1076","1076","LIHGCB_00122","OBIBPL_00123"
"Elongation factor 4","","Elongation factor 4","2","2","1","1","607","","","","1808","1808","1808","LIHGCB_00509","OBIBPL_00506"
"group_897","hypothetical protein","hypothetical protein","2","2","1","1","386","","","","1448","1448","1448","LIHGCB_00280","OBIBPL_00282"
"V-type ATP synthase subunit I 1","","V-type ATP synthase subunit I 1","2","2","1","1","531","","","","1868","1868","1868","LIHGCB_00429","OBIBPL_00426"
"group_899","hypothetical protein","hypothetical protein","2","2","1","1","727","","","","764","770","767","LIHGCB_00632","OBIBPL_00630"
"group_90","hypothetical protein","hypothetical protein","2","2","1","1","390","","","","791","791","791","LIHGCB_00284","OBIBPL_00286"
"Uridine phosphorylase","","Uridine phosphorylase","2","2","1","1","15","","","","875","875","875","LIHGCB_01017","OBIBPL_01014"
"murJ","","putative lipid II flippase MurJ","2","2","1","1","613","","","","1580","1580","1580","LIHGCB_00515","OBIBPL_00512"
"putative bifunctional choline-phosphate cytidylyltransferase/choline kinase","","putative bifunctional choline-phosphate cytidylyltransferase/choline kinase","2","2","1","1","227","","","","1811","1811","1811","LIHGCB_00104","OBIBPL_00105"
"Glutamate racemase","","Glutamate racemase","2","2","1","1","433","","","","989","989","989","LIHGCB_00407","OBIBPL_00404"
"Thioredoxin reductase","","Thioredoxin reductase","2","2","1","1","892","","","","923","923","923","LIHGCB_00808","OBIBPL_00807"
"flgE","","Flagellar hook protein FlgE","2","2","1","1","812","","","","1391","1391","1391","LIHGCB_00725","OBIBPL_00724"
"flaA","","Flagellar filament outer layer protein FlaA","2","2","1","1","752","","","","725","725","725","LIHGCB_00660","OBIBPL_00659"
"Chromosome partition protein Smc","","Chromosome partition protein Smc","2","2","1","1","470","","","","2825","2825","2825","LIHGCB_00369","OBIBPL_00367"
"group_908","Tetratricopeptide repeat protein","Tetratricopeptide repeat protein","2","2","1","1","714","","","","1781","1781","1781","LIHGCB_00619","OBIBPL_00617"
"recA","","Protein RecA","2","2","1","1","779","","","","1223","1223","1223","LIHGCB_00690","OBIBPL_00689"
"group_91","hypothetical protein","hypothetical protein","2","2","1","1","270","","","","575","575","575","LIHGCB_00151","OBIBPL_00154"
"Trk family potassium (K+) transporter, membrane protein","","Trk family potassium (K+) transporter, membrane protein","2","2","1","1","610","","","","1454","1454","1454","LIHGCB_00512","OBIBPL_00509"
"mnmE","","tRNA modification GTPase MnmE","2","2","1","1","647","","","","1487","1487","1487","LIHGCB_00549","OBIBPL_00546"
"76K protein","","76K protein","2","2","1","1","144","","","","2108","2108","2108","LIHGCB_00015","OBIBPL_00015"
"group_913","hypothetical protein","hypothetical protein","2","2","1","1","44","","","","2399","2399","2399","LIHGCB_00988","OBIBPL_00985"
"4-hydroxy-3-methylbut-2-enyl diphosphate reductase","","4-hydroxy-3-methylbut-2-enyl diphosphate reductase","2","2","1","1","643","","","","1061","1061","1061","LIHGCB_00546","OBIBPL_00543"
"HD domain-containing protein","","HD domain-containing protein","2","2","1","1","740","","","","2549","2564","2556","LIHGCB_00648","OBIBPL_00647"
"group_916","Methyl-accepting chemotaxis protein","Methyl-accepting chemotaxis protein","2","2","1","1","730","","","","1844","1844","1844","LIHGCB_00638","OBIBPL_00637"
"group_917","hypothetical protein","hypothetical protein","2","2","1","1","271","","","","590","593","591","LIHGCB_00152","OBIBPL_00155"
"Uncharacterized protein TP_0304","","Uncharacterized protein TP_0304","2","2","1","1","413","","","","2927","2927","2927","LIHGCB_00307","OBIBPL_00309"
"Cyclic nucleotide-binding domain-containing protein","","Cyclic nucleotide-binding domain-containing protein","2","2","1","1","208","","","","1235","1235","1235","LIHGCB_00085","OBIBPL_00085"
"group_92","hypothetical protein","hypothetical protein","2","2","1","1","251","","","","467","467","467","LIHGCB_00131","OBIBPL_00133"
"Cobalt ABC transporter, ATP-binding protein","","Cobalt ABC transporter, ATP-binding protein","2","2","1","1","344","","","","767","767","767","LIHGCB_00231","OBIBPL_00233"
"group_921","hypothetical protein","hypothetical protein","2","2","1","1","69","","","","1661","1661","1661","LIHGCB_00961","OBIBPL_00958"
"group_922","hypothetical protein","hypothetical protein","2","2","1","1","248","","","","638","638","638","LIHGCB_00128","OBIBPL_00129"
"group_923","flaA","Flagellar filament outer layer protein FlaA","2","2","1","1","751","","","","728","728","728","LIHGCB_00659","OBIBPL_00658"
"group_924","hypothetical protein","hypothetical protein","2","2","1","1","890","","","","1451","1451","1451","LIHGCB_00806","OBIBPL_00805"
"putative methyl-accepting chemotaxis protein","","putative methyl-accepting chemotaxis protein","2","2","1","1","161","","","","2399","2417","2408","LIHGCB_00038","OBIBPL_00038"
"mglC","","Galactose/methyl galactoside import permease protein MglC","2","2","1","1","773","","","","1595","1595","1595","LIHGCB_00684","OBIBPL_00683"
"Sporulation initiation inhibitor protein Soj","","Sporulation initiation inhibitor protein Soj","2","2","1","1","389","","","","761","761","761","LIHGCB_00283","OBIBPL_00285"
"Uncharacterized protein TP_0747","","Uncharacterized protein TP_0747","2","2","1","1","832","","","","1034","1034","1034","LIHGCB_00745","OBIBPL_00744"
"group_929","hypothetical protein","hypothetical protein","2","2","1","1","569","","","","1952","1952","1952","LIHGCB_00465","OBIBPL_00462"
"mraZ","","Transcriptional regulator MraZ","2","2","1","1","456","","","","449","449","449","LIHGCB_00384","OBIBPL_00381"
"Response regulatory domain-containing protein","","Response regulatory domain-containing protein","2","2","1","1","471","","","","434","434","434","LIHGCB_00368","OBIBPL_00366"
"fliF","","FliF","2","2","1","1","440","","","","1703","1703","1703","LIHGCB_00400","OBIBPL_00397"
"Alginate O-acetylation protein","","Alginate O-acetylation protein","2","2","1","1","663","","","","1487","1487","1487","LIHGCB_00566","OBIBPL_00563"
"group_933","Sigma-54 factor interaction domain-containing protein","Sigma-54 factor interaction domain-containing protein","2","2","1","1","616","","","","1376","1376","1376","LIHGCB_00518","OBIBPL_00515"
"Periplasmic serine protease, putative","","Periplasmic serine protease, putative","2","2","1","1","642","","","","1715","1715","1715","LIHGCB_00545","OBIBPL_00542"
"group_935","hypothetical protein","hypothetical protein","2","2","1","1","556","","","","686","689","687","LIHGCB_00453","OBIBPL_00450"
"Bifunctional enzyme IspD/IspF","","Bifunctional enzyme IspD/IspF","2","2","1","1","609","","","","1247","1247","1247","LIHGCB_00511","OBIBPL_00508"
"ABC transport system ATP-binding protein","","ABC transport system ATP-binding protein","2","2","1","1","914","","","","1664","1664","1664","LIHGCB_00830","OBIBPL_00829"
"Transketolase","","Transketolase","2","2","1","1","657","","","","1985","1985","1985","LIHGCB_00560","OBIBPL_00557"
"Large ribosomal subunit protein bL12","","Large ribosomal subunit protein bL12","2","2","1","1","356","","","","389","389","389","LIHGCB_00245","OBIBPL_00247"
"group_94","hypothetical protein","hypothetical protein","2","2","1","1","468","","","","1538","1538","1538","LIHGCB_00371","OBIBPL_00369"
"UDP-N-acetylmuramate--L-alanine ligase","","UDP-N-acetylmuramate--L-alanine ligase","2","2","1","1","497","","","","1445","1445","1445","LIHGCB_00342","OBIBPL_00340"
"group_941","J domain-containing protein","J domain-containing protein","2","2","1","1","919","","","","797","797","797","LIHGCB_00835","OBIBPL_00834"
"Uncharacterized protein TP_0584","","Uncharacterized protein TP_0584","2","2","1","1","679","","","","1409","1409","1409","LIHGCB_00582","OBIBPL_00579"
"flhF","","Flagellar biosynthesis protein FlhF","2","2","1","1","798","","","","1313","1313","1313","LIHGCB_00711","OBIBPL_00710"
"Type III pantothenate kinase","","Type III pantothenate kinase","2","2","1","1","533","","","","821","821","821","LIHGCB_00431","OBIBPL_00428"
"Outer membrane protein TP0453","","Outer membrane protein TP0453","2","2","1","1","554","","","","806","806","806","LIHGCB_00451","OBIBPL_00448"
"group_946","UPF0164 protein TP_0858","UPF0164 protein TP_0858","2","2","1","1","933","","","","1118","1118","1118","LIHGCB_00849","OBIBPL_00848"
"group_947","hypothetical protein","hypothetical protein","2","2","1","1","961","","","","827","827","827","LIHGCB_00877","OBIBPL_00875"
"Small-conductance mechanosensitive channel","","Small-conductance mechanosensitive channel","2","2","1","1","899","","","","941","941","941","LIHGCB_00815","OBIBPL_00814"
"Flagellar hook-associated protein 1","","Flagellar hook-associated protein 1","2","2","1","1","748","","","","1877","1877","1877","LIHGCB_00656","OBIBPL_00655"
"group_95","hypothetical protein","hypothetical protein","2","2","1","1","106","","","","1010","1010","1010","LIHGCB_00924","OBIBPL_00922"
"Biotin carboxylase","","Biotin carboxylase","2","2","1","1","782","","","","1793","1793","1793","LIHGCB_00694","OBIBPL_00693"
"V-type ATP synthase alpha chain","","V-type ATP synthase alpha chain","2","2","1","1","528","","","","1769","1769","1769","LIHGCB_00426","OBIBPL_00423"
"Glutamate--tRNA ligase","","Glutamate--tRNA ligase","2","2","1","1","760","","","","1703","1703","1703","LIHGCB_00670","OBIBPL_00669"
"Pyruvate carboxylase subunit B","","Pyruvate carboxylase subunit B","2","2","1","1","176","","","","1781","1781","1781","LIHGCB_00053","OBIBPL_00053"
"group_954","DNA 3'-5' helicase","DNA 3'-5' helicase","2","2","1","1","972","","","","3752","3755","3753","LIHGCB_00887","OBIBPL_00885"
"Uncharacterized protein TP_0179","","Uncharacterized protein TP_0179","2","2","1","1","296","","","","1883","1883","1883","LIHGCB_00178","OBIBPL_00181"
"group_956","hypothetical protein","hypothetical protein","2","2","1","1","586","","","","2021","2021","2021","LIHGCB_00482","OBIBPL_00479"
"group_957","hypothetical protein","hypothetical protein","2","2","1","1","715","","","","1592","1592","1592","LIHGCB_00620","OBIBPL_00618"
"MATE family multi antimicrobial extrusion protein OR","","MATE family multi antimicrobial extrusion protein OR","2","2","1","1","974","","","","1412","1412","1412","LIHGCB_00889","OBIBPL_00887"
"group_959","hypothetical protein","hypothetical protein","2","2","1","1","342","","","","107","107","107","LIHGCB_00225","OBIBPL_00227"
"group_96","hypothetical protein","hypothetical protein","2","2","1","1","307","","","","284","284","284","LIHGCB_00189","OBIBPL_00192"
"group_960","hypothetical protein","hypothetical protein","2","2","1","1","383","","","","107","107","107","LIHGCB_00273","OBIBPL_00275"
"Peptidoglycan glycosyltransferase","","Peptidoglycan glycosyltransferase","2","2","1","1","598","","","","1874","1874","1874","LIHGCB_00497","OBIBPL_00494"
"group_962","hypothetical protein","hypothetical protein","2","2","1","1","815","","","","851","851","851","LIHGCB_00728","OBIBPL_00727"
"Peptidase M15C domain-containing protein","","Peptidase M15C domain-containing protein","2","2","1","1","685","","","","1502","1502","1502","LIHGCB_00592","OBIBPL_00589"
"Uncharacterized protein TP_0966","","Uncharacterized protein TP_0966","2","2","1","1","75","","","","1658","1664","1661","LIHGCB_00955","OBIBPL_00952"
"HAMP domain-containing protein","","HAMP domain-containing protein","2","2","1","1","930","","","","4601","4601","4601","LIHGCB_00846","OBIBPL_00845"
"Large ribosomal subunit protein uL6","","Large ribosomal subunit protein uL6","2","2","1","1","319","","","","539","539","539","LIHGCB_00201","OBIBPL_00204"
"mreC","","Cell shape-determining protein MreC","2","2","1","1","596","","","","863","863","863","LIHGCB_00495","OBIBPL_00492"
"Uncharacterized protein TP_0967","","Uncharacterized protein TP_0967","2","2","1","1","74","","","","1538","1538","1538","LIHGCB_00956","OBIBPL_00953"
"SSD domain-containing protein","","SSD domain-containing protein","2","2","1","1","873","","","","2651","2651","2651","LIHGCB_00788","OBIBPL_00788"
"Hemolysin, putative","","Hemolysin, putative","2","2","1","1","151","","","","1361","1361","1361","LIHGCB_00028","OBIBPL_00028"
"group_970","hypothetical protein","hypothetical protein","2","2","1","1","59","","","","674","674","674","LIHGCB_00971","OBIBPL_00968"
"Methionine aminopeptidase","","Methionine aminopeptidase","2","2","1","1","918","","","","767","767","767","LIHGCB_00834","OBIBPL_00833"
"CheW-like domain-containing protein","","CheW-like domain-containing protein","2","2","1","1","541","","","","473","473","473","LIHGCB_00438","OBIBPL_00435"
"MgtC/SapB/SrpB/YhiD N-terminal domain-containing protein","","MgtC/SapB/SrpB/YhiD N-terminal domain-containing protein","2","2","1","1","856","","","","674","674","674","LIHGCB_00771","OBIBPL_00771"
"Long-chain-fatty-acid--CoA ligase","","Long-chain-fatty-acid--CoA ligase","2","2","1","1","265","","","","1970","1970","1970","LIHGCB_00145","OBIBPL_00147"
"group_975","hypothetical protein","hypothetical protein","2","2","1","1","341","","","","740","740","740","LIHGCB_00224","OBIBPL_00226"
"Poly(A) polymerase","","Poly(A) polymerase","2","2","1","1","689","","","","1112","1112","1112","LIHGCB_00596","OBIBPL_00593"
"group_977","HD-GYP domain-containing protein","HD-GYP domain-containing protein","2","2","1","1","984","","","","1250","1250","1250","LIHGCB_00899","OBIBPL_00897"
"tRNA pseudouridine synthase A","","tRNA pseudouridine synthase A","2","2","1","1","906","","","","785","785","785","LIHGCB_00822","OBIBPL_00821"
"putative nicotinamidase","","putative nicotinamidase","2","2","1","1","783","","","","818","818","818","LIHGCB_00695","OBIBPL_00694"
"group_98","hypothetical protein","hypothetical protein","2","2","1","1","295","","","","926","926","926","LIHGCB_00177","OBIBPL_00180"
"Pyrophosphate--fructose 6-phosphate 1-phosphotransferase","","Pyrophosphate--fructose 6-phosphate 1-phosphotransferase","2","2","1","1","638","","","","1721","1721","1721","LIHGCB_00541","OBIBPL_00538"
"Primosomal protein N'","","Primosomal protein N'","2","2","1","1","347","","","","1973","1973","1973","LIHGCB_00234","OBIBPL_00236"
"group_982","DNA 3'-5' helicase","DNA 3'-5' helicase","2","2","1","1","14","","","","2042","2057","2049","LIHGCB_01018","OBIBPL_01015"
"UPF0164 protein TP_0865","","UPF0164 protein TP_0865","2","2","1","1","941","","","","1427","1427","1427","LIHGCB_00857","OBIBPL_00855"
"group_984","hypothetical protein","hypothetical protein","2","2","1","1","977","","","","371","371","371","LIHGCB_00892","OBIBPL_00890"
"Uncharacterized protein TP_0968","","Uncharacterized protein TP_0968","2","2","1","1","73","","","","1622","1622","1622","LIHGCB_00957","OBIBPL_00954"
"Uncharacterized lipoprotein TP_0134","","Uncharacterized lipoprotein TP_0134","2","2","1","1","254","","","","1262","1262","1262","LIHGCB_00134","OBIBPL_00136"
"group_987","hypothetical protein","hypothetical protein","2","2","1","1","763","","","","278","278","278","LIHGCB_00673","OBIBPL_00672"
"Lipoprotein","","Lipoprotein","2","2","1","1","492","","","","695","701","698","LIHGCB_00347","OBIBPL_00345"
"group_989","DUF2715 domain-containing protein","DUF2715 domain-containing protein","2","2","1","1","579","","","","605","605","605","LIHGCB_00475","OBIBPL_00472"
"group_99","hypothetical protein","hypothetical protein","2","2","1","1","844","","","","878","878","878","LIHGCB_00757","OBIBPL_00756"
"ILT iron/lead superfamily transporter","","ILT iron/lead superfamily transporter","2","2","1","1","70","","","","1346","1346","1346","LIHGCB_00960","OBIBPL_00957"
"Restriction endonuclease type IV Mrr domain-containing protein","","Restriction endonuclease type IV Mrr domain-containing protein","2","2","1","1","571","","","","1373","1373","1373","LIHGCB_00467","OBIBPL_00464"
"group_13","hypothetical protein","hypothetical protein","1","1","1","1","710","29","1","","1304","1304","1304","LIHGCB_00320",""
"group_14","hypothetical protein","hypothetical protein","1","1","1","1","124","30","2","","1712","1712","1712","LIHGCB_00617",""
"group_2","hypothetical protein","hypothetical protein","1","1","1","1","129","26","1","","695","695","695","","OBIBPL_00099"
"group_32","hypothetical protein","hypothetical protein","1","1","1","1","127","28","2","","608","608","608","","OBIBPL_00131"
"group_33","Tpr protein K","Tpr protein K","1","1","1","1","971","6","1","","1472","1472","1472","","OBIBPL_00884"
"group_34","Uncharacterized lipoprotein TP_0134","Uncharacterized lipoprotein TP_0134","1","1","1","1","257","5","1","","1214","1214","1214","LIHGCB_00137",""
"group_35","hypothetical protein","hypothetical protein","1","1","1","1","125","22","1","","110","110","110","LIHGCB_00223",""
"group_36","hypothetical protein","hypothetical protein","1","1","1","1","465","15","1","","590","590","590","LIHGCB_00375",""
"group_37","hypothetical protein","hypothetical protein","1","1","1","1","423","27","1","","524","524","524","LIHGCB_00416",""
"Acidic repeat protein","","Acidic repeat protein","1","1","1","1","536","8","1","","2279","2279","2279","LIHGCB_00433",""
"group_39","Uncharacterized lipoprotein TP_0462/TP_0463","Uncharacterized lipoprotein TP_0462/TP_0463","1","1","1","1","564","25","1","","1271","1271","1271","LIHGCB_00461",""
"group_4","hypothetical protein","hypothetical protein","1","1","1","1","419","9","1","","584","584","584","LIHGCB_00313",""
"group_40","UPF0164 protein TP_0548","UPF0164 protein TP_0548","1","1","1","1","644","24","1","","1313","1313","1313","LIHGCB_00547",""
"Uncharacterized protein TP_0619","","Uncharacterized protein TP_0619","1","1","1","1","518","30","1","","704","704","704","LIHGCB_00616",""
"group_42","hypothetical protein","hypothetical protein","1","1","1","1","934","3","1","","737","737","737","LIHGCB_00850",""
"Large ribosomal subunit protein bL34","","Large ribosomal subunit protein bL34","1","1","1","1","90","13","1","","155","155","155","LIHGCB_00940",""
"Tpr protein L","","Tpr protein L","1","1","1","1","12","12","1","","1877","1877","1877","LIHGCB_01020",""
"Uncharacterized protein TP_0127","","Uncharacterized protein TP_0127","1","1","1","1","128","28","1","","668","668","668","","OBIBPL_00132"
"group_46","Uncharacterized lipoprotein TP_0134","Uncharacterized lipoprotein TP_0134","1","1","1","1","256","4","1","","1169","1169","1169","","OBIBPL_00139"
"group_47","hypothetical protein","hypothetical protein","1","1","1","1","126","23","1","","167","167","167","","OBIBPL_00149"
"group_48","hypothetical protein","hypothetical protein","1","1","1","1","515","14","1","","146","146","146","","OBIBPL_00320"
"group_49","hypothetical protein","hypothetical protein","1","1","1","1","424","21","1","","581","581","581","","OBIBPL_00413"
"group_50","Acidic repeat protein","Acidic repeat protein","1","1","1","1","535","19","1","","2159","2159","2159","","OBIBPL_00430"
"Uncharacterized lipoprotein TP_0462/TP_0463","","Uncharacterized lipoprotein TP_0462/TP_0463","1","1","1","1","565","10","1","","1268","1268","1268","","OBIBPL_00458"
"UPF0164 protein TP_0548","","UPF0164 protein TP_0548","1","1","1","1","645","20","1","","1277","1277","1277","","OBIBPL_00544"
"group_53","Methyl-accepting chemotaxis protein","Methyl-accepting chemotaxis protein","1","1","1","1","123","11","1","","1835","1835","1835","","OBIBPL_00636"
"group_54","hypothetical protein","hypothetical protein","1","1","1","1","122","1","1","","1199","1199","1199","","OBIBPL_00768"
"group_55","Tpr protein L","Tpr protein L","1","1","1","1","11","18","1","","1877","1877","1877","","OBIBPL_01017"
"group_6","clpA","ATP-dependent Clp protease ATP-binding subunit ClpA","1","1","1","1","121","16","1","","2318","2318","2318","LIHGCB_00797",""
"group_8","hypothetical protein","hypothetical protein","1","1","1","1","250","17","1","","458","458","458","LIHGCB_00130",""
"group_859","hypothetical protein","hypothetical protein","1","1","1","1","709","29","2","","296","296","296","LIHGCB_00321",""
"group_877","hypothetical protein","hypothetical protein","1","1","1","1","712","2","1","","1742","1742","1742","","OBIBPL_00615"
"Tpr protein K","","Tpr protein K","1","1","1","1","970","7","1","","1469","1469","1469","LIHGCB_00886",""
