12:42:48.115 - INFO - UTILS - version=1.11.4
12:42:48.115 - INFO - UTILS - developer: Oliver Schwengers, github.com/oschwengers
12:42:48.115 - INFO - UTILS - command: /Users/kenjikono/miniforge3/envs/bakta_env/bin/bakta --db /Users/kenjikono/bakta_db/db-light --output /Users/kenjikono/Downloads/Archive 2/Treponema_paraluiscuniculi/intermediate_bakta/GCF_030436145.1 --prefix GCF_030436145.1 --threads 8 --force /Users/kenjikono/Downloads/Archive 2/Treponema_paraluiscuniculi/input/GCF_030436145.1.fna
12:42:48.115 - INFO - UTILS - local time: 2026-06-16 12:42:48
12:42:48.125 - INFO - UTILS - machine: type=arm, cores=8
12:42:48.126 - INFO - UTILS - system: type=Darwin, release=24.6.0
12:42:48.126 - INFO - UTILS - python: version=3.11.15, implementation=CPython
12:42:48.126 - INFO - CONFIG - threads=8
12:42:48.126 - INFO - CONFIG - verbose=False
12:42:48.126 - INFO - CONFIG - debug=False
12:42:48.126 - INFO - CONFIG - database: type=parameter, path=/Users/kenjikono/bakta_db/db-light
12:42:48.127 - INFO - CONFIG - tmp-path=/private/var/folders/fw/6q_csqnj4979y2v5d3nfpcth0000gn/T/tmp_qv1eskt
12:42:48.127 - INFO - CONFIG - genome-path=/Users/kenjikono/Downloads/Archive 2/Treponema_paraluiscuniculi/input/GCF_030436145.1.fna
12:42:48.127 - INFO - CONFIG - min_contig_length=1
12:42:48.127 - INFO - CONFIG - prefix=GCF_030436145.1
12:42:48.127 - INFO - CONFIG - output-path=/Users/kenjikono/Downloads/Archive 2/Treponema_paraluiscuniculi/intermediate_bakta/GCF_030436145.1
12:42:48.127 - INFO - CONFIG - force=True
12:42:48.127 - INFO - CONFIG - genus=None
12:42:48.127 - INFO - CONFIG - species=None
12:42:48.127 - INFO - CONFIG - strain=None
12:42:48.127 - INFO - CONFIG - plasmid=None
12:42:48.127 - INFO - CONFIG - complete=False
12:42:48.127 - INFO - CONFIG - prodigal_tf=None
12:42:48.127 - INFO - CONFIG - translation_table=11
12:42:48.127 - INFO - CONFIG - gram=?
12:42:48.127 - INFO - CONFIG - compliant=False
12:42:48.127 - INFO - CONFIG - meta=False
12:42:48.127 - INFO - CONFIG - locus=None
12:42:48.127 - INFO - CONFIG - locus-tag=None
12:42:48.127 - INFO - CONFIG - locus-tag-increment=1
12:42:48.127 - INFO - CONFIG - keep_contig_headers=False
12:42:48.127 - INFO - CONFIG - replicon-table=None
12:42:48.127 - INFO - CONFIG - regions=None
12:42:48.127 - INFO - CONFIG - skip-tRNA=False
12:42:48.127 - INFO - CONFIG - skip-tmRNA=False
12:42:48.127 - INFO - CONFIG - skip-rRNA=False
12:42:48.127 - INFO - CONFIG - skip-ncRNA=False
12:42:48.127 - INFO - CONFIG - skip-ncRNA-region=False
12:42:48.127 - INFO - CONFIG - skip-CRISPR=False
12:42:48.127 - INFO - CONFIG - skip-CDS=False
12:42:48.127 - INFO - CONFIG - skip-pseudo=False
12:42:48.127 - INFO - CONFIG - skip-sORF=False
12:42:48.127 - INFO - CONFIG - skip-gap=False
12:42:48.127 - INFO - CONFIG - skip-ori=False
12:42:48.127 - INFO - CONFIG - skip-filter=False
12:42:48.127 - INFO - CONFIG - skip-plot=False
12:42:48.128 - INFO - DB - detected: major=6, minor=0, type=light, date=2025-02-24
12:42:48.205 - INFO - UTILS - dependency: tool=tRNAscan-SE, version=v2.0.12, path=/Users/kenjikono/miniforge3/envs/bakta_env/bin/tRNAscan-SE
12:42:48.215 - INFO - UTILS - dependency: tool=Aragorn, version=v1.2.41, path=/Users/kenjikono/miniforge3/envs/bakta_env/bin/aragorn
12:42:48.224 - INFO - UTILS - dependency: tool=CMscan, version=v1.1.5, path=/Users/kenjikono/miniforge3/envs/bakta_env/bin/cmscan
12:42:48.233 - INFO - UTILS - dependency: tool=PilerCR, version=v1.6.0, path=/Users/kenjikono/miniforge3/envs/bakta_env/bin/pilercr
12:42:48.288 - INFO - UTILS - dependency: tool=Pyrodigal, version=v3.7.1, path=/Users/kenjikono/miniforge3/envs/bakta_env/bin/python3.11
12:42:48.296 - INFO - UTILS - dependency: tool=AMRFinderPlus, version=v4.2.7, path=/Users/kenjikono/miniforge3/envs/bakta_env/bin/amrfinder
12:42:48.356 - INFO - UTILS - dependency: tool=Pyhmmer, version=v0.10.15, path=/Users/kenjikono/miniforge3/envs/bakta_env/bin/python3.11
12:42:48.367 - INFO - UTILS - dependency: tool=Diamond, version=v2.2.1, path=/Users/kenjikono/miniforge3/envs/bakta_env/bin/diamond
12:42:48.381 - INFO - UTILS - dependency: tool=Blastn, version=v2.16.0, path=/Users/kenjikono/miniforge3/envs/bakta_env/bin/blastn
12:42:48.994 - INFO - UTILS - dependency: tool=pyCirclize, version=v1.10.1, path=/Users/kenjikono/miniforge3/envs/bakta_env/bin/python3.11
12:42:49.008 - INFO - FASTA - imported: id=NZ_CP097901.1, length=1132489, description=Treponema paraluiscuniculi strain L2 chromosome, complete genome, genomic=True, dna=True
12:42:49.009 - INFO - MAIN - imported sequences=1
12:42:49.009 - INFO - UTILS - qc: revised sequence: id=contig_1, orig-id=NZ_CP097901.1, type=chromosome, complete=True, topology=circular, name=, description='[gcode=11] [completeness=complete] [topology=circular] [location=chromosome]', orig-description='Treponema paraluiscuniculi strain L2 chromosome, complete genome'
12:42:49.009 - INFO - FASTA - write genome sequences: path=/private/var/folders/fw/6q_csqnj4979y2v5d3nfpcth0000gn/T/tmp_qv1eskt/sequences.fna, description=False, wrap=False
12:42:53.834 - INFO - T_RNA - seq=contig_1, start=124840, stop=124910, strand=+, gene=trnQ, product=tRNA-Gln(ctg), score=46.6, nt=[TCCCTGGTTG..CCCTAGGGAA]
12:42:53.834 - INFO - T_RNA - seq=contig_1, start=124920, stop=124991, strand=+, gene=trnE, product=tRNA-Glu(ttc), score=51.6, nt=[GGTCCCTTCG..GTAGGGACTA]
12:42:53.835 - INFO - T_RNA - seq=contig_1, start=125028, stop=125099, strand=+, gene=trnE, product=tRNA-Glu(ctc), score=49.3, nt=[GGTCCCTTCG..GTAGGGACTA]
12:42:53.835 - INFO - T_RNA - seq=contig_1, start=157028, stop=157100, strand=+, gene=trnV, product=tRNA-Val(tac), score=70.1, nt=[GGGCGCTTAG..TTAGCGCCCA]
12:42:53.835 - INFO - T_RNA - seq=contig_1, start=190265, stop=190337, strand=+, gene=trnfM, product=tRNA-fMet(cat), score=70.4, nt=[CGCAGGGTGG..CTCCCTGCTA]
12:42:53.835 - INFO - T_RNA - seq=contig_1, start=232147, stop=232220, strand=+, gene=trnA, product=tRNA-Ala(tgc), score=66.5, nt=[GGGGGTATAG..CTTATCTCCA]
12:42:53.835 - INFO - T_RNA - seq=contig_1, start=242287, stop=242359, strand=+, gene=trnT, product=tRNA-Thr(ggt), score=64.1, nt=[GCTTCTGTAG..CTCGGAAGCT]
12:42:53.835 - INFO - T_RNA - seq=contig_1, start=242613, stop=242685, strand=+, gene=trnW, product=tRNA-Trp(cca), score=66.5, nt=[GGGTCAGTAG..TCCTGGCCTG]
12:42:53.835 - INFO - T_RNA - seq=contig_1, start=280545, stop=280618, strand=+, gene=trnI, product=tRNA-Ile(gat), score=70.9, nt=[GGGCTTGTAG..ATCAAGCCCA]
12:42:53.835 - INFO - T_RNA - seq=contig_1, start=391378, stop=391450, strand=+, gene=trnQ, product=tRNA-Gln(ttg), score=58.9, nt=[TGGGACGTCG..ACCGTCCCAG]
12:42:53.835 - INFO - T_RNA - seq=contig_1, start=520116, stop=520190, strand=+, gene=trnT, product=tRNA-Thr(tgt), score=68.3, nt=[GCCAACTTAG..TAAGTTGGCT]
12:42:53.835 - INFO - T_RNA - seq=contig_1, start=520200, stop=520281, strand=+, gene=trnY, product=tRNA-Tyr(gta), score=65.5, nt=[GGGGAGTTTC..TGACTCCCCA]
12:42:53.835 - INFO - T_RNA - seq=contig_1, start=537361, stop=537433, strand=+, gene=trnK, product=tRNA-Lys(ctt), score=77.9, nt=[GGGCCATTAG..GCATGGCTCA]
12:42:53.835 - INFO - T_RNA - seq=contig_1, start=537493, stop=537573, strand=+, gene=trnL, product=tRNA-Leu(tag), score=60.7, nt=[GCGAGAGTGG..TCCTCTCGCA]
12:42:53.835 - INFO - T_RNA - seq=contig_1, start=537584, stop=537655, strand=+, gene=trnG, product=tRNA-Gly(gcc), score=81.0, nt=[GCGGGAATAG..GTTTCCCGCT]
12:42:53.835 - INFO - T_RNA - seq=contig_1, start=578037, stop=578109, strand=+, gene=trnN, product=tRNA-Asn(gtt), score=64.8, nt=[TCCCCTGTAG..CGCGGGGGAG]
12:42:53.835 - INFO - T_RNA - seq=contig_1, start=638759, stop=638831, strand=+, gene=trnR, product=tRNA-Arg(cct), score=66.1, nt=[GATCCATTAG..CCATGGATCA]
12:42:53.835 - INFO - T_RNA - seq=contig_1, start=654901, stop=654974, strand=+, gene=trnR, product=tRNA-Arg(ccg), score=69.8, nt=[GGAAGATTAG..GCATCTTCCA]
12:42:53.835 - INFO - T_RNA - seq=contig_1, start=691670, stop=691742, strand=+, gene=trnF, product=tRNA-Phe(gaa), score=74.6, nt=[GCCGTTGTAG..TCCGACGGCA]
12:42:53.835 - INFO - T_RNA - seq=contig_1, start=723836, stop=723908, strand=+, gene=trnP, product=tRNA-Pro(tgg), score=64.8, nt=[CGGGACGTGG..TCCGTCCCGA]
12:42:53.835 - INFO - T_RNA - seq=contig_1, start=728226, stop=728299, strand=+, gene=trnR, product=tRNA-Arg(tct), score=67.6, nt=[GGGATCATAG..TCTGGTCCCA]
12:42:53.835 - INFO - T_RNA - seq=contig_1, start=736453, stop=736524, strand=+, gene=trnV, product=tRNA-Val(cac), score=65.5, nt=[GGACGATTAA..GTATCGTCCA]
12:42:53.835 - INFO - T_RNA - seq=contig_1, start=761250, stop=761323, strand=+, gene=trnP, product=tRNA-Pro(ggg), score=61.1, nt=[CGGGCAATGG..GGTTGCCCGA]
12:42:53.835 - INFO - T_RNA - seq=contig_1, start=835996, stop=836079, strand=+, gene=trnL, product=tRNA-Leu(cag), score=55.3, nt=[GCCTCGATGG..CCTCGAGGCA]
12:42:53.835 - INFO - T_RNA - seq=contig_1, start=997241, stop=997313, strand=+, gene=trnA, product=tRNA-Ala(cgc), score=71.2, nt=[GGGGAATTAG..CTATTCTCCA]
12:42:53.835 - INFO - T_RNA - seq=contig_1, start=1011946, stop=1012019, strand=+, gene=trnV, product=tRNA-Val(gac), score=67.7, nt=[GGGCAATTAG..GTATTGCCCA]
12:42:53.835 - INFO - T_RNA - seq=contig_1, start=1076932, stop=1077005, strand=-, gene=trnA, product=tRNA-Ala(ggc), score=77.2, nt=[GGGGATGTAG..CTCATCTCCA]
12:42:53.835 - INFO - T_RNA - seq=contig_1, start=1072800, stop=1072885, strand=-, gene=trnL, product=tRNA-Leu(taa), score=64.6, nt=[GCTGGAGTGA..GTCTCCAGCA]
12:42:53.835 - INFO - T_RNA - seq=contig_1, start=999852, stop=999924, strand=-, gene=trnT, product=tRNA-Thr(cgt), score=57.1, nt=[GCCAACTTAG..GGAGTTGGCT]
12:42:53.835 - INFO - T_RNA - seq=contig_1, start=835780, stop=835852, strand=-, gene=trnK, product=tRNA-Lys(ttt), score=78.3, nt=[GGGCTATTAG..TCATGGCTCA]
12:42:53.835 - INFO - T_RNA - seq=contig_1, start=754007, stop=754080, strand=-, gene=trnI, product=tRNA-Ile2(cat), score=73.3, nt=[GGGCCTATAG..GCTGGGCCCA]
12:42:53.835 - INFO - T_RNA - seq=contig_1, start=691462, stop=691533, strand=-, gene=trnH, product=tRNA-His(gtg), score=62.8, nt=[GTGGGTGTAG..ATCACTCACC]
12:42:53.835 - INFO - T_RNA - seq=contig_1, start=691374, stop=691447, strand=-, gene=trnR, product=tRNA-Arg(tcg), score=69.0, nt=[GCGCTCGTAG..GTCGGGCGCA]
12:42:53.835 - INFO - T_RNA - seq=contig_1, start=639111, stop=639183, strand=-, gene=trnM, product=tRNA-Met(cat), score=65.2, nt=[GGCGGCATAG..ATTGCCGCTA]
12:42:53.835 - INFO - T_RNA - seq=contig_1, start=638968, stop=639041, strand=-, gene=trnD, product=tRNA-Asp(gtc), score=61.4, nt=[GGGGGCGTAG..GTCGCTCCCG]
12:42:53.835 - INFO - T_RNA - seq=contig_1, start=638842, stop=638916, strand=-, gene=trnP, product=tRNA-Pro(cgg), score=76.2, nt=[CGGGTGGTAG..CGCCCGACCA]
12:42:53.835 - INFO - T_RNA - seq=contig_1, start=595370, stop=595441, strand=-, gene=trnC, product=tRNA-Cys(gca), score=67.2, nt=[GGCGCCGTGC..ATCGGCGCCT]
12:42:53.835 - INFO - T_RNA - seq=contig_1, start=349519, stop=349590, strand=-, gene=trnG, product=tRNA-Gly(tcc), score=64.2, nt=[GCGGATGTTG..ATCATCCGCT]
12:42:53.835 - INFO - T_RNA - seq=contig_1, start=347484, stop=347566, strand=-, gene=trnL, product=tRNA-Leu(caa), score=70.2, nt=[GCCGACGTGG..TTCGTCGGCA]
12:42:53.835 - INFO - T_RNA - seq=contig_1, start=168334, stop=168415, strand=-, gene=trnL, product=tRNA-Leu(gag), score=61.2, nt=[GCGGCGGTGG..GTCCGCCGCA]
12:42:53.835 - INFO - T_RNA - seq=contig_1, start=24947, stop=25031, strand=-, gene=trnS, product=tRNA-Ser(tga), score=67.2, nt=[GGAGTGGTGG..CCCTGCTCCG]
12:42:53.835 - INFO - T_RNA - seq=contig_1, start=24820, stop=24906, strand=-, gene=trnS, product=tRNA-Ser(gct), score=61.7, nt=[GGAGCGGTGC..CCCTGCTCCG]
12:42:53.836 - INFO - T_RNA - seq=contig_1, start=24715, stop=24788, strand=-, gene=trnR, product=tRNA-Arg(gcg), score=63.6, nt=[GAGACTATAG..CCTAGTCTCA]
12:42:53.836 - INFO - T_RNA - seq=contig_1, start=24569, stop=24657, strand=-, gene=trnS, product=tRNA-Ser(cga), score=74.2, nt=[GGAGAGATGC..TCTCTCTCCG]
12:42:53.836 - INFO - T_RNA - seq=contig_1, start=24425, stop=24512, strand=-, gene=trnS, product=tRNA-Ser(gga), score=61.4, nt=[GGAGAGATGT..TCTCTCTCCG]
12:42:53.836 - INFO - T_RNA - predicted=45
12:42:54.126 - INFO - TM_RNA - seq=contig_1, start=276900, stop=277251, strand=+, gene=ssrA, product=transfer-messenger RNA, SsrA, nt=[GGGGATGACT..CCATCTCCAC]
12:42:54.126 - INFO - TM_RNA - predicted=1
12:42:58.058 - INFO - R_RNA - seq=contig_1, start=230487, stop=232035, strand=+, gene=rrs, product=16S ribosomal RNA, length=1549, coverage=1.010, truncated=None, score=1526.5, evalue=4.8e-47, nt=[ATGATGGAGA..CACCTCCTTT]
12:42:58.058 - INFO - R_RNA - seq=contig_1, start=278884, stop=280432, strand=+, gene=rrs, product=16S ribosomal RNA, length=1549, coverage=1.010, truncated=None, score=1526.5, evalue=4.8e-47, nt=[ATGATGGAGA..CACCTCCTTT]
12:42:58.058 - INFO - R_RNA - seq=contig_1, start=235342, stop=235452, strand=+, gene=rrf, product=5S ribosomal RNA, length=111, coverage=0.933, truncated=None, score=85.0, evalue=1.5e-14, nt=[CCTGGTTGCC..GTAGCCAGGC]
12:42:58.058 - INFO - R_RNA - seq=contig_1, start=283729, stop=283839, strand=+, gene=rrf, product=5S ribosomal RNA, length=111, coverage=0.933, truncated=None, score=85.0, evalue=1.5e-14, nt=[CCTGGTTGCC..GTAGCCAGGC]
12:42:58.058 - INFO - R_RNA - seq=contig_1, start=232341, stop=235293, strand=+, gene=rrl, product=23S ribosomal RNA, length=2953, coverage=1.010, truncated=None, score=2723.4, evalue=2.7e-06, nt=[GGTCAAGCGA..GCTTGACCAT]
12:42:58.058 - INFO - R_RNA - seq=contig_1, start=280728, stop=283680, strand=+, gene=rrl, product=23S ribosomal RNA, length=2953, coverage=1.010, truncated=None, score=2723.4, evalue=2.7e-06, nt=[GGTCAAGCGA..GCTTGACCAT]
12:42:58.058 - INFO - R_RNA - predicted=6
12:43:09.902 - INFO - NC_RNA - seq=contig_1, start=527183, stop=527525, strand=+, gene=RNaseP_bact_a, product=Bacterial RNase P class A, length=343, truncated=None, score=243.4, evalue=1.9e-32, nt=[ACAGAGAACT..CTCTGTTTTT]
12:43:09.903 - INFO - NC_RNA - seq=contig_1, start=24329, stop=24423, strand=-, gene=Bacteria_small_SRP, product=Bacterial small signal recognition particle RNA, length=95, truncated=None, score=60.1, evalue=2.5e-10, nt=[TCCGGGGCCG..CCCCGGTTTT]
12:43:09.903 - INFO - NC_RNA - predicted=2
12:43:13.303 - INFO - NC_RNA_REGION - predicted=0
12:43:13.489 - INFO - CRISPR - predicted=0
12:43:13.489 - INFO - CDS - create prodigal training info object: meta=False, closed=False
12:43:13.920 - INFO - CDS - seq=contig_1, start=4, stop=1398, strand=+, frame=1, truncated=no, start-type=ATG, RBS-motif=None
12:43:13.920 - INFO - CDS - seq=contig_1, start=1642, stop=2757, strand=+, frame=1, truncated=no, start-type=GTG, RBS-motif=AGGAGG
12:43:13.920 - INFO - CDS - seq=contig_1, start=2846, stop=3835, strand=+, frame=2, truncated=no, start-type=GTG, RBS-motif=GGAG/GAGG
12:43:13.920 - INFO - CDS - seq=contig_1, start=3828, stop=4265, strand=+, frame=3, truncated=no, start-type=ATG, RBS-motif=GGA/GAG/AGG
12:43:13.920 - INFO - CDS - seq=contig_1, start=4392, stop=6833, strand=+, frame=3, truncated=no, start-type=ATG, RBS-motif=None
12:43:13.920 - INFO - CDS - seq=contig_1, start=6833, stop=7018, strand=+, frame=2, truncated=no, start-type=ATG, RBS-motif=GGA/GAG/AGG
12:43:13.920 - INFO - CDS - seq=contig_1, start=7162, stop=8262, strand=+, frame=1, truncated=no, start-type=ATG, RBS-motif=GGA/GAG/AGG
12:43:13.920 - INFO - CDS - seq=contig_1, start=8342, stop=10081, strand=-, frame=1, truncated=no, start-type=GTG, RBS-motif=GGAG/GAGG
12:43:13.920 - INFO - CDS - seq=contig_1, start=10443, stop=12425, strand=+, frame=3, truncated=no, start-type=ATG, RBS-motif=None
12:43:13.920 - INFO - CDS - seq=contig_1, start=12590, stop=13822, strand=+, frame=2, truncated=no, start-type=ATG, RBS-motif=GGA/GAG/AGG
12:43:13.921 - INFO - CDS - seq=contig_1, start=14013, stop=15827, strand=+, frame=3, truncated=no, start-type=ATG, RBS-motif=GGAGG
12:43:13.921 - INFO - CDS - seq=contig_1, start=15805, stop=18363, strand=+, frame=1, truncated=no, start-type=ATG, RBS-motif=GGA/GAG/AGG
12:43:13.921 - INFO - CDS - seq=contig_1, start=18488, stop=19435, strand=+, frame=2, truncated=no, start-type=ATG, RBS-motif=None
12:43:13.921 - INFO - CDS - seq=contig_1, start=19452, stop=22133, strand=+, frame=3, truncated=no, start-type=ATG, RBS-motif=GGAG/GAGG
12:43:13.921 - INFO - CDS - seq=contig_1, start=22148, stop=24256, strand=+, frame=2, truncated=no, start-type=ATG, RBS-motif=GGAG/GAGG
12:43:13.921 - INFO - CDS - seq=contig_1, start=24720, stop=25028, strand=-, frame=3, truncated=no, start-type=GTG, RBS-motif=GGAGG
12:43:13.921 - INFO - CDS - seq=contig_1, start=25195, stop=27585, strand=+, frame=1, truncated=no, start-type=ATG, RBS-motif=AGxAGG/AGGxGG
12:43:13.921 - INFO - CDS - seq=contig_1, start=27646, stop=28977, strand=+, frame=1, truncated=no, start-type=ATG, RBS-motif=GGA/GAG/AGG
12:43:13.921 - INFO - CDS - seq=contig_1, start=29157, stop=29867, strand=+, frame=3, truncated=no, start-type=GTG, RBS-motif=GGxGG
12:43:13.921 - INFO - CDS - seq=contig_1, start=29946, stop=33017, strand=-, frame=3, truncated=no, start-type=ATG, RBS-motif=AGGAG/GGAGG
12:43:13.921 - INFO - CDS - seq=contig_1, start=33046, stop=34068, strand=-, frame=2, truncated=no, start-type=ATG, RBS-motif=GGAG/GAGG
12:43:13.921 - INFO - CDS - seq=contig_1, start=34189, stop=35514, strand=+, frame=1, truncated=no, start-type=ATG, RBS-motif=AGGAG(G)/GGAGG
12:43:13.921 - INFO - CDS - seq=contig_1, start=35528, stop=36889, strand=+, frame=2, truncated=no, start-type=GTG, RBS-motif=AGxAGG/AGGxGG
12:43:13.921 - INFO - CDS - seq=contig_1, start=36998, stop=38275, strand=+, frame=2, truncated=no, start-type=ATG, RBS-motif=GGA/GAG/AGG
12:43:13.921 - INFO - CDS - seq=contig_1, start=38394, stop=40028, strand=+, frame=3, truncated=no, start-type=ATG, RBS-motif=AGGAG
12:43:13.921 - INFO - CDS - seq=contig_1, start=40343, stop=41167, strand=-, frame=1, truncated=no, start-type=ATG, RBS-motif=None
12:43:13.921 - INFO - CDS - seq=contig_1, start=41164, stop=41775, strand=-, frame=2, truncated=no, start-type=ATG, RBS-motif=GGA/GAG/AGG
12:43:13.921 - INFO - CDS - seq=contig_1, start=41876, stop=42832, strand=-, frame=1, truncated=no, start-type=ATG, RBS-motif=GGA/GAG/AGG
12:43:13.921 - INFO - CDS - seq=contig_1, start=43030, stop=43746, strand=+, frame=1, truncated=no, start-type=ATG, RBS-motif=GGA/GAG/AGG
12:43:13.921 - INFO - CDS - seq=contig_1, start=43746, stop=44546, strand=+, frame=3, truncated=no, start-type=ATG, RBS-motif=GGAG/GAGG
12:43:13.921 - INFO - CDS - seq=contig_1, start=44655, stop=45650, strand=-, frame=3, truncated=no, start-type=ATG, RBS-motif=AGGAGG
12:43:13.921 - INFO - CDS - seq=contig_1, start=45747, stop=46799, strand=-, frame=3, truncated=no, start-type=ATG, RBS-motif=AGGAG
12:43:13.921 - INFO - CDS - seq=contig_1, start=47060, stop=49459, strand=+, frame=2, truncated=no, start-type=ATG, RBS-motif=None
12:43:13.921 - INFO - CDS - seq=contig_1, start=49597, stop=50529, strand=+, frame=1, truncated=no, start-type=ATG, RBS-motif=GGxGG
12:43:13.921 - INFO - CDS - seq=contig_1, start=50633, stop=52642, strand=+, frame=2, truncated=no, start-type=GTG, RBS-motif=GGAGG
12:43:13.921 - INFO - CDS - seq=contig_1, start=52682, stop=54574, strand=+, frame=2, truncated=no, start-type=ATG, RBS-motif=None
12:43:13.921 - INFO - CDS - seq=contig_1, start=54630, stop=55529, strand=-, frame=3, truncated=no, start-type=ATG, RBS-motif=GGAG/GAGG
12:43:13.921 - INFO - CDS - seq=contig_1, start=55891, stop=56592, strand=-, frame=2, truncated=no, start-type=ATG, RBS-motif=AGGA
12:43:13.921 - INFO - CDS - seq=contig_1, start=56610, stop=57131, strand=-, frame=3, truncated=no, start-type=ATG, RBS-motif=AGGA
12:43:13.921 - INFO - CDS - seq=contig_1, start=57137, stop=57568, strand=-, frame=1, truncated=no, start-type=ATG, RBS-motif=AGGA
12:43:13.921 - INFO - CDS - seq=contig_1, start=57590, stop=58681, strand=-, frame=1, truncated=no, start-type=ATG, RBS-motif=GGAG/GAGG
12:43:13.921 - INFO - CDS - seq=contig_1, start=58912, stop=59520, strand=-, frame=2, truncated=no, start-type=GTG, RBS-motif=AGGAG
12:43:13.921 - INFO - CDS - seq=contig_1, start=59672, stop=60727, strand=+, frame=2, truncated=no, start-type=GTG, RBS-motif=GGAG/GAGG
12:43:13.921 - INFO - CDS - seq=contig_1, start=60697, stop=61764, strand=+, frame=1, truncated=no, start-type=GTG, RBS-motif=GGA/GAG/AGG
12:43:13.921 - INFO - CDS - seq=contig_1, start=61834, stop=62889, strand=-, frame=2, truncated=no, start-type=ATG, RBS-motif=AGGAGG
12:43:13.921 - INFO - CDS - seq=contig_1, start=63060, stop=64019, strand=+, frame=3, truncated=no, start-type=ATG, RBS-motif=AGGA
12:43:13.921 - INFO - CDS - seq=contig_1, start=64226, stop=64462, strand=+, frame=2, truncated=no, start-type=ATG, RBS-motif=AGGAG
12:43:13.921 - INFO - CDS - seq=contig_1, start=64459, stop=66240, strand=+, frame=1, truncated=no, start-type=ATG, RBS-motif=AGGAG
12:43:13.921 - INFO - CDS - seq=contig_1, start=66252, stop=67661, strand=+, frame=3, truncated=no, start-type=ATG, RBS-motif=GGAG/GAGG
12:43:13.921 - INFO - CDS - seq=contig_1, start=67736, stop=69052, strand=-, frame=1, truncated=no, start-type=GTG, RBS-motif=GGAGG
12:43:13.921 - INFO - CDS - seq=contig_1, start=69269, stop=69739, strand=-, frame=1, truncated=no, start-type=ATG, RBS-motif=AGGAG/GGAGG
12:43:13.921 - INFO - CDS - seq=contig_1, start=69845, stop=70144, strand=-, frame=1, truncated=no, start-type=ATG, RBS-motif=AGGAG
12:43:13.921 - INFO - CDS - seq=contig_1, start=70261, stop=70791, strand=-, frame=2, truncated=no, start-type=ATG, RBS-motif=GGA/GAG/AGG
12:43:13.921 - INFO - CDS - seq=contig_1, start=70800, stop=71081, strand=-, frame=3, truncated=no, start-type=ATG, RBS-motif=AGGAG
12:43:13.921 - INFO - CDS - seq=contig_1, start=71364, stop=71798, strand=+, frame=3, truncated=no, start-type=GTG, RBS-motif=GGAGG
12:43:13.921 - INFO - CDS - seq=contig_1, start=71854, stop=72399, strand=+, frame=1, truncated=no, start-type=GTG, RBS-motif=GGAGG
12:43:13.922 - INFO - CDS - seq=contig_1, start=72453, stop=72758, strand=+, frame=3, truncated=no, start-type=GTG, RBS-motif=GGA/GAG/AGG
12:43:13.922 - INFO - CDS - seq=contig_1, start=72779, stop=73927, strand=+, frame=2, truncated=no, start-type=ATG, RBS-motif=GGxGG
12:43:13.922 - INFO - CDS - seq=contig_1, start=74108, stop=75130, strand=+, frame=2, truncated=no, start-type=ATG, RBS-motif=AGxAGG/AGGxGG
12:43:13.922 - INFO - CDS - seq=contig_1, start=75186, stop=75569, strand=-, frame=3, truncated=no, start-type=ATG, RBS-motif=None
12:43:13.922 - INFO - CDS - seq=contig_1, start=75566, stop=75952, strand=-, frame=1, truncated=no, start-type=ATG, RBS-motif=AGGAG
12:43:13.922 - INFO - CDS - seq=contig_1, start=76003, stop=78639, strand=-, frame=2, truncated=no, start-type=ATG, RBS-motif=None
12:43:13.922 - INFO - CDS - seq=contig_1, start=78843, stop=79115, strand=+, frame=3, truncated=no, start-type=ATG, RBS-motif=GGAGG
12:43:13.922 - INFO - CDS - seq=contig_1, start=79185, stop=80675, strand=-, frame=3, truncated=no, start-type=ATG, RBS-motif=None
12:43:13.922 - INFO - CDS - seq=contig_1, start=81031, stop=82440, strand=+, frame=1, truncated=no, start-type=ATG, RBS-motif=GGA/GAG/AGG
12:43:13.922 - INFO - CDS - seq=contig_1, start=82570, stop=83448, strand=+, frame=1, truncated=no, start-type=ATG, RBS-motif=GGA/GAG/AGG
12:43:13.922 - INFO - CDS - seq=contig_1, start=83488, stop=84318, strand=+, frame=1, truncated=no, start-type=ATG, RBS-motif=AGGAG
12:43:13.922 - INFO - CDS - seq=contig_1, start=84465, stop=85967, strand=+, frame=3, truncated=no, start-type=GTG, RBS-motif=GGA/GAG/AGG
12:43:13.922 - INFO - CDS - seq=contig_1, start=85972, stop=87210, strand=+, frame=1, truncated=no, start-type=ATG, RBS-motif=GGAG/GAGG
12:43:13.922 - INFO - CDS - seq=contig_1, start=87207, stop=89360, strand=+, frame=3, truncated=no, start-type=ATG, RBS-motif=GGA/GAG/AGG
12:43:13.922 - INFO - CDS - seq=contig_1, start=89357, stop=89824, strand=+, frame=2, truncated=no, start-type=ATG, RBS-motif=None
12:43:13.922 - INFO - CDS - seq=contig_1, start=89831, stop=90679, strand=+, frame=2, truncated=no, start-type=ATG, RBS-motif=3Base/5BMM
12:43:13.922 - INFO - CDS - seq=contig_1, start=90726, stop=92312, strand=-, frame=3, truncated=no, start-type=ATG, RBS-motif=None
12:43:13.922 - INFO - CDS - seq=contig_1, start=92463, stop=94457, strand=+, frame=3, truncated=no, start-type=ATG, RBS-motif=GGA/GAG/AGG
12:43:13.922 - INFO - CDS - seq=contig_1, start=94537, stop=94770, strand=-, frame=2, truncated=no, start-type=ATG, RBS-motif=GGAGG
12:43:13.922 - INFO - CDS - seq=contig_1, start=94881, stop=95327, strand=-, frame=3, truncated=no, start-type=ATG, RBS-motif=None
12:43:13.922 - INFO - CDS - seq=contig_1, start=95444, stop=96352, strand=+, frame=2, truncated=no, start-type=ATG, RBS-motif=3Base/5BMM
12:43:13.922 - INFO - CDS - seq=contig_1, start=96355, stop=96741, strand=-, frame=2, truncated=no, start-type=GTG, RBS-motif=AGGAGG
12:43:13.922 - INFO - CDS - seq=contig_1, start=96878, stop=97492, strand=-, frame=1, truncated=no, start-type=ATG, RBS-motif=AGGAG/GGAGG
12:43:13.922 - INFO - CDS - seq=contig_1, start=97522, stop=98757, strand=-, frame=2, truncated=no, start-type=TTG, RBS-motif=AGGAG
12:43:13.922 - INFO - CDS - seq=contig_1, start=98840, stop=99904, strand=-, frame=1, truncated=no, start-type=ATG, RBS-motif=None
12:43:13.922 - INFO - CDS - seq=contig_1, start=100086, stop=101648, strand=+, frame=3, truncated=no, start-type=ATG, RBS-motif=GGA/GAG/AGG
12:43:13.922 - INFO - CDS - seq=contig_1, start=101668, stop=102207, strand=+, frame=1, truncated=no, start-type=TTG, RBS-motif=GGAG/GAGG
12:43:13.922 - INFO - CDS - seq=contig_1, start=102191, stop=102838, strand=+, frame=2, truncated=no, start-type=ATG, RBS-motif=AGGAG
12:43:13.922 - INFO - CDS - seq=contig_1, start=102976, stop=103986, strand=+, frame=1, truncated=no, start-type=ATG, RBS-motif=AGGAG
12:43:13.922 - INFO - CDS - seq=contig_1, start=103986, stop=105932, strand=+, frame=3, truncated=no, start-type=ATG, RBS-motif=GGA/GAG/AGG
12:43:13.922 - INFO - CDS - seq=contig_1, start=106006, stop=106368, strand=-, frame=2, truncated=no, start-type=GTG, RBS-motif=AGGAG
12:43:13.922 - INFO - CDS - seq=contig_1, start=106538, stop=106756, strand=+, frame=2, truncated=no, start-type=GTG, RBS-motif=GGAGG
12:43:13.922 - INFO - CDS - seq=contig_1, start=106809, stop=107465, strand=-, frame=3, truncated=no, start-type=ATG, RBS-motif=None
12:43:13.922 - INFO - CDS - seq=contig_1, start=107469, stop=108224, strand=-, frame=3, truncated=no, start-type=ATG, RBS-motif=GGAG/GAGG
12:43:13.922 - INFO - CDS - seq=contig_1, start=108419, stop=109021, strand=+, frame=2, truncated=no, start-type=ATG, RBS-motif=GGA/GAG/AGG
12:43:13.922 - INFO - CDS - seq=contig_1, start=109014, stop=109808, strand=+, frame=3, truncated=no, start-type=GTG, RBS-motif=AGGA
12:43:13.922 - INFO - CDS - seq=contig_1, start=109846, stop=111819, strand=-, frame=2, truncated=no, start-type=ATG, RBS-motif=None
12:43:13.922 - INFO - CDS - seq=contig_1, start=111884, stop=112579, strand=+, frame=2, truncated=no, start-type=GTG, RBS-motif=GGAGG
12:43:13.922 - INFO - CDS - seq=contig_1, start=112603, stop=113247, strand=+, frame=1, truncated=no, start-type=GTG, RBS-motif=AGxAGG/AGGxGG
12:43:13.922 - INFO - CDS - seq=contig_1, start=113295, stop=113705, strand=+, frame=3, truncated=no, start-type=ATG, RBS-motif=AGxAGG/AGGxGG
12:43:13.922 - INFO - CDS - seq=contig_1, start=113952, stop=115580, strand=+, frame=3, truncated=no, start-type=ATG, RBS-motif=GGAGG
12:43:13.922 - INFO - CDS - seq=contig_1, start=115746, stop=118739, strand=+, frame=3, truncated=no, start-type=ATG, RBS-motif=None
12:43:13.922 - INFO - CDS - seq=contig_1, start=118771, stop=120303, strand=-, frame=2, truncated=no, start-type=ATG, RBS-motif=GGA/GAG/AGG
12:43:13.922 - INFO - CDS - seq=contig_1, start=120284, stop=122095, strand=-, frame=1, truncated=no, start-type=GTG, RBS-motif=None
12:43:13.922 - INFO - CDS - seq=contig_1, start=122215, stop=123600, strand=-, frame=2, truncated=no, start-type=ATG, RBS-motif=GGAGG
12:43:13.922 - INFO - CDS - seq=contig_1, start=123702, stop=124580, strand=-, frame=3, truncated=no, start-type=ATG, RBS-motif=AGGAG(G)/GGAGG
12:43:13.923 - INFO - CDS - seq=contig_1, start=125142, stop=126854, strand=+, frame=3, truncated=no, start-type=ATG, RBS-motif=None
12:43:13.923 - INFO - CDS - seq=contig_1, start=126914, stop=128341, strand=+, frame=2, truncated=no, start-type=ATG, RBS-motif=GGA/GAG/AGG
12:43:13.923 - INFO - CDS - seq=contig_1, start=128338, stop=129690, strand=-, frame=2, truncated=no, start-type=ATG, RBS-motif=GGAGG
12:43:13.923 - INFO - CDS - seq=contig_1, start=129832, stop=130818, strand=+, frame=1, truncated=no, start-type=ATG, RBS-motif=AGGA
12:43:13.923 - INFO - CDS - seq=contig_1, start=130823, stop=131818, strand=+, frame=2, truncated=no, start-type=ATG, RBS-motif=AGGAG
12:43:13.923 - INFO - CDS - seq=contig_1, start=131843, stop=132652, strand=-, frame=1, truncated=no, start-type=ATG, RBS-motif=GGAGG
12:43:13.923 - INFO - CDS - seq=contig_1, start=132777, stop=134810, strand=+, frame=3, truncated=no, start-type=ATG, RBS-motif=None
12:43:13.923 - INFO - CDS - seq=contig_1, start=134842, stop=136089, strand=-, frame=2, truncated=no, start-type=GTG, RBS-motif=GGAG/GAGG
12:43:13.923 - INFO - CDS - seq=contig_1, start=136043, stop=136633, strand=-, frame=1, truncated=no, start-type=GTG, RBS-motif=AGGAGG
12:43:13.923 - INFO - CDS - seq=contig_1, start=136712, stop=137977, strand=-, frame=1, truncated=no, start-type=ATG, RBS-motif=None
12:43:13.923 - INFO - CDS - seq=contig_1, start=138075, stop=138734, strand=-, frame=3, truncated=no, start-type=ATG, RBS-motif=GGA/GAG/AGG
12:43:13.923 - INFO - CDS - seq=contig_1, start=138734, stop=139543, strand=-, frame=1, truncated=no, start-type=ATG, RBS-motif=GGA/GAG/AGG
12:43:13.923 - INFO - CDS - seq=contig_1, start=139666, stop=140742, strand=+, frame=1, truncated=no, start-type=GTG, RBS-motif=AGGA
12:43:13.923 - INFO - CDS - seq=contig_1, start=140962, stop=142818, strand=-, frame=2, truncated=no, start-type=ATG, RBS-motif=AGGAG
12:43:13.923 - INFO - CDS - seq=contig_1, start=142951, stop=145494, strand=+, frame=1, truncated=no, start-type=ATG, RBS-motif=GGAG/GAGG
12:43:13.923 - INFO - CDS - seq=contig_1, start=145508, stop=146614, strand=+, frame=2, truncated=no, start-type=ATG, RBS-motif=AGxAGG/AGGxGG
12:43:13.923 - INFO - CDS - seq=contig_1, start=146691, stop=147485, strand=+, frame=3, truncated=no, start-type=ATG, RBS-motif=AGxAGG/AGGxGG
12:43:13.923 - INFO - CDS - seq=contig_1, start=147549, stop=148220, strand=-, frame=3, truncated=no, start-type=ATG, RBS-motif=GGAG/GAGG
12:43:13.923 - INFO - CDS - seq=contig_1, start=148274, stop=148912, strand=-, frame=1, truncated=no, start-type=TTG, RBS-motif=GGAG/GAGG
12:43:13.923 - INFO - CDS - seq=contig_1, start=148994, stop=149263, strand=+, frame=2, truncated=no, start-type=GTG, RBS-motif=GGxGG
12:43:13.923 - INFO - CDS - seq=contig_1, start=149141, stop=149749, strand=-, frame=1, truncated=no, start-type=TTG, RBS-motif=GGAG/GAGG
12:43:13.923 - INFO - CDS - seq=contig_1, start=150054, stop=150722, strand=+, frame=3, truncated=no, start-type=ATG, RBS-motif=AGGA
12:43:13.923 - INFO - CDS - seq=contig_1, start=151493, stop=151960, strand=-, frame=1, truncated=no, start-type=ATG, RBS-motif=AGGA/GGAG/GAGG
12:43:13.923 - INFO - CDS - seq=contig_1, start=152668, stop=153915, strand=-, frame=2, truncated=no, start-type=GTG, RBS-motif=GGAG/GAGG
12:43:13.923 - INFO - CDS - seq=contig_1, start=153869, stop=154459, strand=-, frame=1, truncated=no, start-type=GTG, RBS-motif=AGGAGG
12:43:13.923 - INFO - CDS - seq=contig_1, start=154699, stop=155961, strand=-, frame=2, truncated=no, start-type=ATG, RBS-motif=GGAGG
12:43:13.923 - INFO - CDS - seq=contig_1, start=156148, stop=156879, strand=+, frame=1, truncated=no, start-type=GTG, RBS-motif=GGAGG
12:43:13.923 - INFO - CDS - seq=contig_1, start=157336, stop=158505, strand=+, frame=1, truncated=no, start-type=ATG, RBS-motif=GGAGG
12:43:13.923 - INFO - CDS - seq=contig_1, start=158920, stop=159600, strand=-, frame=2, truncated=no, start-type=ATG, RBS-motif=AGGAGG
12:43:13.923 - INFO - CDS - seq=contig_1, start=159665, stop=160357, strand=-, frame=1, truncated=no, start-type=ATG, RBS-motif=AGGA
12:43:13.923 - INFO - CDS - seq=contig_1, start=160397, stop=162115, strand=-, frame=1, truncated=no, start-type=ATG, RBS-motif=None
12:43:13.923 - INFO - CDS - seq=contig_1, start=162295, stop=162828, strand=+, frame=1, truncated=no, start-type=ATG, RBS-motif=GGAG/GAGG
12:43:13.923 - INFO - CDS - seq=contig_1, start=162779, stop=163441, strand=-, frame=1, truncated=no, start-type=ATG, RBS-motif=AGGA
12:43:13.923 - INFO - CDS - seq=contig_1, start=163434, stop=165176, strand=-, frame=3, truncated=no, start-type=ATG, RBS-motif=None
12:43:13.923 - INFO - CDS - seq=contig_1, start=165173, stop=166180, strand=-, frame=1, truncated=no, start-type=ATG, RBS-motif=GGAGG
12:43:13.923 - INFO - CDS - seq=contig_1, start=166290, stop=168260, strand=+, frame=3, truncated=no, start-type=ATG, RBS-motif=None
12:43:13.923 - INFO - CDS - seq=contig_1, start=168600, stop=168767, strand=+, frame=3, truncated=no, start-type=ATG, RBS-motif=GGAG/GAGG
12:43:13.923 - INFO - CDS - seq=contig_1, start=168767, stop=169066, strand=+, frame=2, truncated=no, start-type=GTG, RBS-motif=None
12:43:13.923 - INFO - CDS - seq=contig_1, start=169063, stop=169374, strand=+, frame=1, truncated=no, start-type=ATG, RBS-motif=None
12:43:13.923 - INFO - CDS - seq=contig_1, start=169371, stop=169640, strand=+, frame=3, truncated=no, start-type=GTG, RBS-motif=None
12:43:13.923 - INFO - CDS - seq=contig_1, start=169650, stop=171509, strand=-, frame=3, truncated=no, start-type=ATG, RBS-motif=GGA/GAG/AGG
12:43:13.923 - INFO - CDS - seq=contig_1, start=171506, stop=172081, strand=-, frame=1, truncated=no, start-type=GTG, RBS-motif=AGGAG
12:43:13.923 - INFO - CDS - seq=contig_1, start=172081, stop=172671, strand=-, frame=2, truncated=no, start-type=ATG, RBS-motif=None
12:43:13.923 - INFO - CDS - seq=contig_1, start=172664, stop=173131, strand=-, frame=1, truncated=no, start-type=ATG, RBS-motif=GGAGG
12:43:13.923 - INFO - CDS - seq=contig_1, start=173115, stop=174134, strand=-, frame=3, truncated=no, start-type=ATG, RBS-motif=GGAG/GAGG
12:43:13.923 - INFO - CDS - seq=contig_1, start=174121, stop=175605, strand=-, frame=2, truncated=no, start-type=ATG, RBS-motif=GGAG/GAGG
12:43:13.923 - INFO - CDS - seq=contig_1, start=175741, stop=176232, strand=-, frame=2, truncated=no, start-type=ATG, RBS-motif=AGGAG/GGAGG
12:43:13.923 - INFO - CDS - seq=contig_1, start=176394, stop=177494, strand=+, frame=3, truncated=no, start-type=ATG, RBS-motif=GGA/GAG/AGG
12:43:13.923 - INFO - CDS - seq=contig_1, start=177500, stop=178615, strand=+, frame=2, truncated=no, start-type=GTG, RBS-motif=AGGA
12:43:13.923 - INFO - CDS - seq=contig_1, start=178657, stop=179061, strand=-, frame=2, truncated=no, start-type=GTG, RBS-motif=GGA/GAG/AGG
12:43:13.923 - INFO - CDS - seq=contig_1, start=179058, stop=179960, strand=-, frame=3, truncated=no, start-type=GTG, RBS-motif=AGGAG
12:43:13.923 - INFO - CDS - seq=contig_1, start=179957, stop=180622, strand=-, frame=1, truncated=no, start-type=GTG, RBS-motif=GGAG/GAGG
12:43:13.923 - INFO - CDS - seq=contig_1, start=180647, stop=181675, strand=-, frame=1, truncated=no, start-type=GTG, RBS-motif=AGGA
12:43:13.924 - INFO - CDS - seq=contig_1, start=181791, stop=183650, strand=-, frame=3, truncated=no, start-type=GTG, RBS-motif=GGAGG
12:43:13.924 - INFO - CDS - seq=contig_1, start=183756, stop=184808, strand=-, frame=3, truncated=no, start-type=ATG, RBS-motif=None
12:43:13.924 - INFO - CDS - seq=contig_1, start=184984, stop=185910, strand=+, frame=1, truncated=no, start-type=TTG, RBS-motif=AGGAG
12:43:13.924 - INFO - CDS - seq=contig_1, start=186058, stop=186858, strand=+, frame=1, truncated=no, start-type=ATG, RBS-motif=GGA/GAG/AGG
12:43:13.924 - INFO - CDS - seq=contig_1, start=186830, stop=187726, strand=+, frame=2, truncated=no, start-type=ATG, RBS-motif=AGGAGG
12:43:13.924 - INFO - CDS - seq=contig_1, start=187730, stop=188833, strand=+, frame=2, truncated=no, start-type=ATG, RBS-motif=AGGAGG
12:43:13.924 - INFO - CDS - seq=contig_1, start=188843, stop=189304, strand=+, frame=2, truncated=no, start-type=ATG, RBS-motif=GGA/GAG/AGG
12:43:13.924 - INFO - CDS - seq=contig_1, start=189384, stop=190139, strand=+, frame=3, truncated=no, start-type=ATG, RBS-motif=AGGAG
12:43:13.924 - INFO - CDS - seq=contig_1, start=190458, stop=191267, strand=+, frame=3, truncated=no, start-type=GTG, RBS-motif=GGAGG
12:43:13.924 - INFO - CDS - seq=contig_1, start=191366, stop=191794, strand=+, frame=2, truncated=no, start-type=ATG, RBS-motif=GGxGG
12:43:13.924 - INFO - CDS - seq=contig_1, start=191784, stop=193151, strand=-, frame=3, truncated=no, start-type=GTG, RBS-motif=AGxAGG/AGGxGG
12:43:13.924 - INFO - CDS - seq=contig_1, start=193159, stop=194679, strand=-, frame=2, truncated=no, start-type=ATG, RBS-motif=3Base/5BMM
12:43:13.924 - INFO - CDS - seq=contig_1, start=194676, stop=196004, strand=-, frame=3, truncated=no, start-type=GTG, RBS-motif=AGxAGG/AGGxGG
12:43:13.924 - INFO - CDS - seq=contig_1, start=196079, stop=197005, strand=-, frame=1, truncated=no, start-type=ATG, RBS-motif=GGA/GAG/AGG
12:43:13.924 - INFO - CDS - seq=contig_1, start=197005, stop=198888, strand=-, frame=2, truncated=no, start-type=ATG, RBS-motif=GGA/GAG/AGG
12:43:13.924 - INFO - CDS - seq=contig_1, start=198981, stop=199424, strand=+, frame=3, truncated=no, start-type=ATG, RBS-motif=GGAG/GAGG
12:43:13.924 - INFO - CDS - seq=contig_1, start=199405, stop=200043, strand=+, frame=1, truncated=no, start-type=GTG, RBS-motif=None
12:43:13.924 - INFO - CDS - seq=contig_1, start=200046, stop=200891, strand=-, frame=3, truncated=no, start-type=ATG, RBS-motif=None
12:43:13.924 - INFO - CDS - seq=contig_1, start=200896, stop=201360, strand=-, frame=2, truncated=no, start-type=ATG, RBS-motif=None
12:43:13.924 - INFO - CDS - seq=contig_1, start=201448, stop=202155, strand=+, frame=1, truncated=no, start-type=ATG, RBS-motif=AGGAG/GGAGG
12:43:13.924 - INFO - CDS - seq=contig_1, start=202174, stop=203391, strand=+, frame=1, truncated=no, start-type=GTG, RBS-motif=GGA/GAG/AGG
12:43:13.924 - INFO - CDS - seq=contig_1, start=203755, stop=204942, strand=+, frame=1, truncated=no, start-type=ATG, RBS-motif=AGGAGG
12:43:13.924 - INFO - CDS - seq=contig_1, start=205014, stop=205322, strand=+, frame=3, truncated=no, start-type=ATG, RBS-motif=GGAGG
12:43:13.924 - INFO - CDS - seq=contig_1, start=205369, stop=205995, strand=+, frame=1, truncated=no, start-type=ATG, RBS-motif=GGAG/GAGG
12:43:13.924 - INFO - CDS - seq=contig_1, start=205985, stop=206659, strand=+, frame=2, truncated=no, start-type=GTG, RBS-motif=GGA/GAG/AGG
12:43:13.924 - INFO - CDS - seq=contig_1, start=206646, stop=206930, strand=+, frame=3, truncated=no, start-type=ATG, RBS-motif=AGGA/GGAG/GAGG
12:43:13.924 - INFO - CDS - seq=contig_1, start=206986, stop=207807, strand=+, frame=1, truncated=no, start-type=ATG, RBS-motif=AGGAG
12:43:13.924 - INFO - CDS - seq=contig_1, start=207817, stop=208104, strand=+, frame=1, truncated=no, start-type=ATG, RBS-motif=AGxAGG/AGGxGG
12:43:13.924 - INFO - CDS - seq=contig_1, start=208113, stop=208487, strand=+, frame=3, truncated=no, start-type=ATG, RBS-motif=GGA/GAG/AGG
12:43:13.924 - INFO - CDS - seq=contig_1, start=208471, stop=209214, strand=+, frame=1, truncated=no, start-type=ATG, RBS-motif=GGAG/GAGG
12:43:13.924 - INFO - CDS - seq=contig_1, start=209218, stop=209637, strand=+, frame=1, truncated=no, start-type=ATG, RBS-motif=GGAG/GAGG
12:43:13.924 - INFO - CDS - seq=contig_1, start=209652, stop=209870, strand=+, frame=3, truncated=no, start-type=ATG, RBS-motif=AGxAGG/AGGxGG
12:43:13.924 - INFO - CDS - seq=contig_1, start=209870, stop=210139, strand=+, frame=2, truncated=no, start-type=ATG, RBS-motif=AGGA/GGAG/GAGG
12:43:13.924 - INFO - CDS - seq=contig_1, start=210152, stop=210520, strand=+, frame=2, truncated=no, start-type=ATG, RBS-motif=GGA/GAG/AGG
12:43:13.924 - INFO - CDS - seq=contig_1, start=210532, stop=210843, strand=+, frame=1, truncated=no, start-type=ATG, RBS-motif=GGA/GAG/AGG
12:43:13.924 - INFO - CDS - seq=contig_1, start=210840, stop=211397, strand=+, frame=3, truncated=no, start-type=ATG, RBS-motif=AGGAG
12:43:13.924 - INFO - CDS - seq=contig_1, start=211610, stop=212008, strand=+, frame=2, truncated=no, start-type=ATG, RBS-motif=AGGAGG
12:43:13.924 - INFO - CDS - seq=contig_1, start=212018, stop=212557, strand=+, frame=2, truncated=no, start-type=GTG, RBS-motif=AGxAGG/AGGxGG
12:43:13.924 - INFO - CDS - seq=contig_1, start=212566, stop=212928, strand=+, frame=1, truncated=no, start-type=ATG, RBS-motif=GGAG/GAGG
12:43:13.924 - INFO - CDS - seq=contig_1, start=212937, stop=213455, strand=+, frame=3, truncated=no, start-type=ATG, RBS-motif=AGGAG
12:43:13.924 - INFO - CDS - seq=contig_1, start=213458, stop=213643, strand=+, frame=2, truncated=no, start-type=ATG, RBS-motif=GGxGG
12:43:13.924 - INFO - CDS - seq=contig_1, start=213643, stop=214104, strand=+, frame=1, truncated=no, start-type=GTG, RBS-motif=GGAGG
12:43:13.924 - INFO - CDS - seq=contig_1, start=214112, stop=215431, strand=+, frame=2, truncated=no, start-type=ATG, RBS-motif=GGA/GAG/AGG
12:43:13.924 - INFO - CDS - seq=contig_1, start=215470, stop=215583, strand=+, frame=1, truncated=no, start-type=ATG, RBS-motif=AGGAG
12:43:13.924 - INFO - CDS - seq=contig_1, start=215599, stop=215964, strand=+, frame=1, truncated=no, start-type=ATG, RBS-motif=AGxAGG/AGGxGG
12:43:13.924 - INFO - CDS - seq=contig_1, start=215983, stop=216363, strand=+, frame=1, truncated=no, start-type=GTG, RBS-motif=AGGAGG
12:43:13.924 - INFO - CDS - seq=contig_1, start=216378, stop=217433, strand=+, frame=3, truncated=no, start-type=ATG, RBS-motif=AGGAG
12:43:13.924 - INFO - CDS - seq=contig_1, start=217423, stop=217917, strand=+, frame=1, truncated=no, start-type=ATG, RBS-motif=AGxAGG/AGGxGG
12:43:13.924 - INFO - CDS - seq=contig_1, start=217941, stop=218138, strand=+, frame=3, truncated=no, start-type=ATG, RBS-motif=GGAGG
12:43:13.924 - INFO - CDS - seq=contig_1, start=218323, stop=219006, strand=+, frame=1, truncated=no, start-type=ATG, RBS-motif=GGAG/GAGG
12:43:13.924 - INFO - CDS - seq=contig_1, start=219122, stop=221029, strand=+, frame=2, truncated=no, start-type=ATG, RBS-motif=AGGAG
12:43:13.924 - INFO - CDS - seq=contig_1, start=221198, stop=222400, strand=+, frame=2, truncated=no, start-type=GTG, RBS-motif=GGA/GAG/AGG
12:43:13.924 - INFO - CDS - seq=contig_1, start=222577, stop=224046, strand=+, frame=1, truncated=no, start-type=GTG, RBS-motif=GGA/GAG/AGG
12:43:13.924 - INFO - CDS - seq=contig_1, start=224050, stop=226197, strand=+, frame=1, truncated=no, start-type=ATG, RBS-motif=GGAG/GAGG
12:43:13.924 - INFO - CDS - seq=contig_1, start=226226, stop=226384, strand=+, frame=2, truncated=no, start-type=ATG, RBS-motif=GGxGG
12:43:13.925 - INFO - CDS - seq=contig_1, start=226381, stop=226557, strand=+, frame=1, truncated=no, start-type=GTG, RBS-motif=GGA/GAG/AGG
12:43:13.925 - INFO - CDS - seq=contig_1, start=226544, stop=227341, strand=+, frame=2, truncated=no, start-type=ATG, RBS-motif=None
12:43:13.925 - INFO - CDS - seq=contig_1, start=227351, stop=227797, strand=+, frame=2, truncated=no, start-type=ATG, RBS-motif=AGGAG
12:43:13.925 - INFO - CDS - seq=contig_1, start=227934, stop=229373, strand=+, frame=3, truncated=no, start-type=ATG, RBS-motif=None
12:43:13.925 - INFO - CDS - seq=contig_1, start=229563, stop=230303, strand=+, frame=3, truncated=no, start-type=GTG, RBS-motif=AGGAGG
12:43:13.925 - INFO - CDS - seq=contig_1, start=230347, stop=230454, strand=+, frame=1, truncated=no, start-type=ATG, RBS-motif=GGA/GAG/AGG
12:43:13.925 - INFO - CDS - seq=contig_1, start=235466, stop=236152, strand=-, frame=1, truncated=no, start-type=ATG, RBS-motif=AGGAG/GGAGG
12:43:13.925 - INFO - CDS - seq=contig_1, start=236205, stop=236972, strand=-, frame=3, truncated=no, start-type=ATG, RBS-motif=None
12:43:13.925 - INFO - CDS - seq=contig_1, start=237039, stop=237617, strand=-, frame=3, truncated=no, start-type=ATG, RBS-motif=AGGAG
12:43:13.925 - INFO - CDS - seq=contig_1, start=237819, stop=238631, strand=+, frame=3, truncated=no, start-type=ATG, RBS-motif=AGGA/GGAG/GAGG
12:43:13.925 - INFO - CDS - seq=contig_1, start=238636, stop=240609, strand=+, frame=1, truncated=no, start-type=ATG, RBS-motif=None
12:43:13.925 - INFO - CDS - seq=contig_1, start=240710, stop=241360, strand=+, frame=2, truncated=no, start-type=GTG, RBS-motif=AGGAG
12:43:13.925 - INFO - CDS - seq=contig_1, start=241607, stop=242152, strand=+, frame=2, truncated=no, start-type=ATG, RBS-motif=GGA/GAG/AGG
12:43:13.925 - INFO - CDS - seq=contig_1, start=242215, stop=242376, strand=+, frame=1, truncated=no, start-type=TTG, RBS-motif=GGAGG
12:43:13.925 - INFO - CDS - seq=contig_1, start=242388, stop=242558, strand=+, frame=3, truncated=no, start-type=ATG, RBS-motif=AGGAGG
12:43:13.925 - INFO - CDS - seq=contig_1, start=242708, stop=242887, strand=+, frame=2, truncated=no, start-type=ATG, RBS-motif=GGA/GAG/AGG
12:43:13.925 - INFO - CDS - seq=contig_1, start=242897, stop=243454, strand=+, frame=2, truncated=no, start-type=ATG, RBS-motif=GGAG/GAGG
12:43:13.925 - INFO - CDS - seq=contig_1, start=243561, stop=244001, strand=+, frame=3, truncated=no, start-type=ATG, RBS-motif=AGGAG
12:43:13.925 - INFO - CDS - seq=contig_1, start=243998, stop=244678, strand=+, frame=2, truncated=no, start-type=ATG, RBS-motif=GGA/GAG/AGG
12:43:13.925 - INFO - CDS - seq=contig_1, start=244680, stop=245222, strand=+, frame=3, truncated=no, start-type=ATG, RBS-motif=AGGAG
12:43:13.925 - INFO - CDS - seq=contig_1, start=245331, stop=245720, strand=+, frame=3, truncated=no, start-type=ATG, RBS-motif=AGGAG
12:43:13.925 - INFO - CDS - seq=contig_1, start=245984, stop=249520, strand=+, frame=2, truncated=no, start-type=ATG, RBS-motif=AGxAGG/AGGxGG
12:43:13.925 - INFO - CDS - seq=contig_1, start=249533, stop=253783, strand=+, frame=2, truncated=no, start-type=ATG, RBS-motif=GGA/GAG/AGG
12:43:13.925 - INFO - CDS - seq=contig_1, start=253886, stop=254260, strand=+, frame=2, truncated=no, start-type=ATG, RBS-motif=GGA/GAG/AGG
12:43:13.925 - INFO - CDS - seq=contig_1, start=254282, stop=254752, strand=+, frame=2, truncated=no, start-type=ATG, RBS-motif=AGGAG
12:43:13.925 - INFO - CDS - seq=contig_1, start=254886, stop=258209, strand=+, frame=3, truncated=no, start-type=GTG, RBS-motif=GGAGG
12:43:13.925 - INFO - CDS - seq=contig_1, start=258196, stop=260148, strand=+, frame=1, truncated=no, start-type=ATG, RBS-motif=None
12:43:13.925 - INFO - CDS - seq=contig_1, start=260241, stop=261272, strand=+, frame=3, truncated=no, start-type=ATG, RBS-motif=GGAG/GAGG
12:43:13.925 - INFO - CDS - seq=contig_1, start=261269, stop=261742, strand=+, frame=2, truncated=no, start-type=ATG, RBS-motif=GGA/GAG/AGG
12:43:13.925 - INFO - CDS - seq=contig_1, start=261821, stop=262873, strand=+, frame=2, truncated=no, start-type=ATG, RBS-motif=AGGAG
12:43:13.925 - INFO - CDS - seq=contig_1, start=262986, stop=263273, strand=+, frame=3, truncated=no, start-type=ATG, RBS-motif=GGAGG
12:43:13.925 - INFO - CDS - seq=contig_1, start=263305, stop=263622, strand=+, frame=1, truncated=no, start-type=GTG, RBS-motif=3Base/5BMM
12:43:13.925 - INFO - CDS - seq=contig_1, start=263612, stop=265252, strand=+, frame=2, truncated=no, start-type=GTG, RBS-motif=GGxGG
12:43:13.925 - INFO - CDS - seq=contig_1, start=265243, stop=265656, strand=+, frame=1, truncated=no, start-type=GTG, RBS-motif=AGGAGG
12:43:13.925 - INFO - CDS - seq=contig_1, start=265893, stop=267452, strand=+, frame=3, truncated=no, start-type=ATG, RBS-motif=None
12:43:13.925 - INFO - CDS - seq=contig_1, start=267571, stop=267774, strand=+, frame=1, truncated=no, start-type=ATG, RBS-motif=AGGAG
12:43:13.925 - INFO - CDS - seq=contig_1, start=267819, stop=268469, strand=+, frame=3, truncated=no, start-type=ATG, RBS-motif=GGA/GAG/AGG
12:43:13.925 - INFO - CDS - seq=contig_1, start=268566, stop=269636, strand=+, frame=3, truncated=no, start-type=ATG, RBS-motif=GGAGG
12:43:13.925 - INFO - CDS - seq=contig_1, start=269703, stop=270413, strand=-, frame=3, truncated=no, start-type=GTG, RBS-motif=GGA/GAG/AGG
12:43:13.925 - INFO - CDS - seq=contig_1, start=270492, stop=271094, strand=+, frame=3, truncated=no, start-type=ATG, RBS-motif=GGA/GAG/AGG
12:43:13.925 - INFO - CDS - seq=contig_1, start=271225, stop=272505, strand=-, frame=2, truncated=no, start-type=GTG, RBS-motif=None
12:43:13.925 - INFO - CDS - seq=contig_1, start=272734, stop=273729, strand=+, frame=1, truncated=no, start-type=GTG, RBS-motif=GGAGG
12:43:13.925 - INFO - CDS - seq=contig_1, start=273722, stop=274381, strand=+, frame=2, truncated=no, start-type=ATG, RBS-motif=AGGAGG
12:43:13.925 - INFO - CDS - seq=contig_1, start=274572, stop=276179, strand=+, frame=3, truncated=no, start-type=ATG, RBS-motif=None
12:43:13.925 - INFO - CDS - seq=contig_1, start=276184, stop=276840, strand=+, frame=1, truncated=no, start-type=ATG, RBS-motif=GGAGG
12:43:13.925 - INFO - CDS - seq=contig_1, start=277272, stop=278639, strand=-, frame=3, truncated=no, start-type=GTG, RBS-motif=GGAGG
12:43:13.925 - INFO - CDS - seq=contig_1, start=278709, stop=278798, strand=+, frame=3, truncated=no, start-type=ATG, RBS-motif=GGxGG
12:43:13.925 - INFO - CDS - seq=contig_1, start=278744, stop=278851, strand=+, frame=2, truncated=no, start-type=ATG, RBS-motif=GGA/GAG/AGG
12:43:13.925 - INFO - CDS - seq=contig_1, start=283897, stop=284262, strand=+, frame=1, truncated=no, start-type=GTG, RBS-motif=None
12:43:13.925 - INFO - CDS - seq=contig_1, start=284292, stop=284912, strand=+, frame=3, truncated=no, start-type=TTG, RBS-motif=GGAG/GAGG
12:43:13.925 - INFO - CDS - seq=contig_1, start=284922, stop=286370, strand=+, frame=3, truncated=no, start-type=GTG, RBS-motif=GGA/GAG/AGG
12:43:13.925 - INFO - CDS - seq=contig_1, start=286354, stop=287880, strand=+, frame=1, truncated=no, start-type=GTG, RBS-motif=GGA/GAG/AGG
12:43:13.926 - INFO - CDS - seq=contig_1, start=287877, stop=288851, strand=-, frame=3, truncated=no, start-type=ATG, RBS-motif=3Base/5BMM
12:43:13.926 - INFO - CDS - seq=contig_1, start=288838, stop=289599, strand=-, frame=2, truncated=no, start-type=ATG, RBS-motif=3Base/5BMM
12:43:13.926 - INFO - CDS - seq=contig_1, start=289732, stop=290523, strand=+, frame=1, truncated=no, start-type=GTG, RBS-motif=3Base/5BMM
12:43:13.926 - INFO - CDS - seq=contig_1, start=290561, stop=291061, strand=-, frame=1, truncated=no, start-type=ATG, RBS-motif=GGAG/GAGG
12:43:13.926 - INFO - CDS - seq=contig_1, start=291150, stop=291899, strand=-, frame=3, truncated=no, start-type=ATG, RBS-motif=GGAG/GAGG
12:43:13.926 - INFO - CDS - seq=contig_1, start=291878, stop=292762, strand=-, frame=1, truncated=no, start-type=GTG, RBS-motif=GGA/GAG/AGG
12:43:13.926 - INFO - CDS - seq=contig_1, start=292932, stop=294278, strand=-, frame=3, truncated=no, start-type=ATG, RBS-motif=AGGA
12:43:13.926 - INFO - CDS - seq=contig_1, start=294534, stop=297182, strand=+, frame=3, truncated=no, start-type=GTG, RBS-motif=AGGAG/GGAGG
12:43:13.926 - INFO - CDS - seq=contig_1, start=297445, stop=298164, strand=+, frame=1, truncated=no, start-type=ATG, RBS-motif=GGAGG
12:43:13.926 - INFO - CDS - seq=contig_1, start=298261, stop=298821, strand=+, frame=1, truncated=no, start-type=GTG, RBS-motif=AGGAG
12:43:13.926 - INFO - CDS - seq=contig_1, start=298926, stop=300605, strand=+, frame=3, truncated=no, start-type=ATG, RBS-motif=GGA/GAG/AGG
12:43:13.926 - INFO - CDS - seq=contig_1, start=300568, stop=301533, strand=+, frame=1, truncated=no, start-type=GTG, RBS-motif=GGA/GAG/AGG
12:43:13.926 - INFO - CDS - seq=contig_1, start=301533, stop=304106, strand=+, frame=3, truncated=no, start-type=ATG, RBS-motif=GGA/GAG/AGG
12:43:13.926 - INFO - CDS - seq=contig_1, start=304161, stop=304994, strand=+, frame=3, truncated=no, start-type=ATG, RBS-motif=GGAG/GAGG
12:43:13.926 - INFO - CDS - seq=contig_1, start=305031, stop=305912, strand=+, frame=3, truncated=no, start-type=ATG, RBS-motif=AGGA
12:43:13.926 - INFO - CDS - seq=contig_1, start=305939, stop=307156, strand=+, frame=2, truncated=no, start-type=ATG, RBS-motif=AGGA
12:43:13.926 - INFO - CDS - seq=contig_1, start=307322, stop=308587, strand=+, frame=2, truncated=no, start-type=ATG, RBS-motif=GGAG/GAGG
12:43:13.926 - INFO - CDS - seq=contig_1, start=308606, stop=309850, strand=+, frame=2, truncated=no, start-type=ATG, RBS-motif=None
12:43:13.926 - INFO - CDS - seq=contig_1, start=309936, stop=310571, strand=+, frame=3, truncated=no, start-type=GTG, RBS-motif=None
12:43:13.926 - INFO - CDS - seq=contig_1, start=310574, stop=311347, strand=+, frame=2, truncated=no, start-type=ATG, RBS-motif=GGA/GAG/AGG
12:43:13.926 - INFO - CDS - seq=contig_1, start=311480, stop=312511, strand=+, frame=2, truncated=no, start-type=ATG, RBS-motif=GGAGG
12:43:13.926 - INFO - CDS - seq=contig_1, start=312511, stop=314268, strand=+, frame=1, truncated=no, start-type=ATG, RBS-motif=None
12:43:13.926 - INFO - CDS - seq=contig_1, start=314265, stop=315398, strand=+, frame=3, truncated=no, start-type=GTG, RBS-motif=AGGA
12:43:13.926 - INFO - CDS - seq=contig_1, start=315389, stop=316330, strand=+, frame=2, truncated=no, start-type=ATG, RBS-motif=AGxAGG/AGGxGG
12:43:13.926 - INFO - CDS - seq=contig_1, start=316317, stop=318263, strand=-, frame=3, truncated=no, start-type=GTG, RBS-motif=AGGA
12:43:13.926 - INFO - CDS - seq=contig_1, start=318276, stop=321203, strand=-, frame=3, truncated=no, start-type=ATG, RBS-motif=None
12:43:13.926 - INFO - CDS - seq=contig_1, start=321274, stop=323052, strand=+, frame=1, truncated=no, start-type=GTG, RBS-motif=GGAG/GAGG
12:43:13.926 - INFO - CDS - seq=contig_1, start=323217, stop=323831, strand=+, frame=3, truncated=no, start-type=ATG, RBS-motif=GGAG/GAGG
12:43:13.926 - INFO - CDS - seq=contig_1, start=323917, stop=324945, strand=+, frame=1, truncated=no, start-type=ATG, RBS-motif=GGxGG
12:43:13.926 - INFO - CDS - seq=contig_1, start=324920, stop=325885, strand=+, frame=2, truncated=no, start-type=GTG, RBS-motif=GGAG/GAGG
12:43:13.926 - INFO - CDS - seq=contig_1, start=325951, stop=326769, strand=+, frame=1, truncated=no, start-type=ATG, RBS-motif=GGxGG
12:43:13.926 - INFO - CDS - seq=contig_1, start=326792, stop=327154, strand=+, frame=2, truncated=no, start-type=GTG, RBS-motif=GGAGG
12:43:13.926 - INFO - CDS - seq=contig_1, start=327227, stop=328240, strand=+, frame=2, truncated=no, start-type=ATG, RBS-motif=AGxAGG/AGGxGG
12:43:13.926 - INFO - CDS - seq=contig_1, start=328419, stop=328715, strand=-, frame=3, truncated=no, start-type=GTG, RBS-motif=GGA/GAG/AGG
12:43:13.926 - INFO - CDS - seq=contig_1, start=328858, stop=330600, strand=+, frame=1, truncated=no, start-type=TTG, RBS-motif=AGxAGG/AGGxGG
12:43:13.926 - INFO - CDS - seq=contig_1, start=331116, stop=331583, strand=+, frame=3, truncated=no, start-type=GTG, RBS-motif=None
12:43:13.926 - INFO - CDS - seq=contig_1, start=331602, stop=331748, strand=+, frame=3, truncated=no, start-type=GTG, RBS-motif=GGAG/GAGG
12:43:13.926 - INFO - CDS - seq=contig_1, start=331824, stop=333425, strand=+, frame=3, truncated=no, start-type=ATG, RBS-motif=GGAGG
12:43:13.926 - INFO - CDS - seq=contig_1, start=333422, stop=334537, strand=+, frame=2, truncated=no, start-type=GTG, RBS-motif=None
12:43:13.926 - INFO - CDS - seq=contig_1, start=334534, stop=335484, strand=+, frame=1, truncated=no, start-type=ATG, RBS-motif=GGA/GAG/AGG
12:43:13.926 - INFO - CDS - seq=contig_1, start=335588, stop=339994, strand=+, frame=2, truncated=no, start-type=GTG, RBS-motif=None
12:43:13.926 - INFO - CDS - seq=contig_1, start=340024, stop=342510, strand=+, frame=1, truncated=no, start-type=ATG, RBS-motif=AGGAG
12:43:13.926 - INFO - CDS - seq=contig_1, start=342567, stop=343085, strand=+, frame=3, truncated=no, start-type=ATG, RBS-motif=AGGAG
12:43:13.926 - INFO - CDS - seq=contig_1, start=343141, stop=345843, strand=+, frame=1, truncated=no, start-type=GTG, RBS-motif=AGGAG
12:43:13.926 - INFO - CDS - seq=contig_1, start=345961, stop=347502, strand=+, frame=1, truncated=no, start-type=GTG, RBS-motif=AGGAG
12:43:13.926 - INFO - CDS - seq=contig_1, start=347658, stop=349454, strand=-, frame=3, truncated=no, start-type=GTG, RBS-motif=GGAGG
12:43:13.926 - INFO - CDS - seq=contig_1, start=349684, stop=351150, strand=-, frame=2, truncated=no, start-type=ATG, RBS-motif=AGGAGG
12:43:13.926 - INFO - CDS - seq=contig_1, start=351329, stop=352021, strand=+, frame=2, truncated=no, start-type=ATG, RBS-motif=None
12:43:13.926 - INFO - CDS - seq=contig_1, start=352046, stop=353263, strand=+, frame=2, truncated=no, start-type=ATG, RBS-motif=AGGA
12:43:13.927 - INFO - CDS - seq=contig_1, start=353260, stop=353724, strand=-, frame=2, truncated=no, start-type=ATG, RBS-motif=None
12:43:13.927 - INFO - CDS - seq=contig_1, start=353729, stop=355342, strand=+, frame=2, truncated=no, start-type=GTG, RBS-motif=AGGAG
12:43:13.927 - INFO - CDS - seq=contig_1, start=355323, stop=356180, strand=+, frame=3, truncated=no, start-type=ATG, RBS-motif=AGGA
12:43:13.927 - INFO - CDS - seq=contig_1, start=356198, stop=356686, strand=+, frame=2, truncated=no, start-type=ATG, RBS-motif=None
12:43:13.927 - INFO - CDS - seq=contig_1, start=356698, stop=357693, strand=+, frame=1, truncated=no, start-type=GTG, RBS-motif=GGA/GAG/AGG
12:43:13.927 - INFO - CDS - seq=contig_1, start=357679, stop=359151, strand=-, frame=2, truncated=no, start-type=ATG, RBS-motif=GGA/GAG/AGG
12:43:13.927 - INFO - CDS - seq=contig_1, start=359170, stop=360615, strand=+, frame=1, truncated=no, start-type=ATG, RBS-motif=3Base/5BMM
12:43:13.927 - INFO - CDS - seq=contig_1, start=360736, stop=361296, strand=+, frame=1, truncated=no, start-type=GTG, RBS-motif=GGAGG
12:43:13.927 - INFO - CDS - seq=contig_1, start=361290, stop=362123, strand=+, frame=3, truncated=no, start-type=TTG, RBS-motif=GGAG/GAGG
12:43:13.927 - INFO - CDS - seq=contig_1, start=362128, stop=365574, strand=-, frame=2, truncated=no, start-type=ATG, RBS-motif=None
12:43:13.927 - INFO - CDS - seq=contig_1, start=365703, stop=366794, strand=+, frame=3, truncated=no, start-type=ATG, RBS-motif=AGGAG(G)/GGAGG
12:43:13.927 - INFO - CDS - seq=contig_1, start=366957, stop=367652, strand=+, frame=3, truncated=no, start-type=ATG, RBS-motif=GGA/GAG/AGG
12:43:13.927 - INFO - CDS - seq=contig_1, start=367754, stop=368464, strand=+, frame=2, truncated=no, start-type=ATG, RBS-motif=AGxAGG/AGGxGG
12:43:13.927 - INFO - CDS - seq=contig_1, start=368484, stop=369599, strand=-, frame=3, truncated=no, start-type=GTG, RBS-motif=GGAGG
12:43:13.927 - INFO - CDS - seq=contig_1, start=369578, stop=370108, strand=-, frame=1, truncated=no, start-type=ATG, RBS-motif=None
12:43:13.927 - INFO - CDS - seq=contig_1, start=370321, stop=371607, strand=+, frame=1, truncated=no, start-type=ATG, RBS-motif=GGA/GAG/AGG
12:43:13.927 - INFO - CDS - seq=contig_1, start=371604, stop=372494, strand=+, frame=3, truncated=no, start-type=GTG, RBS-motif=GGA/GAG/AGG
12:43:13.927 - INFO - CDS - seq=contig_1, start=372626, stop=372883, strand=+, frame=2, truncated=no, start-type=ATG, RBS-motif=GGxGG
12:43:13.927 - INFO - CDS - seq=contig_1, start=372880, stop=373389, strand=-, frame=2, truncated=no, start-type=ATG, RBS-motif=GGA/GAG/AGG
12:43:13.927 - INFO - CDS - seq=contig_1, start=373653, stop=374279, strand=+, frame=3, truncated=no, start-type=ATG, RBS-motif=GGAG/GAGG
12:43:13.927 - INFO - CDS - seq=contig_1, start=374355, stop=374645, strand=+, frame=3, truncated=no, start-type=GTG, RBS-motif=GGAGG
12:43:13.927 - INFO - CDS - seq=contig_1, start=374881, stop=375150, strand=+, frame=1, truncated=no, start-type=ATG, RBS-motif=GGA/GAG/AGG
12:43:13.927 - INFO - CDS - seq=contig_1, start=375176, stop=375283, strand=+, frame=2, truncated=no, start-type=GTG, RBS-motif=GGAGG
12:43:13.927 - INFO - CDS - seq=contig_1, start=375333, stop=375992, strand=+, frame=3, truncated=no, start-type=ATG, RBS-motif=None
12:43:13.927 - INFO - CDS - seq=contig_1, start=375997, stop=377577, strand=-, frame=2, truncated=no, start-type=ATG, RBS-motif=GGA/GAG/AGG
12:43:13.927 - INFO - CDS - seq=contig_1, start=377589, stop=378224, strand=-, frame=3, truncated=no, start-type=GTG, RBS-motif=GGxGG
12:43:13.927 - INFO - CDS - seq=contig_1, start=378441, stop=378611, strand=+, frame=3, truncated=no, start-type=ATG, RBS-motif=AGGAGG
12:43:13.927 - INFO - CDS - seq=contig_1, start=378608, stop=379411, strand=-, frame=1, truncated=no, start-type=ATG, RBS-motif=AGGAG
12:43:13.927 - INFO - CDS - seq=contig_1, start=379532, stop=379768, strand=+, frame=2, truncated=no, start-type=ATG, RBS-motif=GGAG/GAGG
12:43:13.927 - INFO - CDS - seq=contig_1, start=380266, stop=382698, strand=+, frame=1, truncated=no, start-type=ATG, RBS-motif=GGA/GAG/AGG
12:43:13.927 - INFO - CDS - seq=contig_1, start=382725, stop=384059, strand=+, frame=3, truncated=no, start-type=ATG, RBS-motif=GGA/GAG/AGG
12:43:13.927 - INFO - CDS - seq=contig_1, start=384081, stop=384545, strand=+, frame=3, truncated=no, start-type=ATG, RBS-motif=AGGAG
12:43:13.927 - INFO - CDS - seq=contig_1, start=384558, stop=384992, strand=+, frame=3, truncated=no, start-type=ATG, RBS-motif=GGAGG
12:43:13.927 - INFO - CDS - seq=contig_1, start=385296, stop=388121, strand=+, frame=3, truncated=no, start-type=GTG, RBS-motif=GGAG/GAGG
12:43:13.927 - INFO - CDS - seq=contig_1, start=388121, stop=388456, strand=+, frame=2, truncated=no, start-type=ATG, RBS-motif=AGGAG
12:43:13.927 - INFO - CDS - seq=contig_1, start=388453, stop=389991, strand=+, frame=1, truncated=no, start-type=GTG, RBS-motif=GGAG/GAGG
12:43:13.927 - INFO - CDS - seq=contig_1, start=390059, stop=390322, strand=-, frame=1, truncated=no, start-type=ATG, RBS-motif=GGAG/GAGG
12:43:13.927 - INFO - CDS - seq=contig_1, start=390533, stop=391369, strand=+, frame=2, truncated=no, start-type=ATG, RBS-motif=GGA/GAG/AGG
12:43:13.927 - INFO - CDS - seq=contig_1, start=391344, stop=392081, strand=+, frame=3, truncated=no, start-type=GTG, RBS-motif=GGxGG
12:43:13.927 - INFO - CDS - seq=contig_1, start=392141, stop=393574, strand=+, frame=2, truncated=no, start-type=GTG, RBS-motif=None
12:43:13.927 - INFO - CDS - seq=contig_1, start=393567, stop=395885, strand=+, frame=3, truncated=no, start-type=ATG, RBS-motif=GGAG/GAGG
12:43:13.927 - INFO - CDS - seq=contig_1, start=395926, stop=396285, strand=-, frame=2, truncated=no, start-type=ATG, RBS-motif=None
12:43:13.927 - INFO - CDS - seq=contig_1, start=396569, stop=397465, strand=-, frame=1, truncated=no, start-type=GTG, RBS-motif=None
12:43:13.927 - INFO - CDS - seq=contig_1, start=397553, stop=398047, strand=+, frame=2, truncated=no, start-type=GTG, RBS-motif=GGA/GAG/AGG
12:43:13.927 - INFO - CDS - seq=contig_1, start=398122, stop=400872, strand=-, frame=2, truncated=no, start-type=ATG, RBS-motif=None
12:43:13.927 - INFO - CDS - seq=contig_1, start=400976, stop=402796, strand=-, frame=1, truncated=no, start-type=GTG, RBS-motif=None
12:43:13.927 - INFO - CDS - seq=contig_1, start=402936, stop=403652, strand=-, frame=3, truncated=no, start-type=ATG, RBS-motif=GGxGG
12:43:13.927 - INFO - CDS - seq=contig_1, start=403882, stop=404331, strand=+, frame=1, truncated=no, start-type=GTG, RBS-motif=GGA/GAG/AGG
12:43:13.927 - INFO - CDS - seq=contig_1, start=404328, stop=405467, strand=+, frame=3, truncated=no, start-type=GTG, RBS-motif=AGGA
12:43:13.928 - INFO - CDS - seq=contig_1, start=405480, stop=405854, strand=+, frame=3, truncated=no, start-type=ATG, RBS-motif=AGGAG
12:43:13.928 - INFO - CDS - seq=contig_1, start=405838, stop=407217, strand=+, frame=1, truncated=no, start-type=ATG, RBS-motif=AGGA/GGAG/GAGG
12:43:13.928 - INFO - CDS - seq=contig_1, start=407214, stop=408368, strand=+, frame=3, truncated=no, start-type=ATG, RBS-motif=GGAG/GAGG
12:43:13.928 - INFO - CDS - seq=contig_1, start=408346, stop=409161, strand=+, frame=1, truncated=no, start-type=GTG, RBS-motif=GGAGG
12:43:13.928 - INFO - CDS - seq=contig_1, start=409174, stop=410418, strand=+, frame=1, truncated=no, start-type=ATG, RBS-motif=GGAG/GAGG
12:43:13.928 - INFO - CDS - seq=contig_1, start=410467, stop=411720, strand=+, frame=1, truncated=no, start-type=ATG, RBS-motif=GGAGG
12:43:13.928 - INFO - CDS - seq=contig_1, start=411717, stop=412637, strand=+, frame=3, truncated=no, start-type=GTG, RBS-motif=AGGA
12:43:13.928 - INFO - CDS - seq=contig_1, start=412627, stop=413379, strand=+, frame=1, truncated=no, start-type=ATG, RBS-motif=AGxAGG/AGGxGG
12:43:13.928 - INFO - CDS - seq=contig_1, start=413376, stop=414284, strand=+, frame=3, truncated=no, start-type=ATG, RBS-motif=GGA/GAG/AGG
12:43:13.928 - INFO - CDS - seq=contig_1, start=414317, stop=416512, strand=+, frame=2, truncated=no, start-type=ATG, RBS-motif=AGxAGG/AGGxGG
12:43:13.928 - INFO - CDS - seq=contig_1, start=416505, stop=417398, strand=+, frame=3, truncated=no, start-type=ATG, RBS-motif=AGGAG/GGAGG
12:43:13.928 - INFO - CDS - seq=contig_1, start=417546, stop=417956, strand=+, frame=3, truncated=no, start-type=GTG, RBS-motif=GGxGG
12:43:13.928 - INFO - CDS - seq=contig_1, start=417974, stop=418429, strand=+, frame=2, truncated=no, start-type=ATG, RBS-motif=GGAG/GAGG
12:43:13.928 - INFO - CDS - seq=contig_1, start=418485, stop=418859, strand=+, frame=3, truncated=no, start-type=ATG, RBS-motif=GGAGG
12:43:13.928 - INFO - CDS - seq=contig_1, start=418976, stop=420679, strand=+, frame=2, truncated=no, start-type=GTG, RBS-motif=GGAGG
12:43:13.928 - INFO - CDS - seq=contig_1, start=420684, stop=421742, strand=+, frame=3, truncated=no, start-type=ATG, RBS-motif=GGAGG
12:43:13.928 - INFO - CDS - seq=contig_1, start=421790, stop=422719, strand=+, frame=2, truncated=no, start-type=ATG, RBS-motif=AGGA
12:43:13.928 - INFO - CDS - seq=contig_1, start=422747, stop=424090, strand=+, frame=2, truncated=no, start-type=ATG, RBS-motif=3Base/5BMM
12:43:13.928 - INFO - CDS - seq=contig_1, start=424119, stop=424571, strand=+, frame=3, truncated=no, start-type=GTG, RBS-motif=AGGAG
12:43:13.928 - INFO - CDS - seq=contig_1, start=424568, stop=425101, strand=-, frame=1, truncated=no, start-type=ATG, RBS-motif=GGA/GAG/AGG
12:43:13.928 - INFO - CDS - seq=contig_1, start=425323, stop=425565, strand=+, frame=1, truncated=no, start-type=ATG, RBS-motif=GGA/GAG/AGG
12:43:13.928 - INFO - CDS - seq=contig_1, start=425555, stop=426544, strand=+, frame=2, truncated=no, start-type=ATG, RBS-motif=3Base/5BMM
12:43:13.928 - INFO - CDS - seq=contig_1, start=426672, stop=427328, strand=+, frame=3, truncated=no, start-type=GTG, RBS-motif=GGAG/GAGG
12:43:13.928 - INFO - CDS - seq=contig_1, start=427424, stop=430678, strand=+, frame=2, truncated=no, start-type=ATG, RBS-motif=GGA/GAG/AGG
12:43:13.928 - INFO - CDS - seq=contig_1, start=430796, stop=431173, strand=+, frame=2, truncated=no, start-type=ATG, RBS-motif=AGGA
12:43:13.928 - INFO - CDS - seq=contig_1, start=431170, stop=432921, strand=+, frame=1, truncated=no, start-type=GTG, RBS-motif=AGGAG
12:43:13.928 - INFO - CDS - seq=contig_1, start=432918, stop=434180, strand=+, frame=3, truncated=no, start-type=ATG, RBS-motif=AGGAG/GGAGG
12:43:13.928 - INFO - CDS - seq=contig_1, start=434256, stop=434561, strand=-, frame=3, truncated=no, start-type=ATG, RBS-motif=AGxAGG/AGGxGG
12:43:13.928 - INFO - CDS - seq=contig_1, start=434580, stop=436478, strand=-, frame=3, truncated=no, start-type=ATG, RBS-motif=None
12:43:13.928 - INFO - CDS - seq=contig_1, start=436536, stop=437936, strand=+, frame=3, truncated=no, start-type=ATG, RBS-motif=GGxGG
12:43:13.928 - INFO - CDS - seq=contig_1, start=437836, stop=438417, strand=-, frame=2, truncated=no, start-type=ATG, RBS-motif=AGGAG
12:43:13.928 - INFO - CDS - seq=contig_1, start=438398, stop=439759, strand=-, frame=1, truncated=no, start-type=ATG, RBS-motif=AGxAGG/AGGxGG
12:43:13.928 - INFO - CDS - seq=contig_1, start=439752, stop=441431, strand=-, frame=3, truncated=no, start-type=ATG, RBS-motif=GGA/GAG/AGG
12:43:13.928 - INFO - CDS - seq=contig_1, start=441485, stop=442651, strand=+, frame=2, truncated=no, start-type=ATG, RBS-motif=None
12:43:13.928 - INFO - CDS - seq=contig_1, start=442648, stop=443400, strand=+, frame=1, truncated=no, start-type=ATG, RBS-motif=GGA/GAG/AGG
12:43:13.928 - INFO - CDS - seq=contig_1, start=443585, stop=445603, strand=+, frame=2, truncated=no, start-type=GTG, RBS-motif=GGA/GAG/AGG
12:43:13.928 - INFO - CDS - seq=contig_1, start=445644, stop=446612, strand=+, frame=3, truncated=no, start-type=GTG, RBS-motif=GGAG/GAGG
12:43:13.928 - INFO - CDS - seq=contig_1, start=446637, stop=447443, strand=+, frame=3, truncated=no, start-type=ATG, RBS-motif=AGGA/GGAG/GAGG
12:43:13.928 - INFO - CDS - seq=contig_1, start=447569, stop=448183, strand=+, frame=2, truncated=no, start-type=GTG, RBS-motif=AGGAG
12:43:13.928 - INFO - CDS - seq=contig_1, start=448183, stop=448728, strand=+, frame=1, truncated=no, start-type=ATG, RBS-motif=AGGAG
12:43:13.928 - INFO - CDS - seq=contig_1, start=448725, stop=450494, strand=+, frame=3, truncated=no, start-type=ATG, RBS-motif=GGAG/GAGG
12:43:13.928 - INFO - CDS - seq=contig_1, start=450498, stop=451790, strand=+, frame=3, truncated=no, start-type=ATG, RBS-motif=GGAG/GAGG
12:43:13.928 - INFO - CDS - seq=contig_1, start=451802, stop=452422, strand=+, frame=2, truncated=no, start-type=ATG, RBS-motif=GGxGG
12:43:13.928 - INFO - CDS - seq=contig_1, start=452419, stop=454287, strand=+, frame=1, truncated=no, start-type=GTG, RBS-motif=GGAG/GAGG
12:43:13.928 - INFO - CDS - seq=contig_1, start=454324, stop=454746, strand=+, frame=1, truncated=no, start-type=ATG, RBS-motif=GGAGG
12:43:13.928 - INFO - CDS - seq=contig_1, start=454780, stop=455601, strand=+, frame=1, truncated=no, start-type=ATG, RBS-motif=None
12:43:13.928 - INFO - CDS - seq=contig_1, start=455662, stop=456195, strand=+, frame=1, truncated=no, start-type=GTG, RBS-motif=GGAGG
12:43:13.928 - INFO - CDS - seq=contig_1, start=456250, stop=458409, strand=+, frame=1, truncated=no, start-type=ATG, RBS-motif=GGAGG
12:43:13.929 - INFO - CDS - seq=contig_1, start=458507, stop=458977, strand=-, frame=1, truncated=no, start-type=ATG, RBS-motif=AGxAGG/AGGxGG
12:43:13.929 - INFO - CDS - seq=contig_1, start=459109, stop=460191, strand=-, frame=2, truncated=no, start-type=ATG, RBS-motif=None
12:43:13.929 - INFO - CDS - seq=contig_1, start=460157, stop=460621, strand=-, frame=1, truncated=no, start-type=ATG, RBS-motif=GGAGG
12:43:13.929 - INFO - CDS - seq=contig_1, start=460762, stop=461526, strand=+, frame=1, truncated=no, start-type=ATG, RBS-motif=None
12:43:13.929 - INFO - CDS - seq=contig_1, start=461652, stop=462125, strand=+, frame=3, truncated=no, start-type=ATG, RBS-motif=GGAGG
12:43:13.929 - INFO - CDS - seq=contig_1, start=462215, stop=463366, strand=+, frame=2, truncated=no, start-type=ATG, RBS-motif=GGA/GAG/AGG
12:43:13.929 - INFO - CDS - seq=contig_1, start=463420, stop=464280, strand=+, frame=1, truncated=no, start-type=GTG, RBS-motif=GGxGG
12:43:13.929 - INFO - CDS - seq=contig_1, start=464273, stop=465994, strand=+, frame=2, truncated=no, start-type=ATG, RBS-motif=GGA/GAG/AGG
12:43:13.929 - INFO - CDS - seq=contig_1, start=465987, stop=466790, strand=+, frame=3, truncated=no, start-type=GTG, RBS-motif=AGxAGG/AGGxGG
12:43:13.929 - INFO - CDS - seq=contig_1, start=466796, stop=467824, strand=+, frame=2, truncated=no, start-type=GTG, RBS-motif=AGxAGG/AGGxGG
12:43:13.929 - INFO - CDS - seq=contig_1, start=467960, stop=468589, strand=+, frame=2, truncated=no, start-type=GTG, RBS-motif=GGxGG
12:43:13.929 - INFO - CDS - seq=contig_1, start=468586, stop=469845, strand=+, frame=1, truncated=no, start-type=GTG, RBS-motif=GGxGG
12:43:13.929 - INFO - CDS - seq=contig_1, start=469842, stop=470966, strand=+, frame=3, truncated=no, start-type=ATG, RBS-motif=AGGA/GGAG/GAGG
12:43:13.929 - INFO - CDS - seq=contig_1, start=471024, stop=472106, strand=+, frame=3, truncated=no, start-type=ATG, RBS-motif=AGGAG
12:43:13.929 - INFO - CDS - seq=contig_1, start=472110, stop=472700, strand=+, frame=3, truncated=no, start-type=ATG, RBS-motif=3Base/5BMM
12:43:13.929 - INFO - CDS - seq=contig_1, start=472792, stop=474888, strand=+, frame=1, truncated=no, start-type=GTG, RBS-motif=GGAG/GAGG
12:43:13.929 - INFO - CDS - seq=contig_1, start=475338, stop=478613, strand=+, frame=3, truncated=no, start-type=ATG, RBS-motif=GGAGG
12:43:13.929 - INFO - CDS - seq=contig_1, start=478657, stop=479463, strand=+, frame=1, truncated=no, start-type=ATG, RBS-motif=3Base/5BMM
12:43:13.929 - INFO - CDS - seq=contig_1, start=479479, stop=479829, strand=+, frame=1, truncated=no, start-type=ATG, RBS-motif=GGAG/GAGG
12:43:13.929 - INFO - CDS - seq=contig_1, start=479813, stop=480499, strand=-, frame=1, truncated=no, start-type=ATG, RBS-motif=GGA/GAG/AGG
12:43:13.929 - INFO - CDS - seq=contig_1, start=480499, stop=481473, strand=-, frame=2, truncated=no, start-type=ATG, RBS-motif=GGA/GAG/AGG
12:43:13.929 - INFO - CDS - seq=contig_1, start=481560, stop=482876, strand=-, frame=3, truncated=no, start-type=ATG, RBS-motif=AGGAGG
12:43:13.929 - INFO - CDS - seq=contig_1, start=483028, stop=484725, strand=+, frame=1, truncated=no, start-type=ATG, RBS-motif=None
12:43:13.929 - INFO - CDS - seq=contig_1, start=484816, stop=485394, strand=+, frame=1, truncated=no, start-type=ATG, RBS-motif=3Base/5BMM
12:43:13.929 - INFO - CDS - seq=contig_1, start=485357, stop=486208, strand=+, frame=2, truncated=no, start-type=ATG, RBS-motif=3Base/5BMM
12:43:13.929 - INFO - CDS - seq=contig_1, start=486338, stop=486958, strand=+, frame=2, truncated=no, start-type=GTG, RBS-motif=AGGAGG
12:43:13.929 - INFO - CDS - seq=contig_1, start=487019, stop=487375, strand=+, frame=2, truncated=no, start-type=ATG, RBS-motif=GGA/GAG/AGG
12:43:13.929 - INFO - CDS - seq=contig_1, start=487427, stop=488695, strand=+, frame=2, truncated=no, start-type=ATG, RBS-motif=AGxAGG/AGGxGG
12:43:13.929 - INFO - CDS - seq=contig_1, start=488754, stop=489506, strand=-, frame=3, truncated=no, start-type=ATG, RBS-motif=GGA/GAG/AGG
12:43:13.929 - INFO - CDS - seq=contig_1, start=489503, stop=490300, strand=-, frame=1, truncated=no, start-type=ATG, RBS-motif=None
12:43:13.929 - INFO - CDS - seq=contig_1, start=490305, stop=491375, strand=-, frame=3, truncated=no, start-type=ATG, RBS-motif=AGGA
12:43:13.929 - INFO - CDS - seq=contig_1, start=491683, stop=493635, strand=-, frame=2, truncated=no, start-type=TTG, RBS-motif=AGGAGG
12:43:13.929 - INFO - CDS - seq=contig_1, start=493628, stop=494785, strand=-, frame=1, truncated=no, start-type=ATG, RBS-motif=AGxAGG/AGGxGG
12:43:13.929 - INFO - CDS - seq=contig_1, start=494813, stop=496186, strand=+, frame=2, truncated=no, start-type=ATG, RBS-motif=GGA/GAG/AGG
12:43:13.929 - INFO - CDS - seq=contig_1, start=496199, stop=498274, strand=-, frame=1, truncated=no, start-type=GTG, RBS-motif=GGxGG
12:43:13.929 - INFO - CDS - seq=contig_1, start=498349, stop=498975, strand=-, frame=2, truncated=no, start-type=GTG, RBS-motif=None
12:43:13.929 - INFO - CDS - seq=contig_1, start=499058, stop=499795, strand=-, frame=1, truncated=no, start-type=ATG, RBS-motif=GGA/GAG/AGG
12:43:13.929 - INFO - CDS - seq=contig_1, start=499936, stop=501543, strand=-, frame=2, truncated=no, start-type=GTG, RBS-motif=AGGAG
12:43:13.929 - INFO - CDS - seq=contig_1, start=501607, stop=502953, strand=-, frame=2, truncated=no, start-type=ATG, RBS-motif=GGAGG
12:43:13.929 - INFO - CDS - seq=contig_1, start=503042, stop=503746, strand=-, frame=1, truncated=no, start-type=ATG, RBS-motif=AGGAGG
12:43:13.929 - INFO - CDS - seq=contig_1, start=503807, stop=505354, strand=-, frame=1, truncated=no, start-type=ATG, RBS-motif=AGxAGG/AGGxGG
12:43:13.929 - INFO - CDS - seq=contig_1, start=505426, stop=506031, strand=-, frame=2, truncated=no, start-type=ATG, RBS-motif=None
12:43:13.929 - INFO - CDS - seq=contig_1, start=506213, stop=506701, strand=+, frame=2, truncated=no, start-type=GTG, RBS-motif=AGGAG
12:43:13.929 - INFO - CDS - seq=contig_1, start=506733, stop=508982, strand=+, frame=3, truncated=no, start-type=ATG, RBS-motif=GGAG/GAGG
12:43:13.929 - INFO - CDS - seq=contig_1, start=509049, stop=510173, strand=-, frame=3, truncated=no, start-type=ATG, RBS-motif=None
12:43:13.929 - INFO - CDS - seq=contig_1, start=510160, stop=512082, strand=-, frame=2, truncated=no, start-type=ATG, RBS-motif=None
12:43:13.929 - INFO - CDS - seq=contig_1, start=512069, stop=513913, strand=-, frame=1, truncated=no, start-type=ATG, RBS-motif=None
12:43:13.929 - INFO - CDS - seq=contig_1, start=513910, stop=515505, strand=-, frame=2, truncated=no, start-type=ATG, RBS-motif=AGxAGG/AGGxGG
12:43:13.930 - INFO - CDS - seq=contig_1, start=515594, stop=517615, strand=-, frame=1, truncated=no, start-type=GTG, RBS-motif=GGAGG
12:43:13.930 - INFO - CDS - seq=contig_1, start=517694, stop=520003, strand=+, frame=2, truncated=no, start-type=ATG, RBS-motif=GGA/GAG/AGG
12:43:13.930 - INFO - CDS - seq=contig_1, start=520463, stop=521431, strand=+, frame=2, truncated=no, start-type=GTG, RBS-motif=GGAGG
12:43:13.930 - INFO - CDS - seq=contig_1, start=521428, stop=521616, strand=+, frame=1, truncated=no, start-type=ATG, RBS-motif=AGGA
12:43:13.930 - INFO - CDS - seq=contig_1, start=521623, stop=522678, strand=+, frame=1, truncated=no, start-type=GTG, RBS-motif=GGA/GAG/AGG
12:43:13.930 - INFO - CDS - seq=contig_1, start=522682, stop=524499, strand=+, frame=1, truncated=no, start-type=GTG, RBS-motif=GGA/GAG/AGG
12:43:13.930 - INFO - CDS - seq=contig_1, start=524499, stop=526331, strand=+, frame=3, truncated=no, start-type=ATG, RBS-motif=GGAG/GAGG
12:43:13.930 - INFO - CDS - seq=contig_1, start=526341, stop=527162, strand=+, frame=3, truncated=no, start-type=ATG, RBS-motif=GGA/GAG/AGG
12:43:13.930 - INFO - CDS - seq=contig_1, start=527537, stop=528481, strand=+, frame=2, truncated=no, start-type=ATG, RBS-motif=GGA/GAG/AGG
12:43:13.930 - INFO - CDS - seq=contig_1, start=528494, stop=529528, strand=+, frame=2, truncated=no, start-type=ATG, RBS-motif=GGAGG
12:43:13.930 - INFO - CDS - seq=contig_1, start=529533, stop=530396, strand=+, frame=3, truncated=no, start-type=GTG, RBS-motif=None
12:43:13.930 - INFO - CDS - seq=contig_1, start=530393, stop=530899, strand=+, frame=2, truncated=no, start-type=ATG, RBS-motif=AGxAGG/AGGxGG
12:43:13.930 - INFO - CDS - seq=contig_1, start=530900, stop=532774, strand=+, frame=2, truncated=no, start-type=ATG, RBS-motif=AGGA/GGAG/GAGG
12:43:13.930 - INFO - CDS - seq=contig_1, start=532771, stop=534072, strand=+, frame=1, truncated=no, start-type=ATG, RBS-motif=AGGAG
12:43:13.930 - INFO - CDS - seq=contig_1, start=534098, stop=534994, strand=+, frame=2, truncated=no, start-type=ATG, RBS-motif=AGGA
12:43:13.930 - INFO - CDS - seq=contig_1, start=534994, stop=535536, strand=+, frame=1, truncated=no, start-type=GTG, RBS-motif=GGxGG
12:43:13.930 - INFO - CDS - seq=contig_1, start=535667, stop=537001, strand=-, frame=1, truncated=no, start-type=ATG, RBS-motif=GGAGG
12:43:13.930 - INFO - CDS - seq=contig_1, start=537286, stop=537723, strand=+, frame=1, truncated=no, start-type=GTG, RBS-motif=AGGAG
12:43:13.930 - INFO - CDS - seq=contig_1, start=537736, stop=539064, strand=+, frame=1, truncated=no, start-type=GTG, RBS-motif=AGGA
12:43:13.930 - INFO - CDS - seq=contig_1, start=539057, stop=539668, strand=+, frame=2, truncated=no, start-type=GTG, RBS-motif=AGGAG
12:43:13.930 - INFO - CDS - seq=contig_1, start=539655, stop=540902, strand=+, frame=3, truncated=no, start-type=ATG, RBS-motif=AGGAG
12:43:13.930 - INFO - CDS - seq=contig_1, start=540999, stop=541565, strand=+, frame=3, truncated=no, start-type=ATG, RBS-motif=GGAGG
12:43:13.930 - INFO - CDS - seq=contig_1, start=541746, stop=543554, strand=-, frame=3, truncated=no, start-type=ATG, RBS-motif=None
12:43:13.930 - INFO - CDS - seq=contig_1, start=543620, stop=544231, strand=+, frame=2, truncated=no, start-type=GTG, RBS-motif=None
12:43:13.930 - INFO - CDS - seq=contig_1, start=544228, stop=545475, strand=+, frame=1, truncated=no, start-type=GTG, RBS-motif=GGxGG
12:43:13.930 - INFO - CDS - seq=contig_1, start=545495, stop=546949, strand=+, frame=2, truncated=no, start-type=GTG, RBS-motif=GGA/GAG/AGG
12:43:13.930 - INFO - CDS - seq=contig_1, start=547015, stop=549945, strand=+, frame=1, truncated=no, start-type=ATG, RBS-motif=None
12:43:13.930 - INFO - CDS - seq=contig_1, start=549942, stop=552917, strand=+, frame=3, truncated=no, start-type=ATG, RBS-motif=None
12:43:13.930 - INFO - CDS - seq=contig_1, start=552931, stop=554511, strand=-, frame=2, truncated=no, start-type=ATG, RBS-motif=GGA/GAG/AGG
12:43:13.930 - INFO - CDS - seq=contig_1, start=554508, stop=555098, strand=-, frame=3, truncated=no, start-type=GTG, RBS-motif=GGA/GAG/AGG
12:43:13.930 - INFO - CDS - seq=contig_1, start=555080, stop=555772, strand=-, frame=1, truncated=no, start-type=ATG, RBS-motif=None
12:43:13.930 - INFO - CDS - seq=contig_1, start=555769, stop=557145, strand=-, frame=2, truncated=no, start-type=ATG, RBS-motif=AGGA
12:43:13.930 - INFO - CDS - seq=contig_1, start=557155, stop=558345, strand=-, frame=2, truncated=no, start-type=ATG, RBS-motif=None
12:43:13.930 - INFO - CDS - seq=contig_1, start=558342, stop=559613, strand=-, frame=3, truncated=no, start-type=GTG, RBS-motif=GGA/GAG/AGG
12:43:13.930 - INFO - CDS - seq=contig_1, start=559624, stop=560103, strand=-, frame=2, truncated=no, start-type=GTG, RBS-motif=GGAGG
12:43:13.930 - INFO - CDS - seq=contig_1, start=560100, stop=561254, strand=-, frame=3, truncated=no, start-type=ATG, RBS-motif=GGA/GAG/AGG
12:43:13.930 - INFO - CDS - seq=contig_1, start=561258, stop=563903, strand=-, frame=3, truncated=no, start-type=ATG, RBS-motif=GGA/GAG/AGG
12:43:13.930 - INFO - CDS - seq=contig_1, start=564039, stop=564602, strand=+, frame=3, truncated=no, start-type=ATG, RBS-motif=GGAG/GAGG
12:43:13.930 - INFO - CDS - seq=contig_1, start=564750, stop=566756, strand=+, frame=3, truncated=no, start-type=ATG, RBS-motif=AGGAG
12:43:13.931 - INFO - CDS - seq=contig_1, start=566804, stop=567433, strand=-, frame=1, truncated=no, start-type=GTG, RBS-motif=GGAG/GAGG
12:43:13.931 - INFO - CDS - seq=contig_1, start=567528, stop=568970, strand=-, frame=3, truncated=no, start-type=ATG, RBS-motif=GGAG/GAGG
12:43:13.931 - INFO - CDS - seq=contig_1, start=568967, stop=570784, strand=-, frame=1, truncated=no, start-type=GTG, RBS-motif=GGAG/GAGG
12:43:13.931 - INFO - CDS - seq=contig_1, start=570781, stop=571407, strand=-, frame=2, truncated=no, start-type=ATG, RBS-motif=GGA/GAG/AGG
12:43:13.931 - INFO - CDS - seq=contig_1, start=571413, stop=571730, strand=-, frame=3, truncated=no, start-type=GTG, RBS-motif=None
12:43:13.931 - INFO - CDS - seq=contig_1, start=571752, stop=572048, strand=-, frame=3, truncated=no, start-type=ATG, RBS-motif=AGGAGG
12:43:13.931 - INFO - CDS - seq=contig_1, start=572050, stop=573735, strand=-, frame=2, truncated=no, start-type=ATG, RBS-motif=GGxGG
12:43:13.931 - INFO - CDS - seq=contig_1, start=573728, stop=574753, strand=-, frame=1, truncated=no, start-type=GTG, RBS-motif=None
12:43:13.931 - INFO - CDS - seq=contig_1, start=574757, stop=575041, strand=-, frame=1, truncated=no, start-type=ATG, RBS-motif=GGA/GAG/AGG
12:43:13.931 - INFO - CDS - seq=contig_1, start=575098, stop=575508, strand=-, frame=2, truncated=no, start-type=GTG, RBS-motif=GGAG/GAGG
12:43:13.931 - INFO - CDS - seq=contig_1, start=575663, stop=576412, strand=-, frame=1, truncated=no, start-type=ATG, RBS-motif=GGAGG
12:43:13.931 - INFO - CDS - seq=contig_1, start=576563, stop=577819, strand=-, frame=1, truncated=no, start-type=ATG, RBS-motif=AGGAGG
12:43:13.931 - INFO - CDS - seq=contig_1, start=578295, stop=578660, strand=+, frame=3, truncated=no, start-type=ATG, RBS-motif=AGxAGG/AGGxGG
12:43:13.931 - INFO - CDS - seq=contig_1, start=578790, stop=579749, strand=+, frame=3, truncated=no, start-type=ATG, RBS-motif=None
12:43:13.931 - INFO - CDS - seq=contig_1, start=579746, stop=581467, strand=-, frame=1, truncated=no, start-type=ATG, RBS-motif=AGGAG
12:43:13.931 - INFO - CDS - seq=contig_1, start=581526, stop=582209, strand=-, frame=3, truncated=no, start-type=ATG, RBS-motif=GGAG/GAGG
12:43:13.931 - INFO - CDS - seq=contig_1, start=582251, stop=584125, strand=-, frame=1, truncated=no, start-type=ATG, RBS-motif=AGGAG
12:43:13.931 - INFO - CDS - seq=contig_1, start=584150, stop=585214, strand=-, frame=1, truncated=no, start-type=ATG, RBS-motif=GGA/GAG/AGG
12:43:13.931 - INFO - CDS - seq=contig_1, start=585275, stop=586990, strand=-, frame=1, truncated=no, start-type=GTG, RBS-motif=GGA/GAG/AGG
12:43:13.931 - INFO - CDS - seq=contig_1, start=586987, stop=588048, strand=-, frame=2, truncated=no, start-type=ATG, RBS-motif=GGxGG
12:43:13.931 - INFO - CDS - seq=contig_1, start=588257, stop=589534, strand=+, frame=2, truncated=no, start-type=ATG, RBS-motif=None
12:43:13.931 - INFO - CDS - seq=contig_1, start=589684, stop=592128, strand=+, frame=1, truncated=no, start-type=GTG, RBS-motif=GGAGG
12:43:13.931 - INFO - CDS - seq=contig_1, start=592169, stop=593656, strand=-, frame=1, truncated=no, start-type=ATG, RBS-motif=GGA/GAG/AGG
12:43:13.931 - INFO - CDS - seq=contig_1, start=593660, stop=594748, strand=-, frame=1, truncated=no, start-type=ATG, RBS-motif=GGAG/GAGG
12:43:13.931 - INFO - CDS - seq=contig_1, start=594761, stop=595294, strand=-, frame=1, truncated=no, start-type=ATG, RBS-motif=GGAG/GAGG
12:43:13.931 - INFO - CDS - seq=contig_1, start=595538, stop=596749, strand=+, frame=2, truncated=no, start-type=ATG, RBS-motif=GGA/GAG/AGG
12:43:13.931 - INFO - CDS - seq=contig_1, start=596793, stop=597452, strand=+, frame=3, truncated=no, start-type=ATG, RBS-motif=None
12:43:13.931 - INFO - CDS - seq=contig_1, start=597526, stop=598707, strand=-, frame=2, truncated=no, start-type=ATG, RBS-motif=AGGAGG
12:43:13.931 - INFO - CDS - seq=contig_1, start=598930, stop=599922, strand=-, frame=2, truncated=no, start-type=ATG, RBS-motif=GGA/GAG/AGG
12:43:13.931 - INFO - CDS - seq=contig_1, start=600027, stop=600740, strand=+, frame=3, truncated=no, start-type=GTG, RBS-motif=GGAGG
12:43:13.931 - INFO - CDS - seq=contig_1, start=600770, stop=601678, strand=+, frame=2, truncated=no, start-type=ATG, RBS-motif=GGAG/GAGG
12:43:13.931 - INFO - CDS - seq=contig_1, start=601740, stop=602945, strand=+, frame=3, truncated=no, start-type=GTG, RBS-motif=None
12:43:13.931 - INFO - CDS - seq=contig_1, start=602998, stop=604983, strand=-, frame=2, truncated=no, start-type=ATG, RBS-motif=AGGAG
12:43:13.931 - INFO - CDS - seq=contig_1, start=605094, stop=605945, strand=-, frame=3, truncated=no, start-type=ATG, RBS-motif=GGAG/GAGG
12:43:13.931 - INFO - CDS - seq=contig_1, start=606116, stop=607252, strand=+, frame=2, truncated=no, start-type=ATG, RBS-motif=None
12:43:13.931 - INFO - CDS - seq=contig_1, start=607249, stop=607656, strand=+, frame=1, truncated=no, start-type=ATG, RBS-motif=AGGA
12:43:13.931 - INFO - CDS - seq=contig_1, start=607653, stop=609689, strand=+, frame=3, truncated=no, start-type=ATG, RBS-motif=None
12:43:13.931 - INFO - CDS - seq=contig_1, start=609571, stop=610788, strand=-, frame=2, truncated=no, start-type=ATG, RBS-motif=GGA/GAG/AGG
12:43:13.931 - INFO - CDS - seq=contig_1, start=610802, stop=612289, strand=-, frame=1, truncated=no, start-type=ATG, RBS-motif=None
12:43:13.931 - INFO - CDS - seq=contig_1, start=612321, stop=612941, strand=-, frame=3, truncated=no, start-type=GTG, RBS-motif=GGAGG
12:43:13.931 - INFO - CDS - seq=contig_1, start=613020, stop=613652, strand=-, frame=3, truncated=no, start-type=GTG, RBS-motif=AGGAGG
12:43:13.932 - INFO - CDS - seq=contig_1, start=613774, stop=616014, strand=-, frame=2, truncated=no, start-type=GTG, RBS-motif=AGGAG
12:43:13.932 - INFO - CDS - seq=contig_1, start=616123, stop=616908, strand=-, frame=2, truncated=no, start-type=GTG, RBS-motif=GGAG/GAGG
12:43:13.932 - INFO - CDS - seq=contig_1, start=616995, stop=617609, strand=-, frame=3, truncated=no, start-type=GTG, RBS-motif=GGxGG
12:43:13.932 - INFO - CDS - seq=contig_1, start=617678, stop=618760, strand=-, frame=1, truncated=no, start-type=ATG, RBS-motif=GGAG/GAGG
12:43:13.932 - INFO - CDS - seq=contig_1, start=618870, stop=620174, strand=-, frame=3, truncated=no, start-type=GTG, RBS-motif=GGAGG
12:43:13.932 - INFO - CDS - seq=contig_1, start=620286, stop=622343, strand=+, frame=3, truncated=no, start-type=ATG, RBS-motif=GGAGG
12:43:13.932 - INFO - CDS - seq=contig_1, start=622406, stop=623512, strand=+, frame=2, truncated=no, start-type=TTG, RBS-motif=GGA/GAG/AGG
12:43:13.932 - INFO - CDS - seq=contig_1, start=623479, stop=625248, strand=+, frame=1, truncated=no, start-type=GTG, RBS-motif=GGAG/GAGG
12:43:13.932 - INFO - CDS - seq=contig_1, start=625261, stop=626142, strand=+, frame=1, truncated=no, start-type=GTG, RBS-motif=AGGAG
12:43:13.932 - INFO - CDS - seq=contig_1, start=626139, stop=626915, strand=+, frame=3, truncated=no, start-type=ATG, RBS-motif=GGA/GAG/AGG
12:43:13.932 - INFO - CDS - seq=contig_1, start=626908, stop=628197, strand=+, frame=1, truncated=no, start-type=ATG, RBS-motif=AGGA
12:43:13.932 - INFO - CDS - seq=contig_1, start=628190, stop=628870, strand=+, frame=2, truncated=no, start-type=ATG, RBS-motif=GGAG/GAGG
12:43:13.932 - INFO - CDS - seq=contig_1, start=628867, stop=630354, strand=+, frame=1, truncated=no, start-type=ATG, RBS-motif=3Base/5BMM
12:43:13.932 - INFO - CDS - seq=contig_1, start=630450, stop=631859, strand=+, frame=3, truncated=no, start-type=ATG, RBS-motif=GGA/GAG/AGG
12:43:13.932 - INFO - CDS - seq=contig_1, start=631852, stop=633495, strand=+, frame=1, truncated=no, start-type=GTG, RBS-motif=GGA/GAG/AGG
12:43:13.932 - INFO - CDS - seq=contig_1, start=633584, stop=636220, strand=+, frame=2, truncated=no, start-type=ATG, RBS-motif=GGAG/GAGG
12:43:13.932 - INFO - CDS - seq=contig_1, start=636200, stop=637222, strand=-, frame=1, truncated=no, start-type=ATG, RBS-motif=GGA/GAG/AGG
12:43:13.932 - INFO - CDS - seq=contig_1, start=637310, stop=637576, strand=-, frame=1, truncated=no, start-type=ATG, RBS-motif=AGGA
12:43:13.932 - INFO - CDS - seq=contig_1, start=637621, stop=638655, strand=-, frame=2, truncated=no, start-type=GTG, RBS-motif=AGGA/GGAG/GAGG
12:43:13.932 - INFO - CDS - seq=contig_1, start=639058, stop=639213, strand=-, frame=2, truncated=no, start-type=ATG, RBS-motif=GGA/GAG/AGG
12:43:13.932 - INFO - CDS - seq=contig_1, start=639343, stop=640845, strand=+, frame=1, truncated=no, start-type=GTG, RBS-motif=GGA/GAG/AGG
12:43:13.932 - INFO - CDS - seq=contig_1, start=640896, stop=642815, strand=+, frame=3, truncated=no, start-type=ATG, RBS-motif=GGA/GAG/AGG
12:43:13.932 - INFO - CDS - seq=contig_1, start=642850, stop=643437, strand=-, frame=2, truncated=no, start-type=ATG, RBS-motif=GGxGG
12:43:13.932 - INFO - CDS - seq=contig_1, start=643540, stop=644175, strand=-, frame=2, truncated=no, start-type=ATG, RBS-motif=AGxAGG/AGGxGG
12:43:13.932 - INFO - CDS - seq=contig_1, start=644199, stop=645311, strand=-, frame=3, truncated=no, start-type=ATG, RBS-motif=GGxGG
12:43:13.932 - INFO - CDS - seq=contig_1, start=645419, stop=647539, strand=-, frame=1, truncated=no, start-type=ATG, RBS-motif=None
12:43:13.932 - INFO - CDS - seq=contig_1, start=647520, stop=648173, strand=-, frame=3, truncated=no, start-type=ATG, RBS-motif=AGGAG
12:43:13.932 - INFO - CDS - seq=contig_1, start=648183, stop=649535, strand=-, frame=3, truncated=no, start-type=GTG, RBS-motif=AGxAGG/AGGxGG
12:43:13.932 - INFO - CDS - seq=contig_1, start=649532, stop=650662, strand=-, frame=1, truncated=no, start-type=ATG, RBS-motif=GGA/GAG/AGG
12:43:13.932 - INFO - CDS - seq=contig_1, start=650659, stop=651522, strand=-, frame=2, truncated=no, start-type=ATG, RBS-motif=GGxGG
12:43:13.932 - INFO - CDS - seq=contig_1, start=651519, stop=652205, strand=-, frame=3, truncated=no, start-type=GTG, RBS-motif=GGA/GAG/AGG
12:43:13.932 - INFO - CDS - seq=contig_1, start=652211, stop=652762, strand=-, frame=1, truncated=no, start-type=ATG, RBS-motif=GGAG/GAGG
12:43:13.932 - INFO - CDS - seq=contig_1, start=652866, stop=653738, strand=-, frame=3, truncated=no, start-type=ATG, RBS-motif=AGGAGG
12:43:13.932 - INFO - CDS - seq=contig_1, start=653829, stop=654704, strand=-, frame=3, truncated=no, start-type=ATG, RBS-motif=GGAGG
12:43:13.932 - INFO - CDS - seq=contig_1, start=655069, stop=655797, strand=-, frame=2, truncated=no, start-type=ATG, RBS-motif=AGGAGG
12:43:13.933 - INFO - CDS - seq=contig_1, start=656061, stop=657848, strand=+, frame=3, truncated=no, start-type=ATG, RBS-motif=None
12:43:13.933 - INFO - CDS - seq=contig_1, start=657858, stop=659939, strand=+, frame=3, truncated=no, start-type=ATG, RBS-motif=AGGA
12:43:13.933 - INFO - CDS - seq=contig_1, start=660081, stop=660860, strand=+, frame=3, truncated=no, start-type=ATG, RBS-motif=AGGAG
12:43:13.933 - INFO - CDS - seq=contig_1, start=660941, stop=662380, strand=+, frame=2, truncated=no, start-type=ATG, RBS-motif=GGAG/GAGG
12:43:13.933 - INFO - CDS - seq=contig_1, start=662407, stop=663555, strand=+, frame=1, truncated=no, start-type=ATG, RBS-motif=AGGA/GGAG/GAGG
12:43:13.933 - INFO - CDS - seq=contig_1, start=663552, stop=664766, strand=+, frame=3, truncated=no, start-type=ATG, RBS-motif=AGGA
12:43:13.933 - INFO - CDS - seq=contig_1, start=664817, stop=665260, strand=+, frame=2, truncated=no, start-type=ATG, RBS-motif=AGGAG
12:43:13.933 - INFO - CDS - seq=contig_1, start=665257, stop=666045, strand=+, frame=1, truncated=no, start-type=GTG, RBS-motif=AGGA
12:43:13.933 - INFO - CDS - seq=contig_1, start=666071, stop=666343, strand=-, frame=1, truncated=no, start-type=GTG, RBS-motif=GGxGG
12:43:13.933 - INFO - CDS - seq=contig_1, start=666432, stop=666776, strand=-, frame=3, truncated=no, start-type=ATG, RBS-motif=GGA/GAG/AGG
12:43:13.933 - INFO - CDS - seq=contig_1, start=666942, stop=668684, strand=-, frame=3, truncated=no, start-type=TTG, RBS-motif=AGxAGG/AGGxGG
12:43:13.933 - INFO - CDS - seq=contig_1, start=668827, stop=669123, strand=+, frame=1, truncated=no, start-type=GTG, RBS-motif=GGA/GAG/AGG
12:43:13.933 - INFO - CDS - seq=contig_1, start=669272, stop=671053, strand=-, frame=1, truncated=no, start-type=ATG, RBS-motif=3Base/5BMM
12:43:13.933 - INFO - CDS - seq=contig_1, start=671217, stop=672809, strand=+, frame=3, truncated=no, start-type=ATG, RBS-motif=None
12:43:13.933 - INFO - CDS - seq=contig_1, start=672813, stop=674240, strand=+, frame=3, truncated=no, start-type=ATG, RBS-motif=GGA/GAG/AGG
12:43:13.933 - INFO - CDS - seq=contig_1, start=674354, stop=674992, strand=+, frame=2, truncated=no, start-type=ATG, RBS-motif=AGGAG
12:43:13.933 - INFO - CDS - seq=contig_1, start=674989, stop=676164, strand=+, frame=1, truncated=no, start-type=ATG, RBS-motif=AGxAG
12:43:13.933 - INFO - CDS - seq=contig_1, start=676161, stop=679304, strand=+, frame=3, truncated=no, start-type=GTG, RBS-motif=AGGA
12:43:13.933 - INFO - CDS - seq=contig_1, start=679301, stop=680782, strand=+, frame=2, truncated=no, start-type=ATG, RBS-motif=AGxAGG/AGGxGG
12:43:13.933 - INFO - CDS - seq=contig_1, start=680966, stop=681778, strand=+, frame=2, truncated=no, start-type=ATG, RBS-motif=AGGAG(G)/GGAGG
12:43:13.933 - INFO - CDS - seq=contig_1, start=682017, stop=682859, strand=+, frame=3, truncated=no, start-type=ATG, RBS-motif=AGxAGG/AGGxGG
12:43:13.933 - INFO - CDS - seq=contig_1, start=682844, stop=684118, strand=+, frame=2, truncated=no, start-type=ATG, RBS-motif=GGA/GAG/AGG
12:43:13.933 - INFO - CDS - seq=contig_1, start=684223, stop=685236, strand=+, frame=1, truncated=no, start-type=ATG, RBS-motif=None
12:43:13.933 - INFO - CDS - seq=contig_1, start=685377, stop=686252, strand=+, frame=3, truncated=no, start-type=ATG, RBS-motif=None
12:43:13.933 - INFO - CDS - seq=contig_1, start=686371, stop=688842, strand=+, frame=1, truncated=no, start-type=ATG, RBS-motif=None
12:43:13.933 - INFO - CDS - seq=contig_1, start=688877, stop=689641, strand=-, frame=1, truncated=no, start-type=GTG, RBS-motif=GGA/GAG/AGG
12:43:13.933 - INFO - CDS - seq=contig_1, start=689685, stop=690635, strand=-, frame=3, truncated=no, start-type=ATG, RBS-motif=None
12:43:13.933 - INFO - CDS - seq=contig_1, start=690859, stop=691293, strand=-, frame=2, truncated=no, start-type=GTG, RBS-motif=GGxGG
12:43:13.933 - INFO - CDS - seq=contig_1, start=691313, stop=691519, strand=-, frame=1, truncated=no, start-type=GTG, RBS-motif=GGxGG
12:43:13.933 - INFO - CDS - seq=contig_1, start=691842, stop=693677, strand=+, frame=3, truncated=no, start-type=ATG, RBS-motif=AGxAGG/AGGxGG
12:43:13.933 - INFO - CDS - seq=contig_1, start=693701, stop=695545, strand=+, frame=2, truncated=no, start-type=ATG, RBS-motif=GGAG/GAGG
12:43:13.933 - INFO - CDS - seq=contig_1, start=695563, stop=696966, strand=-, frame=2, truncated=no, start-type=ATG, RBS-motif=GGAG/GAGG
12:43:13.933 - INFO - CDS - seq=contig_1, start=697032, stop=698792, strand=+, frame=3, truncated=no, start-type=ATG, RBS-motif=GGAG/GAGG
12:43:13.933 - INFO - CDS - seq=contig_1, start=698789, stop=699436, strand=+, frame=2, truncated=no, start-type=ATG, RBS-motif=None
12:43:13.933 - INFO - CDS - seq=contig_1, start=699433, stop=701019, strand=-, frame=2, truncated=no, start-type=ATG, RBS-motif=AGGA
12:43:13.933 - INFO - CDS - seq=contig_1, start=701285, stop=702427, strand=-, frame=1, truncated=no, start-type=ATG, RBS-motif=None
12:43:13.933 - INFO - CDS - seq=contig_1, start=702519, stop=703799, strand=-, frame=3, truncated=no, start-type=GTG, RBS-motif=GGAG/GAGG
12:43:13.933 - INFO - CDS - seq=contig_1, start=703849, stop=705825, strand=-, frame=2, truncated=no, start-type=ATG, RBS-motif=GGA/GAG/AGG
12:43:13.933 - INFO - CDS - seq=contig_1, start=705842, stop=706639, strand=-, frame=1, truncated=no, start-type=ATG, RBS-motif=None
12:43:13.933 - INFO - CDS - seq=contig_1, start=706627, stop=707109, strand=-, frame=2, truncated=no, start-type=ATG, RBS-motif=AGGAG
12:43:13.933 - INFO - CDS - seq=contig_1, start=707115, stop=709679, strand=-, frame=3, truncated=no, start-type=GTG, RBS-motif=GGAGG
12:43:13.933 - INFO - CDS - seq=contig_1, start=709716, stop=710843, strand=+, frame=3, truncated=no, start-type=GTG, RBS-motif=AGGAG/GGAGG
12:43:13.933 - INFO - CDS - seq=contig_1, start=710840, stop=711739, strand=+, frame=2, truncated=no, start-type=GTG, RBS-motif=GGAG/GAGG
12:43:13.933 - INFO - CDS - seq=contig_1, start=711732, stop=712550, strand=+, frame=3, truncated=no, start-type=ATG, RBS-motif=AGGAG/GGAGG
12:43:13.933 - INFO - CDS - seq=contig_1, start=712586, stop=713632, strand=+, frame=2, truncated=no, start-type=ATG, RBS-motif=AGGAG
12:43:13.934 - INFO - CDS - seq=contig_1, start=713687, stop=713908, strand=-, frame=1, truncated=no, start-type=ATG, RBS-motif=GGA/GAG/AGG
12:43:13.934 - INFO - CDS - seq=contig_1, start=713902, stop=714354, strand=-, frame=2, truncated=no, start-type=ATG, RBS-motif=AGGAG
12:43:13.934 - INFO - CDS - seq=contig_1, start=714373, stop=715623, strand=-, frame=2, truncated=no, start-type=ATG, RBS-motif=GGAG/GAGG
12:43:13.934 - INFO - CDS - seq=contig_1, start=715657, stop=717534, strand=-, frame=2, truncated=no, start-type=ATG, RBS-motif=GGAG/GAGG
12:43:13.934 - INFO - CDS - seq=contig_1, start=717640, stop=718152, strand=-, frame=2, truncated=no, start-type=ATG, RBS-motif=GGAG/GAGG
12:43:13.934 - INFO - CDS - seq=contig_1, start=718275, stop=719273, strand=-, frame=3, truncated=no, start-type=ATG, RBS-motif=AGxAGG/AGGxGG
12:43:13.934 - INFO - CDS - seq=contig_1, start=719540, stop=720268, strand=+, frame=2, truncated=no, start-type=ATG, RBS-motif=AGGAG
12:43:13.934 - INFO - CDS - seq=contig_1, start=720265, stop=720990, strand=+, frame=1, truncated=no, start-type=ATG, RBS-motif=AGGAG
12:43:13.934 - INFO - CDS - seq=contig_1, start=721008, stop=721763, strand=-, frame=3, truncated=no, start-type=ATG, RBS-motif=None
12:43:13.934 - INFO - CDS - seq=contig_1, start=721760, stop=721936, strand=-, frame=1, truncated=no, start-type=ATG, RBS-motif=AGGAG
12:43:13.934 - INFO - CDS - seq=contig_1, start=722097, stop=723752, strand=-, frame=3, truncated=no, start-type=ATG, RBS-motif=GGAG/GAGG
12:43:13.934 - INFO - CDS - seq=contig_1, start=723995, stop=724597, strand=-, frame=1, truncated=no, start-type=ATG, RBS-motif=AGGAG
12:43:13.934 - INFO - CDS - seq=contig_1, start=724594, stop=728106, strand=-, frame=2, truncated=no, start-type=ATG, RBS-motif=None
12:43:13.934 - INFO - CDS - seq=contig_1, start=728261, stop=729448, strand=-, frame=1, truncated=no, start-type=GTG, RBS-motif=AGGAG
12:43:13.934 - INFO - CDS - seq=contig_1, start=729453, stop=730454, strand=-, frame=3, truncated=no, start-type=ATG, RBS-motif=AGGAG
12:43:13.934 - INFO - CDS - seq=contig_1, start=730518, stop=731993, strand=-, frame=3, truncated=no, start-type=GTG, RBS-motif=AGGA/GGAG/GAGG
12:43:13.934 - INFO - CDS - seq=contig_1, start=732041, stop=733744, strand=-, frame=1, truncated=no, start-type=GTG, RBS-motif=GGAGG
12:43:13.934 - INFO - CDS - seq=contig_1, start=733831, stop=734439, strand=+, frame=1, truncated=no, start-type=ATG, RBS-motif=3Base/5BMM
12:43:13.934 - INFO - CDS - seq=contig_1, start=734403, stop=735443, strand=+, frame=3, truncated=no, start-type=GTG, RBS-motif=GGA/GAG/AGG
12:43:13.934 - INFO - CDS - seq=contig_1, start=735455, stop=735733, strand=-, frame=1, truncated=no, start-type=ATG, RBS-motif=GGAGG
12:43:13.934 - INFO - CDS - seq=contig_1, start=735755, stop=736363, strand=-, frame=1, truncated=no, start-type=ATG, RBS-motif=AGxAG
12:43:13.934 - INFO - CDS - seq=contig_1, start=736617, stop=737540, strand=+, frame=3, truncated=no, start-type=ATG, RBS-motif=GGA/GAG/AGG
12:43:13.934 - INFO - CDS - seq=contig_1, start=737537, stop=737854, strand=+, frame=2, truncated=no, start-type=ATG, RBS-motif=AGGA
12:43:13.934 - INFO - CDS - seq=contig_1, start=737895, stop=738953, strand=-, frame=3, truncated=no, start-type=GTG, RBS-motif=GGAGG
12:43:13.934 - INFO - CDS - seq=contig_1, start=739004, stop=740137, strand=-, frame=1, truncated=no, start-type=GTG, RBS-motif=GGA/GAG/AGG
12:43:13.934 - INFO - CDS - seq=contig_1, start=740166, stop=740768, strand=-, frame=3, truncated=no, start-type=GTG, RBS-motif=GGA/GAG/AGG
12:43:13.934 - INFO - CDS - seq=contig_1, start=740822, stop=741955, strand=+, frame=2, truncated=no, start-type=GTG, RBS-motif=None
12:43:13.934 - INFO - CDS - seq=contig_1, start=742248, stop=743459, strand=+, frame=3, truncated=no, start-type=ATG, RBS-motif=AGGAGG
12:43:13.934 - INFO - CDS - seq=contig_1, start=743579, stop=745069, strand=+, frame=2, truncated=no, start-type=ATG, RBS-motif=AGGAG/GGAGG
12:43:13.934 - INFO - CDS - seq=contig_1, start=745084, stop=746679, strand=+, frame=1, truncated=no, start-type=ATG, RBS-motif=GGAGG
12:43:13.934 - INFO - CDS - seq=contig_1, start=746807, stop=748867, strand=-, frame=1, truncated=no, start-type=ATG, RBS-motif=None
12:43:13.934 - INFO - CDS - seq=contig_1, start=748923, stop=749915, strand=-, frame=3, truncated=no, start-type=ATG, RBS-motif=AGGAG
12:43:13.934 - INFO - CDS - seq=contig_1, start=749937, stop=751319, strand=-, frame=3, truncated=no, start-type=ATG, RBS-motif=AGGAG/GGAGG
12:43:13.934 - INFO - CDS - seq=contig_1, start=751355, stop=751936, strand=-, frame=1, truncated=no, start-type=ATG, RBS-motif=AGGA
12:43:13.934 - INFO - CDS - seq=contig_1, start=751929, stop=752687, strand=-, frame=3, truncated=no, start-type=ATG, RBS-motif=GGA/GAG/AGG
12:43:13.934 - INFO - CDS - seq=contig_1, start=752715, stop=753938, strand=-, frame=3, truncated=no, start-type=GTG, RBS-motif=GGAGG
12:43:13.934 - INFO - CDS - seq=contig_1, start=754199, stop=755521, strand=-, frame=1, truncated=no, start-type=ATG, RBS-motif=AGGA/GGAG/GAGG
12:43:13.934 - INFO - CDS - seq=contig_1, start=755681, stop=756358, strand=+, frame=2, truncated=no, start-type=ATG, RBS-motif=None
12:43:13.934 - INFO - CDS - seq=contig_1, start=756446, stop=758239, strand=+, frame=2, truncated=no, start-type=GTG, RBS-motif=AGGAGG
12:43:13.934 - INFO - CDS - seq=contig_1, start=758227, stop=759045, strand=-, frame=2, truncated=no, start-type=TTG, RBS-motif=GGA/GAG/AGG
12:43:13.934 - INFO - CDS - seq=contig_1, start=759125, stop=759760, strand=-, frame=1, truncated=no, start-type=ATG, RBS-motif=GGA/GAG/AGG
12:43:13.934 - INFO - CDS - seq=contig_1, start=759764, stop=760318, strand=-, frame=1, truncated=no, start-type=ATG, RBS-motif=GGxGG
12:43:13.934 - INFO - CDS - seq=contig_1, start=760436, stop=760828, strand=-, frame=1, truncated=no, start-type=ATG, RBS-motif=GGAGG
12:43:13.934 - INFO - CDS - seq=contig_1, start=760966, stop=761169, strand=-, frame=2, truncated=no, start-type=ATG, RBS-motif=None
12:43:13.934 - INFO - CDS - seq=contig_1, start=761340, stop=762572, strand=-, frame=3, truncated=no, start-type=ATG, RBS-motif=GGAGG
12:43:13.934 - INFO - CDS - seq=contig_1, start=762572, stop=764866, strand=-, frame=1, truncated=no, start-type=GTG, RBS-motif=AGGA/GGAG/GAGG
12:43:13.934 - INFO - CDS - seq=contig_1, start=764835, stop=767489, strand=-, frame=3, truncated=no, start-type=ATG, RBS-motif=None
12:43:13.934 - INFO - CDS - seq=contig_1, start=767786, stop=768826, strand=-, frame=1, truncated=no, start-type=GTG, RBS-motif=AGxAGG/AGGxGG
12:43:13.934 - INFO - CDS - seq=contig_1, start=768774, stop=769151, strand=-, frame=3, truncated=no, start-type=ATG, RBS-motif=GGAGG
12:43:13.934 - INFO - CDS - seq=contig_1, start=769318, stop=769833, strand=+, frame=1, truncated=no, start-type=GTG, RBS-motif=None
12:43:13.935 - INFO - CDS - seq=contig_1, start=769889, stop=770677, strand=+, frame=2, truncated=no, start-type=ATG, RBS-motif=GGAG/GAGG
12:43:13.935 - INFO - CDS - seq=contig_1, start=770686, stop=772656, strand=+, frame=1, truncated=no, start-type=ATG, RBS-motif=None
12:43:13.935 - INFO - CDS - seq=contig_1, start=772693, stop=773268, strand=+, frame=1, truncated=no, start-type=ATG, RBS-motif=GGAG/GAGG
12:43:13.935 - INFO - CDS - seq=contig_1, start=773283, stop=774197, strand=-, frame=3, truncated=no, start-type=ATG, RBS-motif=AGGAG(G)/GGAGG
12:43:13.935 - INFO - CDS - seq=contig_1, start=774169, stop=775482, strand=-, frame=2, truncated=no, start-type=GTG, RBS-motif=GGAGG
12:43:13.935 - INFO - CDS - seq=contig_1, start=775517, stop=777640, strand=-, frame=1, truncated=no, start-type=ATG, RBS-motif=AGGA/GGAG/GAGG
12:43:13.935 - INFO - CDS - seq=contig_1, start=777649, stop=778779, strand=-, frame=2, truncated=no, start-type=ATG, RBS-motif=GGA/GAG/AGG
12:43:13.935 - INFO - CDS - seq=contig_1, start=778776, stop=779573, strand=-, frame=3, truncated=no, start-type=ATG, RBS-motif=GGA/GAG/AGG
12:43:13.935 - INFO - CDS - seq=contig_1, start=779586, stop=779867, strand=-, frame=3, truncated=no, start-type=ATG, RBS-motif=GGAG/GAGG
12:43:13.935 - INFO - CDS - seq=contig_1, start=779889, stop=780704, strand=-, frame=3, truncated=no, start-type=GTG, RBS-motif=AGGA
12:43:13.935 - INFO - CDS - seq=contig_1, start=780701, stop=781471, strand=-, frame=1, truncated=no, start-type=GTG, RBS-motif=None
12:43:13.935 - INFO - CDS - seq=contig_1, start=781425, stop=782471, strand=-, frame=3, truncated=no, start-type=ATG, RBS-motif=AGGAGG
12:43:13.935 - INFO - CDS - seq=contig_1, start=782464, stop=783498, strand=-, frame=2, truncated=no, start-type=ATG, RBS-motif=GGA/GAG/AGG
12:43:13.935 - INFO - CDS - seq=contig_1, start=783520, stop=784068, strand=-, frame=2, truncated=no, start-type=ATG, RBS-motif=GGAGG
12:43:13.935 - INFO - CDS - seq=contig_1, start=784047, stop=784178, strand=-, frame=3, truncated=no, start-type=ATG, RBS-motif=GGAG/GAGG
12:43:13.935 - INFO - CDS - seq=contig_1, start=784178, stop=784894, strand=-, frame=1, truncated=no, start-type=ATG, RBS-motif=AGGA
12:43:13.935 - INFO - CDS - seq=contig_1, start=784900, stop=785679, strand=-, frame=2, truncated=no, start-type=ATG, RBS-motif=GGxGG
12:43:13.935 - INFO - CDS - seq=contig_1, start=785695, stop=785892, strand=-, frame=2, truncated=no, start-type=ATG, RBS-motif=GGA/GAG/AGG
12:43:13.935 - INFO - CDS - seq=contig_1, start=785950, stop=787341, strand=-, frame=2, truncated=no, start-type=ATG, RBS-motif=AGGAG/GGAGG
12:43:13.935 - INFO - CDS - seq=contig_1, start=787412, stop=787873, strand=-, frame=1, truncated=no, start-type=ATG, RBS-motif=AGGAGG
12:43:13.935 - INFO - CDS - seq=contig_1, start=787951, stop=789594, strand=-, frame=2, truncated=no, start-type=ATG, RBS-motif=GGxGG
12:43:13.935 - INFO - CDS - seq=contig_1, start=789809, stop=790660, strand=+, frame=2, truncated=no, start-type=ATG, RBS-motif=None
12:43:13.935 - INFO - CDS - seq=contig_1, start=790734, stop=791354, strand=+, frame=3, truncated=no, start-type=ATG, RBS-motif=GGA/GAG/AGG
12:43:13.935 - INFO - CDS - seq=contig_1, start=791356, stop=792381, strand=-, frame=2, truncated=no, start-type=GTG, RBS-motif=GGA/GAG/AGG
12:43:13.935 - INFO - CDS - seq=contig_1, start=792399, stop=793031, strand=+, frame=3, truncated=no, start-type=ATG, RBS-motif=None
12:43:13.935 - INFO - CDS - seq=contig_1, start=793064, stop=793765, strand=-, frame=1, truncated=no, start-type=ATG, RBS-motif=GGAGG
12:43:13.935 - INFO - CDS - seq=contig_1, start=793847, stop=795253, strand=-, frame=1, truncated=no, start-type=ATG, RBS-motif=GGA/GAG/AGG
12:43:13.935 - INFO - CDS - seq=contig_1, start=795405, stop=796247, strand=-, frame=3, truncated=no, start-type=GTG, RBS-motif=AGGAGG
12:43:13.935 - INFO - CDS - seq=contig_1, start=796481, stop=797791, strand=+, frame=2, truncated=no, start-type=ATG, RBS-motif=GGAGG
12:43:13.935 - INFO - CDS - seq=contig_1, start=797837, stop=798172, strand=-, frame=1, truncated=no, start-type=GTG, RBS-motif=GGAGG
12:43:13.935 - INFO - CDS - seq=contig_1, start=798169, stop=799365, strand=-, frame=2, truncated=no, start-type=ATG, RBS-motif=GGAG/GAGG
12:43:13.935 - INFO - CDS - seq=contig_1, start=799439, stop=800152, strand=-, frame=1, truncated=no, start-type=GTG, RBS-motif=3Base/5BMM
12:43:13.935 - INFO - CDS - seq=contig_1, start=800133, stop=800747, strand=-, frame=3, truncated=no, start-type=ATG, RBS-motif=None
12:43:13.935 - INFO - CDS - seq=contig_1, start=800744, stop=801874, strand=-, frame=1, truncated=no, start-type=ATG, RBS-motif=GGA/GAG/AGG
12:43:13.935 - INFO - CDS - seq=contig_1, start=801993, stop=802256, strand=-, frame=3, truncated=no, start-type=ATG, RBS-motif=GGxGG
12:43:13.935 - INFO - CDS - seq=contig_1, start=802286, stop=802612, strand=-, frame=1, truncated=no, start-type=GTG, RBS-motif=GGA/GAG/AGG
12:43:13.935 - INFO - CDS - seq=contig_1, start=802625, stop=802942, strand=-, frame=1, truncated=no, start-type=GTG, RBS-motif=GGAGG
12:43:13.935 - INFO - CDS - seq=contig_1, start=803049, stop=805754, strand=-, frame=3, truncated=no, start-type=ATG, RBS-motif=AGGAG
12:43:13.935 - INFO - CDS - seq=contig_1, start=805764, stop=806798, strand=-, frame=3, truncated=no, start-type=GTG, RBS-motif=AGGAG
12:43:13.935 - INFO - CDS - seq=contig_1, start=806887, stop=808923, strand=-, frame=2, truncated=no, start-type=ATG, RBS-motif=AGGAG
12:43:13.935 - INFO - CDS - seq=contig_1, start=809092, stop=809763, strand=+, frame=1, truncated=no, start-type=ATG, RBS-motif=GGAG/GAGG
12:43:13.935 - INFO - CDS - seq=contig_1, start=809800, stop=810513, strand=+, frame=1, truncated=no, start-type=GTG, RBS-motif=AGGA
12:43:13.935 - INFO - CDS - seq=contig_1, start=810651, stop=811766, strand=-, frame=3, truncated=no, start-type=ATG, RBS-motif=None
12:43:13.935 - INFO - CDS - seq=contig_1, start=811874, stop=812158, strand=-, frame=1, truncated=no, start-type=ATG, RBS-motif=AGGAG
12:43:13.935 - INFO - CDS - seq=contig_1, start=812155, stop=813525, strand=-, frame=2, truncated=no, start-type=TTG, RBS-motif=GGAG/GAGG
12:43:13.935 - INFO - CDS - seq=contig_1, start=813567, stop=814256, strand=-, frame=3, truncated=no, start-type=GTG, RBS-motif=None
12:43:13.935 - INFO - CDS - seq=contig_1, start=814309, stop=815268, strand=-, frame=2, truncated=no, start-type=ATG, RBS-motif=3Base/5BMM
12:43:13.935 - INFO - CDS - seq=contig_1, start=815272, stop=815760, strand=-, frame=2, truncated=no, start-type=GTG, RBS-motif=GGA/GAG/AGG
12:43:13.935 - INFO - CDS - seq=contig_1, start=815801, stop=816010, strand=-, frame=1, truncated=no, start-type=GTG, RBS-motif=GGAGG
12:43:13.935 - INFO - CDS - seq=contig_1, start=816298, stop=818163, strand=+, frame=1, truncated=no, start-type=GTG, RBS-motif=AGGAG/GGAGG
12:43:13.936 - INFO - CDS - seq=contig_1, start=818144, stop=819022, strand=+, frame=2, truncated=no, start-type=TTG, RBS-motif=AGGA
12:43:13.936 - INFO - CDS - seq=contig_1, start=819082, stop=820233, strand=+, frame=1, truncated=no, start-type=GTG, RBS-motif=GGA/GAG/AGG
12:43:13.936 - INFO - CDS - seq=contig_1, start=820295, stop=821128, strand=-, frame=1, truncated=no, start-type=ATG, RBS-motif=AGGAG
12:43:13.936 - INFO - CDS - seq=contig_1, start=821195, stop=822370, strand=+, frame=2, truncated=no, start-type=GTG, RBS-motif=GGxGG
12:43:13.936 - INFO - CDS - seq=contig_1, start=822352, stop=824379, strand=-, frame=2, truncated=no, start-type=ATG, RBS-motif=AGGA/GGAG/GAGG
12:43:13.936 - INFO - CDS - seq=contig_1, start=824584, stop=825465, strand=+, frame=1, truncated=no, start-type=ATG, RBS-motif=None
12:43:13.936 - INFO - CDS - seq=contig_1, start=825670, stop=827757, strand=+, frame=1, truncated=no, start-type=ATG, RBS-motif=AGxAGG/AGGxGG
12:43:13.936 - INFO - CDS - seq=contig_1, start=827896, stop=828933, strand=+, frame=1, truncated=no, start-type=ATG, RBS-motif=GGAGG
12:43:13.936 - INFO - CDS - seq=contig_1, start=828930, stop=829907, strand=+, frame=3, truncated=no, start-type=ATG, RBS-motif=AGGAG
12:43:13.936 - INFO - CDS - seq=contig_1, start=830081, stop=831895, strand=+, frame=2, truncated=no, start-type=ATG, RBS-motif=None
12:43:13.936 - INFO - CDS - seq=contig_1, start=831920, stop=833581, strand=-, frame=1, truncated=no, start-type=ATG, RBS-motif=GGxGG
12:43:13.936 - INFO - CDS - seq=contig_1, start=833747, stop=834529, strand=+, frame=2, truncated=no, start-type=ATG, RBS-motif=AGGA
12:43:13.936 - INFO - CDS - seq=contig_1, start=834571, stop=835770, strand=-, frame=2, truncated=no, start-type=TTG, RBS-motif=GGAG/GAGG
12:43:13.936 - INFO - CDS - seq=contig_1, start=836112, stop=836786, strand=+, frame=3, truncated=no, start-type=ATG, RBS-motif=GGA/GAG/AGG
12:43:13.936 - INFO - CDS - seq=contig_1, start=836866, stop=837501, strand=+, frame=1, truncated=no, start-type=ATG, RBS-motif=None
12:43:13.936 - INFO - CDS - seq=contig_1, start=837426, stop=837581, strand=-, frame=3, truncated=no, start-type=GTG, RBS-motif=None
12:43:13.936 - INFO - CDS - seq=contig_1, start=837578, stop=838354, strand=-, frame=1, truncated=no, start-type=GTG, RBS-motif=GGA/GAG/AGG
12:43:13.936 - INFO - CDS - seq=contig_1, start=838405, stop=838629, strand=-, frame=2, truncated=no, start-type=ATG, RBS-motif=GGAG/GAGG
12:43:13.936 - INFO - CDS - seq=contig_1, start=838665, stop=839606, strand=-, frame=3, truncated=no, start-type=ATG, RBS-motif=AGGAG
12:43:13.936 - INFO - CDS - seq=contig_1, start=839606, stop=840250, strand=-, frame=1, truncated=no, start-type=GTG, RBS-motif=GGAGG
12:43:13.936 - INFO - CDS - seq=contig_1, start=840297, stop=842321, strand=-, frame=3, truncated=no, start-type=GTG, RBS-motif=AGxAGG/AGGxGG
12:43:13.936 - INFO - CDS - seq=contig_1, start=842373, stop=843323, strand=-, frame=3, truncated=no, start-type=GTG, RBS-motif=AGxAGG/AGGxGG
12:43:13.936 - INFO - CDS - seq=contig_1, start=843352, stop=844461, strand=-, frame=2, truncated=no, start-type=ATG, RBS-motif=3Base/5BMM
12:43:13.936 - INFO - CDS - seq=contig_1, start=844465, stop=844635, strand=+, frame=1, truncated=no, start-type=ATG, RBS-motif=GGAG/GAGG
12:43:13.936 - INFO - CDS - seq=contig_1, start=844651, stop=845250, strand=+, frame=1, truncated=no, start-type=GTG, RBS-motif=AGGAG
12:43:13.936 - INFO - CDS - seq=contig_1, start=845247, stop=845933, strand=+, frame=3, truncated=no, start-type=ATG, RBS-motif=None
12:43:13.936 - INFO - CDS - seq=contig_1, start=845930, stop=846778, strand=+, frame=2, truncated=no, start-type=GTG, RBS-motif=GGA/GAG/AGG
12:43:13.936 - INFO - CDS - seq=contig_1, start=846825, stop=847217, strand=-, frame=3, truncated=no, start-type=GTG, RBS-motif=GGA/GAG/AGG
12:43:13.936 - INFO - CDS - seq=contig_1, start=847326, stop=848216, strand=+, frame=3, truncated=no, start-type=ATG, RBS-motif=GGA/GAG/AGG
12:43:13.936 - INFO - CDS - seq=contig_1, start=848229, stop=849005, strand=-, frame=3, truncated=no, start-type=ATG, RBS-motif=GGAGG
12:43:13.936 - INFO - CDS - seq=contig_1, start=849024, stop=851675, strand=-, frame=3, truncated=no, start-type=ATG, RBS-motif=GGA/GAG/AGG
12:43:13.936 - INFO - CDS - seq=contig_1, start=852064, stop=852924, strand=+, frame=1, truncated=no, start-type=ATG, RBS-motif=AGGAG
12:43:13.936 - INFO - CDS - seq=contig_1, start=853003, stop=854622, strand=+, frame=1, truncated=no, start-type=GTG, RBS-motif=GGA/GAG/AGG
12:43:13.936 - INFO - CDS - seq=contig_1, start=854659, stop=855849, strand=-, frame=2, truncated=no, start-type=ATG, RBS-motif=AGGAG
12:43:13.936 - INFO - CDS - seq=contig_1, start=856052, stop=857056, strand=-, frame=1, truncated=no, start-type=GTG, RBS-motif=GGxGG
12:43:13.936 - INFO - CDS - seq=contig_1, start=857201, stop=857992, strand=-, frame=1, truncated=no, start-type=ATG, RBS-motif=AGxAGG/AGGxGG
12:43:13.936 - INFO - CDS - seq=contig_1, start=858043, stop=860478, strand=-, frame=2, truncated=no, start-type=ATG, RBS-motif=AGxAGG/AGGxGG
12:43:13.936 - INFO - CDS - seq=contig_1, start=860875, stop=862278, strand=+, frame=1, truncated=no, start-type=GTG, RBS-motif=None
12:43:13.936 - INFO - CDS - seq=contig_1, start=862339, stop=864768, strand=-, frame=2, truncated=no, start-type=ATG, RBS-motif=GGAG/GAGG
12:43:13.936 - INFO - CDS - seq=contig_1, start=865157, stop=866365, strand=+, frame=2, truncated=no, start-type=ATG, RBS-motif=None
12:43:13.936 - INFO - CDS - seq=contig_1, start=866443, stop=867606, strand=+, frame=1, truncated=no, start-type=ATG, RBS-motif=AGGA/GGAG/GAGG
12:43:13.936 - INFO - CDS - seq=contig_1, start=867631, stop=869733, strand=-, frame=2, truncated=no, start-type=ATG, RBS-motif=GGA/GAG/AGG
12:43:13.936 - INFO - CDS - seq=contig_1, start=869733, stop=871196, strand=-, frame=3, truncated=no, start-type=ATG, RBS-motif=GGxGG
12:43:13.936 - INFO - CDS - seq=contig_1, start=871355, stop=871543, strand=+, frame=2, truncated=no, start-type=ATG, RBS-motif=AGGAG
12:43:13.936 - INFO - CDS - seq=contig_1, start=871604, stop=871840, strand=+, frame=2, truncated=no, start-type=GTG, RBS-motif=AGGAGG
12:43:13.936 - INFO - CDS - seq=contig_1, start=871837, stop=872601, strand=+, frame=1, truncated=no, start-type=ATG, RBS-motif=None
12:43:13.937 - INFO - CDS - seq=contig_1, start=872632, stop=873543, strand=+, frame=1, truncated=no, start-type=TTG, RBS-motif=AGGA
12:43:13.937 - INFO - CDS - seq=contig_1, start=873738, stop=875189, strand=+, frame=3, truncated=no, start-type=ATG, RBS-motif=None
12:43:13.937 - INFO - CDS - seq=contig_1, start=875413, stop=876435, strand=-, frame=2, truncated=no, start-type=ATG, RBS-motif=None
12:43:13.937 - INFO - CDS - seq=contig_1, start=876658, stop=877581, strand=+, frame=1, truncated=no, start-type=ATG, RBS-motif=None
12:43:13.937 - INFO - CDS - seq=contig_1, start=877775, stop=878686, strand=+, frame=2, truncated=no, start-type=ATG, RBS-motif=AGGAG/GGAGG
12:43:13.937 - INFO - CDS - seq=contig_1, start=878758, stop=879402, strand=-, frame=2, truncated=no, start-type=ATG, RBS-motif=None
12:43:13.937 - INFO - CDS - seq=contig_1, start=879561, stop=880859, strand=-, frame=3, truncated=no, start-type=GTG, RBS-motif=AGGAGG
12:43:13.937 - INFO - CDS - seq=contig_1, start=881033, stop=881959, strand=-, frame=1, truncated=no, start-type=ATG, RBS-motif=GGA/GAG/AGG
12:43:13.937 - INFO - CDS - seq=contig_1, start=881993, stop=882754, strand=-, frame=1, truncated=no, start-type=GTG, RBS-motif=AGxAGG/AGGxGG
12:43:13.937 - INFO - CDS - seq=contig_1, start=882859, stop=883665, strand=-, frame=2, truncated=no, start-type=ATG, RBS-motif=GGAGG
12:43:13.937 - INFO - CDS - seq=contig_1, start=883746, stop=884687, strand=-, frame=3, truncated=no, start-type=GTG, RBS-motif=AGGAG
12:43:13.937 - INFO - CDS - seq=contig_1, start=884737, stop=885123, strand=-, frame=2, truncated=no, start-type=ATG, RBS-motif=AGGAG
12:43:13.937 - INFO - CDS - seq=contig_1, start=885520, stop=887412, strand=+, frame=1, truncated=no, start-type=ATG, RBS-motif=GGAG/GAGG
12:43:13.937 - INFO - CDS - seq=contig_1, start=887581, stop=888402, strand=+, frame=1, truncated=no, start-type=GTG, RBS-motif=GGAG/GAGG
12:43:13.937 - INFO - CDS - seq=contig_1, start=888380, stop=889342, strand=+, frame=2, truncated=no, start-type=ATG, RBS-motif=GGA/GAG/AGG
12:43:13.937 - INFO - CDS - seq=contig_1, start=889339, stop=889716, strand=+, frame=1, truncated=no, start-type=ATG, RBS-motif=GGxGG
12:43:13.937 - INFO - CDS - seq=contig_1, start=889713, stop=890597, strand=+, frame=3, truncated=no, start-type=ATG, RBS-motif=GGAG/GAGG
12:43:13.937 - INFO - CDS - seq=contig_1, start=890594, stop=891379, strand=+, frame=2, truncated=no, start-type=ATG, RBS-motif=None
12:43:13.937 - INFO - CDS - seq=contig_1, start=891447, stop=893216, strand=-, frame=3, truncated=no, start-type=GTG, RBS-motif=GGAG/GAGG
12:43:13.937 - INFO - CDS - seq=contig_1, start=893239, stop=894045, strand=-, frame=2, truncated=no, start-type=ATG, RBS-motif=GGA/GAG/AGG
12:43:13.937 - INFO - CDS - seq=contig_1, start=894127, stop=894843, strand=+, frame=1, truncated=no, start-type=ATG, RBS-motif=None
12:43:13.937 - INFO - CDS - seq=contig_1, start=894900, stop=896150, strand=-, frame=3, truncated=no, start-type=ATG, RBS-motif=GGA/GAG/AGG
12:43:13.937 - INFO - CDS - seq=contig_1, start=896237, stop=899041, strand=-, frame=1, truncated=no, start-type=ATG, RBS-motif=AGGAGG
12:43:13.937 - INFO - CDS - seq=contig_1, start=899182, stop=900006, strand=-, frame=2, truncated=no, start-type=ATG, RBS-motif=GGA/GAG/AGG
12:43:13.937 - INFO - CDS - seq=contig_1, start=900184, stop=901932, strand=+, frame=1, truncated=no, start-type=ATG, RBS-motif=GGA/GAG/AGG
12:43:13.937 - INFO - CDS - seq=contig_1, start=901981, stop=903645, strand=-, frame=2, truncated=no, start-type=ATG, RBS-motif=GGA/GAG/AGG
12:43:13.937 - INFO - CDS - seq=contig_1, start=903720, stop=904727, strand=-, frame=3, truncated=no, start-type=ATG, RBS-motif=AGxAGG/AGGxGG
12:43:13.937 - INFO - CDS - seq=contig_1, start=904832, stop=907081, strand=+, frame=2, truncated=no, start-type=ATG, RBS-motif=None
12:43:13.937 - INFO - CDS - seq=contig_1, start=907143, stop=908717, strand=-, frame=3, truncated=no, start-type=ATG, RBS-motif=GGAGG
12:43:13.937 - INFO - CDS - seq=contig_1, start=908913, stop=909680, strand=-, frame=3, truncated=no, start-type=ATG, RBS-motif=AGGA
12:43:13.937 - INFO - CDS - seq=contig_1, start=909804, stop=910601, strand=-, frame=3, truncated=no, start-type=ATG, RBS-motif=None
12:43:13.937 - INFO - CDS - seq=contig_1, start=910721, stop=911773, strand=+, frame=2, truncated=no, start-type=ATG, RBS-motif=AGGAGG
12:43:13.937 - INFO - CDS - seq=contig_1, start=911827, stop=912360, strand=-, frame=2, truncated=no, start-type=GTG, RBS-motif=AGGA
12:43:13.937 - INFO - CDS - seq=contig_1, start=912398, stop=912724, strand=-, frame=1, truncated=no, start-type=GTG, RBS-motif=GGA/GAG/AGG
12:43:13.937 - INFO - CDS - seq=contig_1, start=912724, stop=913059, strand=-, frame=2, truncated=no, start-type=GTG, RBS-motif=GGxGG
12:43:13.937 - INFO - CDS - seq=contig_1, start=913053, stop=913421, strand=-, frame=3, truncated=no, start-type=ATG, RBS-motif=GGAGG
12:43:13.937 - INFO - CDS - seq=contig_1, start=913454, stop=913654, strand=-, frame=1, truncated=no, start-type=ATG, RBS-motif=GGAG/GAGG
12:43:13.937 - INFO - CDS - seq=contig_1, start=913707, stop=914228, strand=-, frame=3, truncated=no, start-type=TTG, RBS-motif=GGAGG
12:43:13.937 - INFO - CDS - seq=contig_1, start=914415, stop=916583, strand=+, frame=3, truncated=no, start-type=GTG, RBS-motif=GGAG/GAGG
12:43:13.937 - INFO - CDS - seq=contig_1, start=916612, stop=917610, strand=-, frame=2, truncated=no, start-type=ATG, RBS-motif=GGAGG
12:43:13.937 - INFO - CDS - seq=contig_1, start=917761, stop=918897, strand=-, frame=2, truncated=no, start-type=ATG, RBS-motif=AGGAG
12:43:13.937 - INFO - CDS - seq=contig_1, start=918952, stop=923553, strand=-, frame=2, truncated=no, start-type=ATG, RBS-motif=3Base/5BMM
12:43:13.937 - INFO - CDS - seq=contig_1, start=923550, stop=926933, strand=-, frame=3, truncated=no, start-type=GTG, RBS-motif=AGGAG/GGAGG
12:43:13.937 - INFO - CDS - seq=contig_1, start=927089, stop=928279, strand=+, frame=2, truncated=no, start-type=ATG, RBS-motif=None
12:43:13.938 - INFO - CDS - seq=contig_1, start=928493, stop=929611, strand=+, frame=2, truncated=no, start-type=ATG, RBS-motif=GGA/GAG/AGG
12:43:13.938 - INFO - CDS - seq=contig_1, start=929747, stop=931213, strand=+, frame=2, truncated=no, start-type=GTG, RBS-motif=AGGAGG
12:43:13.938 - INFO - CDS - seq=contig_1, start=931288, stop=933195, strand=-, frame=2, truncated=no, start-type=ATG, RBS-motif=GGA/GAG/AGG
12:43:13.938 - INFO - CDS - seq=contig_1, start=933280, stop=933411, strand=-, frame=2, truncated=no, start-type=ATG, RBS-motif=GGA/GAG/AGG
12:43:13.938 - INFO - CDS - seq=contig_1, start=933434, stop=934201, strand=-, frame=1, truncated=no, start-type=GTG, RBS-motif=AGGAG
12:43:13.938 - INFO - CDS - seq=contig_1, start=934363, stop=935646, strand=+, frame=1, truncated=no, start-type=ATG, RBS-motif=3Base/5BMM
12:43:13.938 - INFO - CDS - seq=contig_1, start=935705, stop=937258, strand=-, frame=1, truncated=no, start-type=GTG, RBS-motif=GGA/GAG/AGG
12:43:13.938 - INFO - CDS - seq=contig_1, start=937379, stop=938806, strand=-, frame=1, truncated=no, start-type=GTG, RBS-motif=GGAG/GAGG
12:43:13.938 - INFO - CDS - seq=contig_1, start=938895, stop=940835, strand=-, frame=3, truncated=no, start-type=GTG, RBS-motif=GGAGG
12:43:13.938 - INFO - CDS - seq=contig_1, start=941155, stop=942015, strand=+, frame=1, truncated=no, start-type=ATG, RBS-motif=GGAGG
12:43:13.938 - INFO - CDS - seq=contig_1, start=942294, stop=943151, strand=+, frame=3, truncated=no, start-type=ATG, RBS-motif=GGAGG
12:43:13.938 - INFO - CDS - seq=contig_1, start=943449, stop=945617, strand=+, frame=3, truncated=no, start-type=GTG, RBS-motif=AGGAG
12:43:13.938 - INFO - CDS - seq=contig_1, start=945629, stop=946231, strand=+, frame=2, truncated=no, start-type=ATG, RBS-motif=GGAG/GAGG
12:43:13.938 - INFO - CDS - seq=contig_1, start=946228, stop=946503, strand=+, frame=1, truncated=no, start-type=ATG, RBS-motif=GGA/GAG/AGG
12:43:13.938 - INFO - CDS - seq=contig_1, start=946543, stop=946950, strand=+, frame=1, truncated=no, start-type=GTG, RBS-motif=None
12:43:13.938 - INFO - CDS - seq=contig_1, start=946997, stop=947662, strand=+, frame=2, truncated=no, start-type=ATG, RBS-motif=GGAG/GAGG
12:43:13.938 - INFO - CDS - seq=contig_1, start=947667, stop=948764, strand=+, frame=3, truncated=no, start-type=ATG, RBS-motif=AGGA
12:43:13.938 - INFO - CDS - seq=contig_1, start=948777, stop=949736, strand=-, frame=3, truncated=no, start-type=GTG, RBS-motif=GGAG/GAGG
12:43:13.938 - INFO - CDS - seq=contig_1, start=949733, stop=951181, strand=-, frame=1, truncated=no, start-type=ATG, RBS-motif=None
12:43:13.938 - INFO - CDS - seq=contig_1, start=951211, stop=951936, strand=-, frame=2, truncated=no, start-type=ATG, RBS-motif=AGGA/GGAG/GAGG
12:43:13.938 - INFO - CDS - seq=contig_1, start=951926, stop=952768, strand=-, frame=1, truncated=no, start-type=GTG, RBS-motif=None
12:43:13.938 - INFO - CDS - seq=contig_1, start=952811, stop=954166, strand=-, frame=1, truncated=no, start-type=ATG, RBS-motif=GGAGG
12:43:13.938 - INFO - CDS - seq=contig_1, start=954279, stop=955397, strand=-, frame=3, truncated=no, start-type=ATG, RBS-motif=GGA/GAG/AGG
12:43:13.938 - INFO - CDS - seq=contig_1, start=955394, stop=956491, strand=-, frame=1, truncated=no, start-type=GTG, RBS-motif=GGA/GAG/AGG
12:43:13.938 - INFO - CDS - seq=contig_1, start=956512, stop=956952, strand=-, frame=2, truncated=no, start-type=ATG, RBS-motif=GGA/GAG/AGG
12:43:13.938 - INFO - CDS - seq=contig_1, start=956949, stop=959057, strand=-, frame=3, truncated=no, start-type=ATG, RBS-motif=AGGA
12:43:13.938 - INFO - CDS - seq=contig_1, start=959205, stop=959474, strand=-, frame=3, truncated=no, start-type=ATG, RBS-motif=AGGAG
12:43:13.938 - INFO - CDS - seq=contig_1, start=959490, stop=960317, strand=-, frame=3, truncated=no, start-type=GTG, RBS-motif=GGAG/GAGG
12:43:13.938 - INFO - CDS - seq=contig_1, start=960321, stop=961406, strand=-, frame=3, truncated=no, start-type=ATG, RBS-motif=3Base/5BMM
12:43:13.938 - INFO - CDS - seq=contig_1, start=961399, stop=961779, strand=-, frame=2, truncated=no, start-type=ATG, RBS-motif=None
12:43:13.938 - INFO - CDS - seq=contig_1, start=961776, stop=964472, strand=-, frame=3, truncated=no, start-type=ATG, RBS-motif=AGGAG
12:43:13.938 - INFO - CDS - seq=contig_1, start=964480, stop=965937, strand=-, frame=2, truncated=no, start-type=ATG, RBS-motif=AGGAG
12:43:13.938 - INFO - CDS - seq=contig_1, start=965987, stop=966457, strand=-, frame=1, truncated=no, start-type=GTG, RBS-motif=GGAG/GAGG
12:43:13.938 - INFO - CDS - seq=contig_1, start=966478, stop=966612, strand=-, frame=2, truncated=no, start-type=GTG, RBS-motif=GGAG/GAGG
12:43:13.938 - INFO - CDS - seq=contig_1, start=966631, stop=967653, strand=-, frame=2, truncated=no, start-type=TTG, RBS-motif=AGxAGG/AGGxGG
12:43:13.938 - INFO - CDS - seq=contig_1, start=967660, stop=968187, strand=-, frame=2, truncated=no, start-type=ATG, RBS-motif=GGxGG
12:43:13.938 - INFO - CDS - seq=contig_1, start=968345, stop=969817, strand=-, frame=1, truncated=no, start-type=GTG, RBS-motif=GGxGG
12:43:13.938 - INFO - CDS - seq=contig_1, start=969877, stop=973632, strand=-, frame=2, truncated=no, start-type=GTG, RBS-motif=None
12:43:13.938 - INFO - CDS - seq=contig_1, start=973629, stop=976589, strand=-, frame=3, truncated=no, start-type=GTG, RBS-motif=GGAG/GAGG
12:43:13.938 - INFO - CDS - seq=contig_1, start=976628, stop=978040, strand=-, frame=1, truncated=no, start-type=GTG, RBS-motif=AGGA/GGAG/GAGG
12:43:13.938 - INFO - CDS - seq=contig_1, start=978081, stop=978962, strand=-, frame=3, truncated=no, start-type=ATG, RBS-motif=None
12:43:13.938 - INFO - CDS - seq=contig_1, start=978964, stop=980562, strand=+, frame=1, truncated=no, start-type=GTG, RBS-motif=None
12:43:13.938 - INFO - CDS - seq=contig_1, start=980769, stop=981140, strand=+, frame=3, truncated=no, start-type=GTG, RBS-motif=GGAGG
12:43:13.938 - INFO - CDS - seq=contig_1, start=981149, stop=981391, strand=+, frame=2, truncated=no, start-type=ATG, RBS-motif=GGA/GAG/AGG
12:43:13.938 - INFO - CDS - seq=contig_1, start=981442, stop=981978, strand=+, frame=1, truncated=no, start-type=ATG, RBS-motif=3Base/5BMM
12:43:13.938 - INFO - CDS - seq=contig_1, start=981975, stop=982727, strand=+, frame=3, truncated=no, start-type=ATG, RBS-motif=GGxGG
12:43:13.938 - INFO - CDS - seq=contig_1, start=982699, stop=983070, strand=+, frame=1, truncated=no, start-type=ATG, RBS-motif=AGGAG
12:43:13.938 - INFO - CDS - seq=contig_1, start=983067, stop=983987, strand=+, frame=3, truncated=no, start-type=GTG, RBS-motif=None
12:43:13.938 - INFO - CDS - seq=contig_1, start=984009, stop=984260, strand=+, frame=3, truncated=no, start-type=ATG, RBS-motif=None
12:43:13.938 - INFO - CDS - seq=contig_1, start=984345, stop=985595, strand=+, frame=3, truncated=no, start-type=ATG, RBS-motif=GGAG/GAGG
12:43:13.938 - INFO - CDS - seq=contig_1, start=985579, stop=985959, strand=+, frame=1, truncated=no, start-type=ATG, RBS-motif=GGA/GAG/AGG
12:43:13.938 - INFO - CDS - seq=contig_1, start=985956, stop=986138, strand=+, frame=3, truncated=no, start-type=ATG, RBS-motif=GGAG/GAGG
12:43:13.939 - INFO - CDS - seq=contig_1, start=986131, stop=986517, strand=+, frame=1, truncated=no, start-type=GTG, RBS-motif=GGAG/GAGG
12:43:13.939 - INFO - CDS - seq=contig_1, start=986591, stop=987925, strand=+, frame=2, truncated=no, start-type=GTG, RBS-motif=None
12:43:13.939 - INFO - CDS - seq=contig_1, start=988094, stop=989443, strand=+, frame=2, truncated=no, start-type=ATG, RBS-motif=GGA/GAG/AGG
12:43:13.939 - INFO - CDS - seq=contig_1, start=989723, stop=990148, strand=-, frame=1, truncated=no, start-type=ATG, RBS-motif=GGAG/GAGG
12:43:13.939 - INFO - CDS - seq=contig_1, start=990256, stop=990573, strand=-, frame=2, truncated=no, start-type=ATG, RBS-motif=AGGAG
12:43:13.939 - INFO - CDS - seq=contig_1, start=990802, stop=993225, strand=+, frame=1, truncated=no, start-type=GTG, RBS-motif=GGA/GAG/AGG
12:43:13.939 - INFO - CDS - seq=contig_1, start=993333, stop=994670, strand=+, frame=3, truncated=no, start-type=GTG, RBS-motif=AGGAGG
12:43:13.939 - INFO - CDS - seq=contig_1, start=994743, stop=995795, strand=+, frame=3, truncated=no, start-type=ATG, RBS-motif=AGxAG
12:43:13.939 - INFO - CDS - seq=contig_1, start=995739, stop=997097, strand=-, frame=3, truncated=no, start-type=ATG, RBS-motif=GGxGG
12:43:13.939 - INFO - CDS - seq=contig_1, start=997413, stop=999752, strand=+, frame=3, truncated=no, start-type=ATG, RBS-motif=None
12:43:13.939 - INFO - CDS - seq=contig_1, start=999721, stop=999987, strand=-, frame=2, truncated=no, start-type=GTG, RBS-motif=AGxAGG/AGGxGG
12:43:13.939 - INFO - CDS - seq=contig_1, start=1000117, stop=1000557, strand=+, frame=1, truncated=no, start-type=GTG, RBS-motif=AGGAGG
12:43:13.939 - INFO - CDS - seq=contig_1, start=1000708, stop=1002543, strand=-, frame=2, truncated=no, start-type=ATG, RBS-motif=AGGAGG
12:43:13.939 - INFO - CDS - seq=contig_1, start=1002717, stop=1002929, strand=+, frame=3, truncated=no, start-type=ATG, RBS-motif=GGxGG
12:43:13.939 - INFO - CDS - seq=contig_1, start=1003083, stop=1004552, strand=+, frame=3, truncated=no, start-type=GTG, RBS-motif=GGxGG
12:43:13.939 - INFO - CDS - seq=contig_1, start=1004591, stop=1006297, strand=+, frame=2, truncated=no, start-type=ATG, RBS-motif=3Base/5BMM
12:43:13.939 - INFO - CDS - seq=contig_1, start=1006381, stop=1007811, strand=-, frame=2, truncated=no, start-type=GTG, RBS-motif=AGGAG
12:43:13.939 - INFO - CDS - seq=contig_1, start=1007923, stop=1009545, strand=-, frame=2, truncated=no, start-type=ATG, RBS-motif=None
12:43:13.939 - INFO - CDS - seq=contig_1, start=1009681, stop=1010904, strand=+, frame=1, truncated=no, start-type=ATG, RBS-motif=None
12:43:13.939 - INFO - CDS - seq=contig_1, start=1010897, stop=1011805, strand=-, frame=1, truncated=no, start-type=ATG, RBS-motif=None
12:43:13.939 - INFO - CDS - seq=contig_1, start=1012029, stop=1013039, strand=-, frame=3, truncated=no, start-type=ATG, RBS-motif=None
12:43:13.939 - INFO - CDS - seq=contig_1, start=1013274, stop=1013909, strand=-, frame=3, truncated=no, start-type=GTG, RBS-motif=GGA/GAG/AGG
12:43:13.939 - INFO - CDS - seq=contig_1, start=1013906, stop=1014502, strand=-, frame=1, truncated=no, start-type=ATG, RBS-motif=GGAG/GAGG
12:43:13.939 - INFO - CDS - seq=contig_1, start=1014469, stop=1014705, strand=-, frame=2, truncated=no, start-type=GTG, RBS-motif=GGAGG
12:43:13.939 - INFO - CDS - seq=contig_1, start=1014801, stop=1018355, strand=-, frame=3, truncated=no, start-type=ATG, RBS-motif=GGAG/GAGG
12:43:13.939 - INFO - CDS - seq=contig_1, start=1018549, stop=1019067, strand=-, frame=2, truncated=no, start-type=GTG, RBS-motif=None
12:43:13.939 - INFO - CDS - seq=contig_1, start=1019144, stop=1019608, strand=-, frame=1, truncated=no, start-type=ATG, RBS-motif=GGA/GAG/AGG
12:43:13.939 - INFO - CDS - seq=contig_1, start=1019614, stop=1020060, strand=-, frame=2, truncated=no, start-type=ATG, RBS-motif=GGAGG
12:43:13.939 - INFO - CDS - seq=contig_1, start=1020109, stop=1021281, strand=-, frame=2, truncated=no, start-type=ATG, RBS-motif=GGA/GAG/AGG
12:43:13.939 - INFO - CDS - seq=contig_1, start=1021452, stop=1022108, strand=-, frame=3, truncated=no, start-type=ATG, RBS-motif=None
12:43:13.939 - INFO - CDS - seq=contig_1, start=1022440, stop=1022859, strand=-, frame=2, truncated=no, start-type=ATG, RBS-motif=GGAGG
12:43:13.939 - INFO - CDS - seq=contig_1, start=1022973, stop=1023620, strand=-, frame=3, truncated=no, start-type=ATG, RBS-motif=GGxGG
12:43:13.939 - INFO - CDS - seq=contig_1, start=1023617, stop=1024312, strand=-, frame=1, truncated=no, start-type=ATG, RBS-motif=AGGAG
12:43:13.939 - INFO - CDS - seq=contig_1, start=1024328, stop=1026196, strand=-, frame=1, truncated=no, start-type=ATG, RBS-motif=AGGAG
12:43:13.939 - INFO - CDS - seq=contig_1, start=1026196, stop=1026480, strand=-, frame=2, truncated=no, start-type=GTG, RBS-motif=AGGA
12:43:13.939 - INFO - CDS - seq=contig_1, start=1026484, stop=1026885, strand=-, frame=2, truncated=no, start-type=GTG, RBS-motif=GGA/GAG/AGG
12:43:13.939 - INFO - CDS - seq=contig_1, start=1027167, stop=1028174, strand=-, frame=3, truncated=no, start-type=ATG, RBS-motif=None
12:43:13.939 - INFO - CDS - seq=contig_1, start=1028286, stop=1029464, strand=-, frame=3, truncated=no, start-type=ATG, RBS-motif=None
12:43:13.939 - INFO - CDS - seq=contig_1, start=1029562, stop=1030998, strand=-, frame=2, truncated=no, start-type=GTG, RBS-motif=AGxAGG/AGGxGG
12:43:13.939 - INFO - CDS - seq=contig_1, start=1031148, stop=1031441, strand=+, frame=3, truncated=no, start-type=ATG, RBS-motif=GGA/GAG/AGG
12:43:13.939 - INFO - CDS - seq=contig_1, start=1031384, stop=1032409, strand=+, frame=2, truncated=no, start-type=GTG, RBS-motif=GGA/GAG/AGG
12:43:13.939 - INFO - CDS - seq=contig_1, start=1032500, stop=1033528, strand=+, frame=2, truncated=no, start-type=ATG, RBS-motif=AGGA
12:43:13.939 - INFO - CDS - seq=contig_1, start=1033559, stop=1035457, strand=+, frame=2, truncated=no, start-type=ATG, RBS-motif=GGA/GAG/AGG
12:43:13.939 - INFO - CDS - seq=contig_1, start=1035526, stop=1035915, strand=-, frame=2, truncated=no, start-type=GTG, RBS-motif=AGGAG
12:43:13.939 - INFO - CDS - seq=contig_1, start=1035927, stop=1036721, strand=-, frame=3, truncated=no, start-type=ATG, RBS-motif=GGAGG
12:43:13.939 - INFO - CDS - seq=contig_1, start=1036797, stop=1037612, strand=-, frame=3, truncated=no, start-type=ATG, RBS-motif=GGAGG
12:43:13.939 - INFO - CDS - seq=contig_1, start=1037698, stop=1038930, strand=-, frame=2, truncated=no, start-type=ATG, RBS-motif=None
12:43:13.939 - INFO - CDS - seq=contig_1, start=1039041, stop=1040270, strand=-, frame=3, truncated=no, start-type=ATG, RBS-motif=GGxGG
12:43:13.939 - INFO - CDS - seq=contig_1, start=1040260, stop=1040967, strand=-, frame=2, truncated=no, start-type=GTG, RBS-motif=GGAG/GAGG
12:43:13.939 - INFO - CDS - seq=contig_1, start=1040967, stop=1041929, strand=-, frame=3, truncated=no, start-type=ATG, RBS-motif=AGxAGG/AGGxGG
12:43:13.939 - INFO - CDS - seq=contig_1, start=1041954, stop=1043612, strand=-, frame=3, truncated=no, start-type=ATG, RBS-motif=AGGA/GGAG/GAGG
12:43:13.939 - INFO - CDS - seq=contig_1, start=1043634, stop=1045172, strand=-, frame=3, truncated=no, start-type=GTG, RBS-motif=AGxAGG/AGGxGG
12:43:13.940 - INFO - CDS - seq=contig_1, start=1045169, stop=1046791, strand=-, frame=1, truncated=no, start-type=GTG, RBS-motif=AGGAG
12:43:13.940 - INFO - CDS - seq=contig_1, start=1046788, stop=1048332, strand=-, frame=2, truncated=no, start-type=ATG, RBS-motif=GGAG/GAGG
12:43:13.940 - INFO - CDS - seq=contig_1, start=1048544, stop=1049158, strand=-, frame=1, truncated=no, start-type=ATG, RBS-motif=GGAG/GAGG
12:43:13.940 - INFO - CDS - seq=contig_1, start=1049315, stop=1050661, strand=-, frame=1, truncated=no, start-type=ATG, RBS-motif=GGAG/GAGG
12:43:13.940 - INFO - CDS - seq=contig_1, start=1050749, stop=1052410, strand=+, frame=2, truncated=no, start-type=ATG, RBS-motif=None
12:43:13.940 - INFO - CDS - seq=contig_1, start=1052462, stop=1052740, strand=-, frame=1, truncated=no, start-type=ATG, RBS-motif=GGxGG
12:43:13.940 - INFO - CDS - seq=contig_1, start=1052795, stop=1053619, strand=-, frame=1, truncated=no, start-type=GTG, RBS-motif=GGA/GAG/AGG
12:43:13.940 - INFO - CDS - seq=contig_1, start=1053730, stop=1055049, strand=+, frame=1, truncated=no, start-type=GTG, RBS-motif=GGA/GAG/AGG
12:43:13.940 - INFO - CDS - seq=contig_1, start=1055036, stop=1055896, strand=+, frame=2, truncated=no, start-type=ATG, RBS-motif=GGAGG
12:43:13.940 - INFO - CDS - seq=contig_1, start=1055926, stop=1056486, strand=+, frame=1, truncated=no, start-type=ATG, RBS-motif=GGxGG
12:43:13.940 - INFO - CDS - seq=contig_1, start=1056656, stop=1057429, strand=+, frame=2, truncated=no, start-type=ATG, RBS-motif=AGGA
12:43:13.940 - INFO - CDS - seq=contig_1, start=1057404, stop=1058459, strand=+, frame=3, truncated=no, start-type=GTG, RBS-motif=GGA/GAG/AGG
12:43:13.940 - INFO - CDS - seq=contig_1, start=1058639, stop=1059682, strand=+, frame=2, truncated=no, start-type=GTG, RBS-motif=GGA/GAG/AGG
12:43:13.940 - INFO - CDS - seq=contig_1, start=1059704, stop=1060324, strand=+, frame=2, truncated=no, start-type=GTG, RBS-motif=GGxGG
12:43:13.940 - INFO - CDS - seq=contig_1, start=1060356, stop=1061030, strand=+, frame=3, truncated=no, start-type=GTG, RBS-motif=3Base/5BMM
12:43:13.940 - INFO - CDS - seq=contig_1, start=1061054, stop=1062973, strand=-, frame=1, truncated=no, start-type=ATG, RBS-motif=GGAGG
12:43:13.940 - INFO - CDS - seq=contig_1, start=1063156, stop=1064925, strand=+, frame=1, truncated=no, start-type=ATG, RBS-motif=GGA/GAG/AGG
12:43:13.940 - INFO - CDS - seq=contig_1, start=1064983, stop=1065867, strand=+, frame=1, truncated=no, start-type=ATG, RBS-motif=GGAGG
12:43:13.940 - INFO - CDS - seq=contig_1, start=1065913, stop=1066296, strand=-, frame=2, truncated=no, start-type=GTG, RBS-motif=None
12:43:13.940 - INFO - CDS - seq=contig_1, start=1066387, stop=1066986, strand=+, frame=1, truncated=no, start-type=ATG, RBS-motif=None
12:43:13.940 - INFO - CDS - seq=contig_1, start=1067022, stop=1067726, strand=-, frame=3, truncated=no, start-type=ATG, RBS-motif=GGA/GAG/AGG
12:43:13.940 - INFO - CDS - seq=contig_1, start=1067941, stop=1071042, strand=+, frame=1, truncated=no, start-type=ATG, RBS-motif=AGGA/GGAG/GAGG
12:43:13.940 - INFO - CDS - seq=contig_1, start=1071120, stop=1071266, strand=+, frame=3, truncated=no, start-type=ATG, RBS-motif=GGxGG
12:43:13.940 - INFO - CDS - seq=contig_1, start=1071300, stop=1071587, strand=+, frame=3, truncated=no, start-type=GTG, RBS-motif=GGA/GAG/AGG
12:43:13.940 - INFO - CDS - seq=contig_1, start=1071657, stop=1072682, strand=-, frame=3, truncated=no, start-type=ATG, RBS-motif=AGGAG
12:43:13.940 - INFO - CDS - seq=contig_1, start=1073038, stop=1073853, strand=+, frame=1, truncated=no, start-type=ATG, RBS-motif=None
12:43:13.940 - INFO - CDS - seq=contig_1, start=1073928, stop=1075262, strand=+, frame=3, truncated=no, start-type=ATG, RBS-motif=AGGA
12:43:13.940 - INFO - CDS - seq=contig_1, start=1075292, stop=1076968, strand=-, frame=1, truncated=no, start-type=ATG, RBS-motif=GGA/GAG/AGG
12:43:13.940 - INFO - CDS - seq=contig_1, start=1077065, stop=1078861, strand=-, frame=1, truncated=no, start-type=ATG, RBS-motif=GGAGG
12:43:13.940 - INFO - CDS - seq=contig_1, start=1078895, stop=1080283, strand=-, frame=1, truncated=no, start-type=ATG, RBS-motif=AGGA
12:43:13.940 - INFO - CDS - seq=contig_1, start=1080469, stop=1082868, strand=+, frame=1, truncated=no, start-type=ATG, RBS-motif=AGGA
12:43:13.940 - INFO - CDS - seq=contig_1, start=1083178, stop=1083717, strand=+, frame=1, truncated=no, start-type=ATG, RBS-motif=GGAG/GAGG
12:43:13.940 - INFO - CDS - seq=contig_1, start=1083857, stop=1085095, strand=-, frame=1, truncated=no, start-type=ATG, RBS-motif=GGA/GAG/AGG
12:43:13.940 - INFO - CDS - seq=contig_1, start=1085052, stop=1085807, strand=-, frame=3, truncated=no, start-type=ATG, RBS-motif=GGAGG
12:43:13.940 - INFO - CDS - seq=contig_1, start=1086005, stop=1086952, strand=+, frame=2, truncated=no, start-type=GTG, RBS-motif=GGA/GAG/AGG
12:43:13.940 - INFO - CDS - seq=contig_1, start=1086975, stop=1087580, strand=-, frame=3, truncated=no, start-type=ATG, RBS-motif=GGA/GAG/AGG
12:43:13.940 - INFO - CDS - seq=contig_1, start=1087654, stop=1089372, strand=-, frame=2, truncated=no, start-type=GTG, RBS-motif=AGxAGG/AGGxGG
12:43:13.940 - INFO - CDS - seq=contig_1, start=1089431, stop=1091344, strand=-, frame=1, truncated=no, start-type=ATG, RBS-motif=AGGAG/GGAGG
12:43:13.940 - INFO - CDS - seq=contig_1, start=1091453, stop=1092370, strand=-, frame=1, truncated=no, start-type=GTG, RBS-motif=GGA/GAG/AGG
12:43:13.940 - INFO - CDS - seq=contig_1, start=1092413, stop=1094950, strand=-, frame=1, truncated=no, start-type=ATG, RBS-motif=GGAG/GAGG
12:43:13.940 - INFO - CDS - seq=contig_1, start=1095077, stop=1096147, strand=-, frame=1, truncated=no, start-type=ATG, RBS-motif=AGGAG/GGAGG
12:43:13.940 - INFO - CDS - seq=contig_1, start=1096244, stop=1096693, strand=-, frame=1, truncated=no, start-type=ATG, RBS-motif=GGAG/GAGG
12:43:13.940 - INFO - CDS - seq=contig_1, start=1096819, stop=1097427, strand=-, frame=2, truncated=no, start-type=TTG, RBS-motif=AGGAG
12:43:13.940 - INFO - CDS - seq=contig_1, start=1097462, stop=1098352, strand=-, frame=1, truncated=no, start-type=GTG, RBS-motif=AGGAG
12:43:13.940 - INFO - CDS - seq=contig_1, start=1098602, stop=1098868, strand=+, frame=2, truncated=no, start-type=ATG, RBS-motif=AGGAGG
12:43:13.940 - INFO - CDS - seq=contig_1, start=1098879, stop=1100741, strand=-, frame=3, truncated=no, start-type=GTG, RBS-motif=GGAG/GAGG
12:43:13.940 - INFO - CDS - seq=contig_1, start=1100779, stop=1101204, strand=-, frame=2, truncated=no, start-type=GTG, RBS-motif=GGA/GAG/AGG
12:43:13.940 - INFO - CDS - seq=contig_1, start=1101201, stop=1102286, strand=-, frame=3, truncated=no, start-type=ATG, RBS-motif=GGAG/GAGG
12:43:13.940 - INFO - CDS - seq=contig_1, start=1102359, stop=1104290, strand=-, frame=3, truncated=no, start-type=GTG, RBS-motif=GGAG/GAGG
12:43:13.940 - INFO - CDS - seq=contig_1, start=1104348, stop=1105862, strand=+, frame=3, truncated=no, start-type=ATG, RBS-motif=AGGAG
12:43:13.940 - INFO - CDS - seq=contig_1, start=1105884, stop=1106327, strand=+, frame=3, truncated=no, start-type=GTG, RBS-motif=GGAGG
12:43:13.941 - INFO - CDS - seq=contig_1, start=1106328, stop=1107848, strand=+, frame=3, truncated=no, start-type=ATG, RBS-motif=None
12:43:13.941 - INFO - CDS - seq=contig_1, start=1107841, stop=1109370, strand=+, frame=1, truncated=no, start-type=ATG, RBS-motif=AGGAGG
12:43:13.941 - INFO - CDS - seq=contig_1, start=1109466, stop=1110833, strand=-, frame=3, truncated=no, start-type=GTG, RBS-motif=GGA/GAG/AGG
12:43:13.941 - INFO - CDS - seq=contig_1, start=1110849, stop=1111547, strand=-, frame=3, truncated=no, start-type=ATG, RBS-motif=GGA/GAG/AGG
12:43:13.941 - INFO - CDS - seq=contig_1, start=1111501, stop=1111890, strand=-, frame=2, truncated=no, start-type=GTG, RBS-motif=AGGAG/GGAGG
12:43:13.941 - INFO - CDS - seq=contig_1, start=1111906, stop=1112334, strand=-, frame=2, truncated=no, start-type=GTG, RBS-motif=AGGAG
12:43:13.941 - INFO - CDS - seq=contig_1, start=1112331, stop=1112573, strand=-, frame=3, truncated=no, start-type=GTG, RBS-motif=GGAGG
12:43:13.941 - INFO - CDS - seq=contig_1, start=1112767, stop=1114536, strand=+, frame=1, truncated=no, start-type=ATG, RBS-motif=None
12:43:13.941 - INFO - CDS - seq=contig_1, start=1114559, stop=1115434, strand=+, frame=2, truncated=no, start-type=ATG, RBS-motif=GGA/GAG/AGG
12:43:13.941 - INFO - CDS - seq=contig_1, start=1115450, stop=1117507, strand=-, frame=1, truncated=no, start-type=GTG, RBS-motif=None
12:43:13.941 - INFO - CDS - seq=contig_1, start=1117545, stop=1118213, strand=-, frame=3, truncated=no, start-type=ATG, RBS-motif=GGAG/GAGG
12:43:13.941 - INFO - CDS - seq=contig_1, start=1118500, stop=1120377, strand=+, frame=1, truncated=no, start-type=GTG, RBS-motif=GGAGG
12:43:13.941 - INFO - CDS - seq=contig_1, start=1120442, stop=1120876, strand=-, frame=1, truncated=no, start-type=GTG, RBS-motif=GGxGG
12:43:13.941 - INFO - CDS - seq=contig_1, start=1120888, stop=1121823, strand=-, frame=2, truncated=no, start-type=GTG, RBS-motif=None
12:43:13.941 - INFO - CDS - seq=contig_1, start=1121897, stop=1122922, strand=+, frame=2, truncated=no, start-type=ATG, RBS-motif=None
12:43:13.941 - INFO - CDS - seq=contig_1, start=1122919, stop=1125873, strand=-, frame=2, truncated=no, start-type=GTG, RBS-motif=AGGAG
12:43:13.941 - INFO - CDS - seq=contig_1, start=1125942, stop=1128320, strand=+, frame=3, truncated=no, start-type=ATG, RBS-motif=AGGAGG
12:43:13.941 - INFO - CDS - seq=contig_1, start=1128410, stop=1129126, strand=-, frame=1, truncated=no, start-type=GTG, RBS-motif=AGxAGG/AGGxGG
12:43:13.941 - INFO - CDS - seq=contig_1, start=1129285, stop=1129818, strand=-, frame=2, truncated=no, start-type=ATG, RBS-motif=AGGAGG
12:43:13.941 - INFO - CDS - seq=contig_1, start=1130076, stop=1130618, strand=+, frame=3, truncated=no, start-type=ATG, RBS-motif=3Base/5BMM
12:43:13.941 - INFO - CDS - seq=contig_1, start=1130641, stop=1131696, strand=-, frame=2, truncated=no, start-type=ATG, RBS-motif=3Base/5BMM
12:43:13.941 - INFO - CDS - seq=contig_1, start=1131696, stop=1132295, strand=-, frame=3, truncated=no, start-type=ATG, RBS-motif=GGAG/GAGG
12:43:13.941 - INFO - CDS - seq=contig_1, start=4, stop=1398, strand=+, nt=[ATGGACGCAG..AATCCGCTAG]
12:43:13.941 - INFO - CDS - seq=contig_1, start=1642, stop=2757, strand=+, nt=[GTGAAAATTC..AACGGAGTGA]
12:43:13.941 - INFO - CDS - seq=contig_1, start=2846, stop=3835, strand=+, nt=[GTGGGAAATA..TCATGAATAA]
12:43:13.941 - INFO - CDS - seq=contig_1, start=3828, stop=4265, strand=+, nt=[ATGAATAATG..GTCACATTAG]
12:43:13.941 - INFO - CDS - seq=contig_1, start=4392, stop=6833, strand=+, nt=[ATGGAAGAAA..GCAGGGGTAA]
12:43:13.941 - INFO - CDS - seq=contig_1, start=6833, stop=7018, strand=+, nt=[ATGGGCTCTG..TTGTGTATAG]
12:43:13.941 - INFO - CDS - seq=contig_1, start=7162, stop=8262, strand=+, nt=[ATGACAAGTA..TAAGGAATAA]
12:43:13.941 - INFO - CDS - seq=contig_1, start=8342, stop=10081, strand=-, nt=[GTGTCGCGTC..CACTTGGTGA]
12:43:13.941 - INFO - CDS - seq=contig_1, start=10443, stop=12425, strand=+, nt=[ATGGGCGCCT..TCTGTGGTGA]
12:43:13.941 - INFO - CDS - seq=contig_1, start=12590, stop=13822, strand=+, nt=[ATGAAAAGCC..TCGTCAGTGA]
12:43:13.941 - INFO - CDS - seq=contig_1, start=14013, stop=15827, strand=+, nt=[ATGCCGAAAA..ATTGCCGTAG]
12:43:13.941 - INFO - CDS - seq=contig_1, start=15805, stop=18363, strand=+, nt=[ATGTTGGGGC..CTGCGGGTAG]
12:43:13.941 - INFO - CDS - seq=contig_1, start=18488, stop=19435, strand=+, nt=[ATGGTTGCAC..GATAGCGTGA]
12:43:13.941 - INFO - CDS - seq=contig_1, start=19452, stop=22133, strand=+, nt=[ATGTCAGAAC..AGAGATCTAG]
12:43:13.941 - INFO - CDS - seq=contig_1, start=22148, stop=24256, strand=+, nt=[ATGCGAATTA..ATACGCTTGA]
12:43:13.941 - INFO - CDS - seq=contig_1, start=24720, stop=25028, strand=-, nt=[GTGGTGGCCG..ATCCGCCTAG]
12:43:13.941 - INFO - CDS - seq=contig_1, start=25195, stop=27585, strand=+, nt=[ATGGACGATG..TTTTTCTTGA]
12:43:13.941 - INFO - CDS - seq=contig_1, start=27646, stop=28977, strand=+, nt=[ATGAGTCGTA..TGGTTTTTAG]
12:43:13.941 - INFO - CDS - seq=contig_1, start=29157, stop=29867, strand=+, nt=[GTGAAAAGAT..TACCAGCTGA]
12:43:13.941 - INFO - CDS - seq=contig_1, start=29946, stop=33017, strand=-, nt=[ATGAGTACGC..CCCTCTCTAA]
12:43:13.941 - INFO - CDS - seq=contig_1, start=33046, stop=34068, strand=-, nt=[ATGAATAGAA..TTCCAAATAG]
12:43:13.941 - INFO - CDS - seq=contig_1, start=34189, stop=35514, strand=+, nt=[ATGGCGTTGT..TCAAGGATAG]
12:43:13.941 - INFO - CDS - seq=contig_1, start=35528, stop=36889, strand=+, nt=[GTGGCATACC..CGTTGGCTGA]
12:43:13.941 - INFO - CDS - seq=contig_1, start=36998, stop=38275, strand=+, nt=[ATGAGTTGCT..AGAGGGTTGA]
12:43:13.941 - INFO - CDS - seq=contig_1, start=38394, stop=40028, strand=+, nt=[ATGGCGAAGC..TATGTATTGA]
12:43:13.941 - INFO - CDS - seq=contig_1, start=40343, stop=41167, strand=-, nt=[ATGAATATCG..CAAAAAGTAA]
12:43:13.941 - INFO - CDS - seq=contig_1, start=41164, stop=41775, strand=-, nt=[ATGTCCGTTT..TGACAAATGA]
12:43:13.941 - INFO - CDS - seq=contig_1, start=41876, stop=42832, strand=-, nt=[ATGCAACGCT..CTCGCAATAA]
12:43:13.941 - INFO - CDS - seq=contig_1, start=43030, stop=43746, strand=+, nt=[ATGCGCATCA..GAGTCGGTGA]
12:43:13.941 - INFO - CDS - seq=contig_1, start=43746, stop=44546, strand=+, nt=[ATGTTGCAGT..CCGCACGTAA]
12:43:13.941 - INFO - CDS - seq=contig_1, start=44655, stop=45650, strand=-, nt=[ATGAGGTGTG..CAAGCTGTAA]
12:43:13.941 - INFO - CDS - seq=contig_1, start=45747, stop=46799, strand=-, nt=[ATGCACACGC..ACAAGGGTAG]
12:43:13.941 - INFO - CDS - seq=contig_1, start=47060, stop=49459, strand=+, nt=[ATGAAATATC..GGGGGGGTAG]
12:43:13.941 - INFO - CDS - seq=contig_1, start=49597, stop=50529, strand=+, nt=[ATGAGTCAGG..GTCACGGTAA]
12:43:13.941 - INFO - CDS - seq=contig_1, start=50633, stop=52642, strand=+, nt=[GTGTGCGCGC..TGCTTCCTGA]
12:43:13.941 - INFO - CDS - seq=contig_1, start=52682, stop=54574, strand=+, nt=[ATGGGTTTCA..AAAGCGGTAG]
12:43:13.941 - INFO - CDS - seq=contig_1, start=54630, stop=55529, strand=-, nt=[ATGAGGAGTC..TGTGCGTTAA]
12:43:13.941 - INFO - CDS - seq=contig_1, start=55891, stop=56592, strand=-, nt=[ATGATACCTA..TGAGGAATGA]
12:43:13.941 - INFO - CDS - seq=contig_1, start=56610, stop=57131, strand=-, nt=[ATGGGATATC..ACTGATCTAG]
12:43:13.941 - INFO - CDS - seq=contig_1, start=57137, stop=57568, strand=-, nt=[ATGGCAAAGA..GTCAGGATAA]
12:43:13.941 - INFO - CDS - seq=contig_1, start=57590, stop=58681, strand=-, nt=[ATGGCACGCA..GGCAGGATAG]
12:43:13.941 - INFO - CDS - seq=contig_1, start=58912, stop=59520, strand=-, nt=[GTGAAAAAGC..TCAGCTATAG]
12:43:13.942 - INFO - CDS - seq=contig_1, start=59672, stop=60727, strand=+, nt=[GTGATAGAAA..TGTAATCTAG]
12:43:13.942 - INFO - CDS - seq=contig_1, start=60697, stop=61764, strand=+, nt=[GTGTATTGCG..CGGCGACTGA]
12:43:13.942 - INFO - CDS - seq=contig_1, start=61834, stop=62889, strand=-, nt=[ATGATGGAAA..TGATCTCTAA]
12:43:13.942 - INFO - CDS - seq=contig_1, start=63060, stop=64019, strand=+, nt=[ATGCTCGAGC..TGAAAGTTGA]
12:43:13.942 - INFO - CDS - seq=contig_1, start=64226, stop=64462, strand=+, nt=[ATGAATCAGA..TACTTCATGA]
12:43:13.942 - INFO - CDS - seq=contig_1, start=64459, stop=66240, strand=+, nt=[ATGAGTATCC..AATTCGCTAG]
12:43:13.942 - INFO - CDS - seq=contig_1, start=66252, stop=67661, strand=+, nt=[ATGAATACGC..CGGAGGGTAG]
12:43:13.942 - INFO - CDS - seq=contig_1, start=67736, stop=69052, strand=-, nt=[GTGCCGGGCA..AAGCCCCTAG]
12:43:13.942 - INFO - CDS - seq=contig_1, start=69269, stop=69739, strand=-, nt=[ATGAAGATTA..GAGTGAGTAG]
12:43:13.942 - INFO - CDS - seq=contig_1, start=69845, stop=70144, strand=-, nt=[ATGGCAGAAG..GACCGAGTAG]
12:43:13.942 - INFO - CDS - seq=contig_1, start=70261, stop=70791, strand=-, nt=[ATGGCAGACG..TCCATTTTAG]
12:43:13.942 - INFO - CDS - seq=contig_1, start=70800, stop=71081, strand=-, nt=[ATGAGGACCT..CGATTCCTGA]
12:43:13.942 - INFO - CDS - seq=contig_1, start=71364, stop=71798, strand=+, nt=[GTGCAGAATT..TGAGCATTAG]
12:43:13.942 - INFO - CDS - seq=contig_1, start=71854, stop=72399, strand=+, nt=[GTGAGGATTA..TCTTGCGTAG]
12:43:13.942 - INFO - CDS - seq=contig_1, start=72453, stop=72758, strand=+, nt=[GTGCTTGAGA..TCTTATATAA]
12:43:13.942 - INFO - CDS - seq=contig_1, start=72779, stop=73927, strand=+, nt=[ATGGGGCTTA..TGCATCGTAG]
12:43:13.942 - INFO - CDS - seq=contig_1, start=74108, stop=75130, strand=+, nt=[ATGGAGTGGT..CGGCGTGTAA]
12:43:13.942 - INFO - CDS - seq=contig_1, start=75186, stop=75569, strand=-, nt=[ATGAAGGTAC..ACTTTCCTGA]
12:43:13.942 - INFO - CDS - seq=contig_1, start=75566, stop=75952, strand=-, nt=[ATGTTACCGT..TTTTCTATGA]
12:43:13.942 - INFO - CDS - seq=contig_1, start=76003, stop=78639, strand=-, nt=[ATGAACACAG..AACATCCTGA]
12:43:13.942 - INFO - CDS - seq=contig_1, start=78843, stop=79115, strand=+, nt=[ATGGAAAAAA..GTTTCGCTAG]
12:43:13.942 - INFO - CDS - seq=contig_1, start=79185, stop=80675, strand=-, nt=[ATGTGTGATA..AACCGCCTAG]
12:43:13.942 - INFO - CDS - seq=contig_1, start=81031, stop=82440, strand=+, nt=[ATGTGCTTTG..TGTGCCGTAA]
12:43:13.942 - INFO - CDS - seq=contig_1, start=82570, stop=83448, strand=+, nt=[ATGAGCAAAC..GGCGCGGTGA]
12:43:13.942 - INFO - CDS - seq=contig_1, start=83488, stop=84318, strand=+, nt=[ATGAACATGA..AAAGGGATAA]
12:43:13.942 - INFO - CDS - seq=contig_1, start=84465, stop=85967, strand=+, nt=[GTGAGAGAGA..CGAGGCATAG]
12:43:13.942 - INFO - CDS - seq=contig_1, start=85972, stop=87210, strand=+, nt=[ATGGAAGGTA..ATATATATGA]
12:43:13.942 - INFO - CDS - seq=contig_1, start=87207, stop=89360, strand=+, nt=[ATGAGCGTGT..TTCTCTATGA]
12:43:13.942 - INFO - CDS - seq=contig_1, start=89357, stop=89824, strand=+, nt=[ATGAATATTC..GTTTTCCTAA]
12:43:13.942 - INFO - CDS - seq=contig_1, start=89831, stop=90679, strand=+, nt=[ATGCGTCTGT..CTTAAGATGA]
12:43:13.942 - INFO - CDS - seq=contig_1, start=90726, stop=92312, strand=-, nt=[ATGAACTGTT..CGGTCTTTAG]
12:43:13.942 - INFO - CDS - seq=contig_1, start=92463, stop=94457, strand=+, nt=[ATGAGTGTTC..CCTCCGTTAG]
12:43:13.942 - INFO - CDS - seq=contig_1, start=94537, stop=94770, strand=-, nt=[ATGGTTGTCA..CTTCTCCTGA]
12:43:13.942 - INFO - CDS - seq=contig_1, start=94881, stop=95327, strand=-, nt=[ATGAATTTGG..CACCGAGTAG]
12:43:13.942 - INFO - CDS - seq=contig_1, start=95444, stop=96352, strand=+, nt=[ATGGGGTTCG..TCTGTCTTAG]
12:43:13.942 - INFO - CDS - seq=contig_1, start=96355, stop=96741, strand=-, nt=[GTGCCGGTGG..GCGCCATTAA]
12:43:13.942 - INFO - CDS - seq=contig_1, start=96878, stop=97492, strand=-, nt=[ATGAATTATG..AGGCTTTTGA]
12:43:13.942 - INFO - CDS - seq=contig_1, start=97522, stop=98757, strand=-, nt=[TTGTTACAGC..CAGGCAGTAG]
12:43:13.942 - INFO - CDS - seq=contig_1, start=98840, stop=99904, strand=-, nt=[ATGTCCGCGC..AGACTCATGA]
12:43:13.942 - INFO - CDS - seq=contig_1, start=100086, stop=101648, strand=+, nt=[ATGGCCTTGC..GCGCGTGTAA]
12:43:13.942 - INFO - CDS - seq=contig_1, start=101668, stop=102207, strand=+, nt=[TTGCATGAGC..CCTGTCCTGA]
12:43:13.942 - INFO - CDS - seq=contig_1, start=102191, stop=102838, strand=+, nt=[ATGCGTACCT..TTCCCCATAA]
12:43:13.942 - INFO - CDS - seq=contig_1, start=102976, stop=103986, strand=+, nt=[ATGACCTTCG..TGGACGCTAA]
12:43:13.942 - INFO - CDS - seq=contig_1, start=103986, stop=105932, strand=+, nt=[ATGACGTCCA..CCGGGCCTAG]
12:43:13.942 - INFO - CDS - seq=contig_1, start=106006, stop=106368, strand=-, nt=[GTGGATCAGT..TGCCTTTTAG]
12:43:13.942 - INFO - CDS - seq=contig_1, start=106538, stop=106756, strand=+, nt=[GTGACGAAAG..TGAGCGTTAG]
12:43:13.942 - INFO - CDS - seq=contig_1, start=106809, stop=107465, strand=-, nt=[ATGAGCGAGC..TGAAGGATGA]
12:43:13.942 - INFO - CDS - seq=contig_1, start=107469, stop=108224, strand=-, nt=[ATGGTCACCG..CATTGGGTAA]
12:43:13.942 - INFO - CDS - seq=contig_1, start=108419, stop=109021, strand=+, nt=[ATGAGTTACT..GCGTGACTAG]
12:43:13.942 - INFO - CDS - seq=contig_1, start=109014, stop=109808, strand=+, nt=[GTGACTAGTG..GGGGGTTTGA]
12:43:13.942 - INFO - CDS - seq=contig_1, start=109846, stop=111819, strand=-, nt=[ATGCTCTCTA..ATTTACGTGA]
12:43:13.942 - INFO - CDS - seq=contig_1, start=111884, stop=112579, strand=+, nt=[GTGGGTAATA..GATGACGTGA]
12:43:13.942 - INFO - CDS - seq=contig_1, start=112603, stop=113247, strand=+, nt=[GTGGATGAAC..GCGCCACTGA]
12:43:13.942 - INFO - CDS - seq=contig_1, start=113295, stop=113705, strand=+, nt=[ATGCGTGCAG..TGCACGTTAA]
12:43:13.942 - INFO - CDS - seq=contig_1, start=113952, stop=115580, strand=+, nt=[ATGAAAAGGT..TCTTAAATAG]
12:43:13.942 - INFO - CDS - seq=contig_1, start=115746, stop=118739, strand=+, nt=[ATGCAAGAGA..TTTTCATTAG]
12:43:13.942 - INFO - CDS - seq=contig_1, start=118771, stop=120303, strand=-, nt=[ATGCAGAAAG..AACCTCATAA]
12:43:13.942 - INFO - CDS - seq=contig_1, start=120284, stop=122095, strand=-, nt=[GTGAGGCGTC..AAAAATGTGA]
12:43:13.942 - INFO - CDS - seq=contig_1, start=122215, stop=123600, strand=-, nt=[ATGGCACATC..TATTATCTAG]
12:43:13.942 - INFO - CDS - seq=contig_1, start=123702, stop=124580, strand=-, nt=[ATGGTTATTT..CGCTCAATGA]
12:43:13.942 - INFO - CDS - seq=contig_1, start=125142, stop=126854, strand=+, nt=[ATGAACGAAC..GCACCTGTGA]
12:43:13.942 - INFO - CDS - seq=contig_1, start=126914, stop=128341, strand=+, nt=[ATGCAGCAGC..TTCTTCTTAA]
12:43:13.942 - INFO - CDS - seq=contig_1, start=128338, stop=129690, strand=-, nt=[ATGTATCTTA..TAAAAATTAA]
12:43:13.942 - INFO - CDS - seq=contig_1, start=129832, stop=130818, strand=+, nt=[ATGCGAATAC..CGAGGAGTAG]
12:43:13.942 - INFO - CDS - seq=contig_1, start=130823, stop=131818, strand=+, nt=[ATGAGGAAAC..CCAGCACTGA]
12:43:13.942 - INFO - CDS - seq=contig_1, start=131843, stop=132652, strand=-, nt=[ATGCTCAAGT..CTTCCACTGA]
12:43:13.942 - INFO - CDS - seq=contig_1, start=132777, stop=134810, strand=+, nt=[ATGGTAATAA..CGGGGTTTGA]
12:43:13.942 - INFO - CDS - seq=contig_1, start=134842, stop=136089, strand=-, nt=[GTGGACATCG..GACATGGTAA]
12:43:13.942 - INFO - CDS - seq=contig_1, start=136043, stop=136633, strand=-, nt=[GTGGGCAGGC..CCTGGGATAG]
12:43:13.942 - INFO - CDS - seq=contig_1, start=136712, stop=137977, strand=-, nt=[ATGTTCGCGG..GAGTGTGTAG]
12:43:13.942 - INFO - CDS - seq=contig_1, start=138075, stop=138734, strand=-, nt=[ATGGCGAACC..GCGCAGGTAG]
12:43:13.942 - INFO - CDS - seq=contig_1, start=138734, stop=139543, strand=-, nt=[ATGGTCAGAC..ACACTGGTAA]
12:43:13.942 - INFO - CDS - seq=contig_1, start=139666, stop=140742, strand=+, nt=[GTGGTCCGTG..CCCGTTCTGA]
12:43:13.942 - INFO - CDS - seq=contig_1, start=140962, stop=142818, strand=-, nt=[ATGGAACTTC..TATGTGTTAG]
12:43:13.942 - INFO - CDS - seq=contig_1, start=142951, stop=145494, strand=+, nt=[ATGAGCGGTG..ACTCATTTAA]
12:43:13.942 - INFO - CDS - seq=contig_1, start=145508, stop=146614, strand=+, nt=[ATGGCGGTCA..CAATGTGTGA]
12:43:13.942 - INFO - CDS - seq=contig_1, start=146691, stop=147485, strand=+, nt=[ATGCGGCCCG..CGCGGACTAA]
12:43:13.942 - INFO - CDS - seq=contig_1, start=147549, stop=148220, strand=-, nt=[ATGAAACAAT..CCACCTCTGA]
12:43:13.942 - INFO - CDS - seq=contig_1, start=148274, stop=148912, strand=-, nt=[TTGTGGGTAT..GGGGGGGTAG]
12:43:13.943 - INFO - CDS - seq=contig_1, start=148994, stop=149263, strand=+, nt=[GTGTTTGACT..AGAAGTCTAA]
12:43:13.943 - INFO - CDS - seq=contig_1, start=149141, stop=149749, strand=-, nt=[TTGTTCGGCT..TGGGGCATAA]
12:43:13.943 - INFO - CDS - seq=contig_1, start=150054, stop=150722, strand=+, nt=[ATGGATATGT..CTGCGTGTAG]
12:43:13.943 - INFO - CDS - seq=contig_1, start=151493, stop=151960, strand=-, nt=[ATGGCCATGA..TCGGGGCTAA]
12:43:13.943 - INFO - CDS - seq=contig_1, start=152668, stop=153915, strand=-, nt=[GTGGACATCG..GACATGGTAA]
12:43:13.943 - INFO - CDS - seq=contig_1, start=153869, stop=154459, strand=-, nt=[GTGGGCAGGC..CCTGGGATAG]
12:43:13.943 - INFO - CDS - seq=contig_1, start=154699, stop=155961, strand=-, nt=[ATGTGCAAAC..TCGCGAATGA]
12:43:13.943 - INFO - CDS - seq=contig_1, start=156148, stop=156879, strand=+, nt=[GTGGGTTGCC..TCACCTCTGA]
12:43:13.943 - INFO - CDS - seq=contig_1, start=157336, stop=158505, strand=+, nt=[ATGGATACGC..TCGCGAGTAA]
12:43:13.943 - INFO - CDS - seq=contig_1, start=158920, stop=159600, strand=-, nt=[ATGCTCTTGA..CCTCGCGTGA]
12:43:13.943 - INFO - CDS - seq=contig_1, start=159665, stop=160357, strand=-, nt=[ATGGCAGTGA..CCAAATCTGA]
12:43:13.943 - INFO - CDS - seq=contig_1, start=160397, stop=162115, strand=-, nt=[ATGCATATTG..CATTGGTTGA]
12:43:13.943 - INFO - CDS - seq=contig_1, start=162295, stop=162828, strand=+, nt=[ATGTCTGTGC..ATGTGAATGA]
12:43:13.943 - INFO - CDS - seq=contig_1, start=162779, stop=163441, strand=-, nt=[ATGGATAATA..AAATGCTTGA]
12:43:13.943 - INFO - CDS - seq=contig_1, start=163434, stop=165176, strand=-, nt=[ATGACCACGC..CTATGGATAA]
12:43:13.943 - INFO - CDS - seq=contig_1, start=165173, stop=166180, strand=-, nt=[ATGGCTCACC..AACCCCATGA]
12:43:13.943 - INFO - CDS - seq=contig_1, start=166290, stop=168260, strand=+, nt=[ATGAGTGTGT..CTTTTCCTAG]
12:43:13.943 - INFO - CDS - seq=contig_1, start=168600, stop=168767, strand=+, nt=[ATGCTTCCGC..CTGGGGGTAG]
12:43:13.943 - INFO - CDS - seq=contig_1, start=168767, stop=169066, strand=+, nt=[GTGACACCCT..ACGCGTATGA]
12:43:13.943 - INFO - CDS - seq=contig_1, start=169063, stop=169374, strand=+, nt=[ATGAACTTGT..CACAGCGTGA]
12:43:13.943 - INFO - CDS - seq=contig_1, start=169371, stop=169640, strand=+, nt=[GTGATACTTA..TGGTAATTGA]
12:43:13.943 - INFO - CDS - seq=contig_1, start=169650, stop=171509, strand=-, nt=[ATGAAAAAAG..GAAAAGGTAA]
12:43:13.943 - INFO - CDS - seq=contig_1, start=171506, stop=172081, strand=-, nt=[GTGACAATGG..CCGATTATGA]
12:43:13.943 - INFO - CDS - seq=contig_1, start=172081, stop=172671, strand=-, nt=[ATGAGTAAGT..GAGTGAATAG]
12:43:13.943 - INFO - CDS - seq=contig_1, start=172664, stop=173131, strand=-, nt=[ATGACGTACA..ATATGAGTAA]
12:43:13.943 - INFO - CDS - seq=contig_1, start=173115, stop=174134, strand=-, nt=[ATGCACACCG..ACAACACTAA]
12:43:13.943 - INFO - CDS - seq=contig_1, start=174121, stop=175605, strand=-, nt=[ATGATAGAGC..ACACCGCTGA]
12:43:13.943 - INFO - CDS - seq=contig_1, start=175741, stop=176232, strand=-, nt=[ATGGACGGTG..GAGCCCTTGA]
12:43:13.943 - INFO - CDS - seq=contig_1, start=176394, stop=177494, strand=+, nt=[ATGAAAGTAG..TGAAGGATAG]
12:43:13.943 - INFO - CDS - seq=contig_1, start=177500, stop=178615, strand=+, nt=[GTGAGCGTGT..CCGTCCGTAG]
12:43:13.943 - INFO - CDS - seq=contig_1, start=178657, stop=179061, strand=-, nt=[GTGAATTTTT..GGATTACTAG]
12:43:13.943 - INFO - CDS - seq=contig_1, start=179058, stop=179960, strand=-, nt=[GTGAGTATAC..GCTATCGTGA]
12:43:13.943 - INFO - CDS - seq=contig_1, start=179957, stop=180622, strand=-, nt=[GTGATTAGAC..CAATCAGTGA]
12:43:13.943 - INFO - CDS - seq=contig_1, start=180647, stop=181675, strand=-, nt=[GTGTACATAA..AAAAAACTAA]
12:43:13.943 - INFO - CDS - seq=contig_1, start=181791, stop=183650, strand=-, nt=[GTGAAGATGT..AAGTTCGTAA]
12:43:13.943 - INFO - CDS - seq=contig_1, start=183756, stop=184808, strand=-, nt=[ATGGATCACA..GCTTCTTTAG]
12:43:13.943 - INFO - CDS - seq=contig_1, start=184984, stop=185910, strand=+, nt=[TTGATACGTG..GGCTCGCTAG]
12:43:13.943 - INFO - CDS - seq=contig_1, start=186058, stop=186858, strand=+, nt=[ATGGCAGAGA..TGTTCTCTGA]
12:43:13.943 - INFO - CDS - seq=contig_1, start=186830, stop=187726, strand=+, nt=[ATGCACGCGC..GGAGGGGTAG]
12:43:13.943 - INFO - CDS - seq=contig_1, start=187730, stop=188833, strand=+, nt=[ATGACCATGG..ATCCGTGTAG]
12:43:13.943 - INFO - CDS - seq=contig_1, start=188843, stop=189304, strand=+, nt=[ATGTCGTTAG..AGGTGTATGA]
12:43:13.943 - INFO - CDS - seq=contig_1, start=189384, stop=190139, strand=+, nt=[ATGAAGCTTG..GAGTAACTAA]
12:43:13.943 - INFO - CDS - seq=contig_1, start=190458, stop=191267, strand=+, nt=[GTGACGGTCG..CGTGGTGTAA]
12:43:13.943 - INFO - CDS - seq=contig_1, start=191366, stop=191794, strand=+, nt=[ATGGTGAAAA..TAGCAGGTAG]
12:43:13.943 - INFO - CDS - seq=contig_1, start=191784, stop=193151, strand=-, nt=[GTGCGCGCCT..TACCTGCTAA]
12:43:13.943 - INFO - CDS - seq=contig_1, start=193159, stop=194679, strand=-, nt=[ATGACTAATG..CAATGAGTAG]
12:43:13.943 - INFO - CDS - seq=contig_1, start=194676, stop=196004, strand=-, nt=[GTGGTAATAA..CAACATATGA]
12:43:13.943 - INFO - CDS - seq=contig_1, start=196079, stop=197005, strand=-, nt=[ATGGGTCTTA..GTGTCGCTGA]
12:43:13.943 - INFO - CDS - seq=contig_1, start=197005, stop=198888, strand=-, nt=[ATGACACAGG..GATTTCCTAA]
12:43:13.943 - INFO - CDS - seq=contig_1, start=198981, stop=199424, strand=+, nt=[ATGCGCGTTT..TAAAACATGA]
12:43:13.943 - INFO - CDS - seq=contig_1, start=199405, stop=200043, strand=+, nt=[GTGCGTATTT..TAAAGAATGA]
12:43:13.943 - INFO - CDS - seq=contig_1, start=200046, stop=200891, strand=-, nt=[ATGGAAAAAG..CCGCAACTGA]
12:43:13.943 - INFO - CDS - seq=contig_1, start=200896, stop=201360, strand=-, nt=[ATGAGGGGCA..ACACCACTAG]
12:43:13.943 - INFO - CDS - seq=contig_1, start=201448, stop=202155, strand=+, nt=[ATGTTTGCGC..TGTCTTGTAG]
12:43:13.943 - INFO - CDS - seq=contig_1, start=202174, stop=203391, strand=+, nt=[GTGGTGCGTG..GCGCACGTGA]
12:43:13.943 - INFO - CDS - seq=contig_1, start=203755, stop=204942, strand=+, nt=[ATGGCCAAGG..TTTGTTGTAG]
12:43:13.943 - INFO - CDS - seq=contig_1, start=205014, stop=205322, strand=+, nt=[ATGGCCAGGG..AAAGCAGTGA]
12:43:13.943 - INFO - CDS - seq=contig_1, start=205369, stop=205995, strand=+, nt=[ATGGTTGGTT..TGAAAGATAG]
12:43:13.943 - INFO - CDS - seq=contig_1, start=205985, stop=206659, strand=+, nt=[GTGAAAGATA..AACATACTGA]
12:43:13.943 - INFO - CDS - seq=contig_1, start=206646, stop=206930, strand=+, nt=[ATGGAACATA..GCGTGCATAG]
12:43:13.943 - INFO - CDS - seq=contig_1, start=206986, stop=207807, strand=+, nt=[ATGGCGTTGA..GAGAAAGTAA]
12:43:13.943 - INFO - CDS - seq=contig_1, start=207817, stop=208104, strand=+, nt=[ATGTCTAGGT..GGGAAGGTAG]
12:43:13.943 - INFO - CDS - seq=contig_1, start=208113, stop=208487, strand=+, nt=[ATGACTGAGC..AAAAGGTTAG]
12:43:13.943 - INFO - CDS - seq=contig_1, start=208471, stop=209214, strand=+, nt=[ATGGGTCAAA..GAGAGGTTGA]
12:43:13.943 - INFO - CDS - seq=contig_1, start=209218, stop=209637, strand=+, nt=[ATGGCGCTTA..GGAAATTTAG]
12:43:13.943 - INFO - CDS - seq=contig_1, start=209652, stop=209870, strand=+, nt=[ATGGGTCGGG..TCGGGAGTGA]
12:43:13.943 - INFO - CDS - seq=contig_1, start=209870, stop=210139, strand=+, nt=[ATGGAGCAGT..AGCGAAGTAA]
12:43:13.943 - INFO - CDS - seq=contig_1, start=210152, stop=210520, strand=+, nt=[ATGATTCAGG..GGTTTTGTGA]
12:43:13.943 - INFO - CDS - seq=contig_1, start=210532, stop=210843, strand=+, nt=[ATGGGGAAGA..GGTGCTATGA]
12:43:13.943 - INFO - CDS - seq=contig_1, start=210840, stop=211397, strand=+, nt=[ATGACCGATC..TAGAAAATAA]
12:43:13.943 - INFO - CDS - seq=contig_1, start=211610, stop=212008, strand=+, nt=[ATGGGTGTTT..AGTTTGGTAG]
12:43:13.943 - INFO - CDS - seq=contig_1, start=212018, stop=212557, strand=+, nt=[GTGTCAAGAA..GGTAAAGTAG]
12:43:13.943 - INFO - CDS - seq=contig_1, start=212566, stop=212928, strand=+, nt=[ATGCTAAGGA..TAGGTTCTAG]
12:43:13.943 - INFO - CDS - seq=contig_1, start=212937, stop=213455, strand=+, nt=[ATGGATCGTC..GTGGGGGTAG]
12:43:13.943 - INFO - CDS - seq=contig_1, start=213458, stop=213643, strand=+, nt=[ATGACAAAGA..GTTAGGTTAG]
12:43:13.943 - INFO - CDS - seq=contig_1, start=213643, stop=214104, strand=+, nt=[GTGGCGGATT..GGAACGATGA]
12:43:13.943 - INFO - CDS - seq=contig_1, start=214112, stop=215431, strand=+, nt=[ATGAAACAGG..CAGTTTGTAG]
12:43:13.943 - INFO - CDS - seq=contig_1, start=215470, stop=215583, strand=+, nt=[ATGAAGGTAA..TCAGGGCTAA]
12:43:13.943 - INFO - CDS - seq=contig_1, start=215599, stop=215964, strand=+, nt=[ATGGCGCGTA..GAAAAAGTAA]
12:43:13.944 - INFO - CDS - seq=contig_1, start=215983, stop=216363, strand=+, nt=[GTGGCGGTCA..CCGCATCTGA]
12:43:13.944 - INFO - CDS - seq=contig_1, start=216378, stop=217433, strand=+, nt=[ATGCCTCGTA..TGAGGCATAG]
12:43:13.944 - INFO - CDS - seq=contig_1, start=217423, stop=217917, strand=+, nt=[ATGAGGCATA..GGAAGAATAG]
12:43:13.944 - INFO - CDS - seq=contig_1, start=217941, stop=218138, strand=+, nt=[ATGTCAAAGG..TGGAGCTTGA]
12:43:13.944 - INFO - CDS - seq=contig_1, start=218323, stop=219006, strand=+, nt=[ATGGCAAAAA..TTCGGAGTGA]
12:43:13.944 - INFO - CDS - seq=contig_1, start=219122, stop=221029, strand=+, nt=[ATGGGGAAGA..TTCGAAGTAG]
12:43:13.944 - INFO - CDS - seq=contig_1, start=221198, stop=222400, strand=+, nt=[GTGCCGGTTT..TCTCAAGTAG]
12:43:13.944 - INFO - CDS - seq=contig_1, start=222577, stop=224046, strand=+, nt=[GTGATTCGCA..GAAGAGGTAG]
12:43:13.944 - INFO - CDS - seq=contig_1, start=224050, stop=226197, strand=+, nt=[ATGGGGTTAC..GCCTCGGTAG]
12:43:13.944 - INFO - CDS - seq=contig_1, start=226226, stop=226384, strand=+, nt=[ATGGATAATA..TCTGGCGTGA]
12:43:13.944 - INFO - CDS - seq=contig_1, start=226381, stop=226557, strand=+, nt=[GTGACGGCTA..GTTGGACTAA]
12:43:13.944 - INFO - CDS - seq=contig_1, start=226544, stop=227341, strand=+, nt=[ATGAGTTGGA..ATCGTCGTGA]
12:43:13.944 - INFO - CDS - seq=contig_1, start=227351, stop=227797, strand=+, nt=[ATGTGGAAGC..GGTGAAGTGA]
12:43:13.944 - INFO - CDS - seq=contig_1, start=227934, stop=229373, strand=+, nt=[ATGGACCTCT..ACGGTCTTAG]
12:43:13.944 - INFO - CDS - seq=contig_1, start=229563, stop=230303, strand=+, nt=[GTGCCAAAAC..CGAGTTCTAA]
12:43:13.944 - INFO - CDS - seq=contig_1, start=230347, stop=230454, strand=+, nt=[ATGGGTAGAG..GACAGGTTGA]
12:43:13.944 - INFO - CDS - seq=contig_1, start=235466, stop=236152, strand=-, nt=[ATGTTTTTCT..AAGCGAGTGA]
12:43:13.944 - INFO - CDS - seq=contig_1, start=236205, stop=236972, strand=-, nt=[ATGAGCGCAG..TTGGATCTAG]
12:43:13.944 - INFO - CDS - seq=contig_1, start=237039, stop=237617, strand=-, nt=[ATGCACCGTA..TCATGGTTGA]
12:43:13.944 - INFO - CDS - seq=contig_1, start=237819, stop=238631, strand=+, nt=[ATGTACGCAG..GCCAATATAA]
12:43:13.944 - INFO - CDS - seq=contig_1, start=238636, stop=240609, strand=+, nt=[ATGGCGCCGT..TGTGCTGTAG]
12:43:13.944 - INFO - CDS - seq=contig_1, start=240710, stop=241360, strand=+, nt=[GTGGCACTGC..TGCGCTATGA]
12:43:13.944 - INFO - CDS - seq=contig_1, start=241607, stop=242152, strand=+, nt=[ATGGGTACTG..TCTCGGTTAG]
12:43:13.944 - INFO - CDS - seq=contig_1, start=242215, stop=242376, strand=+, nt=[TTGATGTGTG..GTGGATGTGA]
12:43:13.944 - INFO - CDS - seq=contig_1, start=242388, stop=242558, strand=+, nt=[ATGGCAAAGA..GATAAAGTAG]
12:43:13.944 - INFO - CDS - seq=contig_1, start=242708, stop=242887, strand=+, nt=[ATGTTGAAGT..CTTCTTCTGA]
12:43:13.944 - INFO - CDS - seq=contig_1, start=242897, stop=243454, strand=+, nt=[ATGGCGAAAG..GGCGCTCTGA]
12:43:13.944 - INFO - CDS - seq=contig_1, start=243561, stop=244001, strand=+, nt=[ATGGCAGCGA..TTCATTATGA]
12:43:13.944 - INFO - CDS - seq=contig_1, start=243998, stop=244678, strand=+, nt=[ATGAAGAGGG..AGAGGAGTAG]
12:43:13.944 - INFO - CDS - seq=contig_1, start=244680, stop=245222, strand=+, nt=[ATGGCAGTAC..TTCGTCCTAG]
12:43:13.944 - INFO - CDS - seq=contig_1, start=245331, stop=245720, strand=+, nt=[ATGGCGGCGT..GATTTCCTAG]
12:43:13.944 - INFO - CDS - seq=contig_1, start=245984, stop=249520, strand=+, nt=[ATGTCAGCAC..TAAATTTTAA]
12:43:13.944 - INFO - CDS - seq=contig_1, start=249533, stop=253783, strand=+, nt=[ATGAAGGATA..CGAAGCGTGA]
12:43:13.944 - INFO - CDS - seq=contig_1, start=253886, stop=254260, strand=+, nt=[ATGCCAACAA..TCGGGCGTAG]
12:43:13.944 - INFO - CDS - seq=contig_1, start=254282, stop=254752, strand=+, nt=[ATGGGGCGGA..TCGCTGGTAG]
12:43:13.944 - INFO - CDS - seq=contig_1, start=254886, stop=258209, strand=+, nt=[GTGGGGGGGC..CAATGAATGA]
12:43:13.944 - INFO - CDS - seq=contig_1, start=258196, stop=260148, strand=+, nt=[ATGACAATGA..GGTATGGTAG]
12:43:13.944 - INFO - CDS - seq=contig_1, start=260241, stop=261272, strand=+, nt=[ATGAAGTTTT..ACCCTTATGA]
12:43:13.944 - INFO - CDS - seq=contig_1, start=261269, stop=261742, strand=+, nt=[ATGATAGGGG..TGATGGGTAG]
12:43:13.944 - INFO - CDS - seq=contig_1, start=261821, stop=262873, strand=+, nt=[ATGAAGAAAG..GCAGCAGTAG]
12:43:13.944 - INFO - CDS - seq=contig_1, start=262986, stop=263273, strand=+, nt=[ATGGGTAGGA..GCGCGTTTGA]
12:43:13.944 - INFO - CDS - seq=contig_1, start=263305, stop=263622, strand=+, nt=[GTGAAGAGAG..TGCGGATTGA]
12:43:13.944 - INFO - CDS - seq=contig_1, start=263612, stop=265252, strand=+, nt=[GTGCGGATTG..GTGGCGTTGA]
12:43:13.944 - INFO - CDS - seq=contig_1, start=265243, stop=265656, strand=+, nt=[GTGGCGTTGA..GCGTCGTTAG]
12:43:13.944 - INFO - CDS - seq=contig_1, start=265893, stop=267452, strand=+, nt=[ATGAAAGATT..CTCCTCCTGA]
12:43:13.944 - INFO - CDS - seq=contig_1, start=267571, stop=267774, strand=+, nt=[ATGAAAAAGG..TCGAGGCTAG]
12:43:13.944 - INFO - CDS - seq=contig_1, start=267819, stop=268469, strand=+, nt=[ATGAGGCTTT..ATGGGATTAA]
12:43:13.944 - INFO - CDS - seq=contig_1, start=268566, stop=269636, strand=+, nt=[ATGCGGGGAA..CCGCTATTGA]
12:43:13.944 - INFO - CDS - seq=contig_1, start=269703, stop=270413, strand=-, nt=[GTGCTCTCTT..CACCTACTGA]
12:43:13.944 - INFO - CDS - seq=contig_1, start=270492, stop=271094, strand=+, nt=[ATGTATCTTG..GCCGCGCTAG]
12:43:13.944 - INFO - CDS - seq=contig_1, start=271225, stop=272505, strand=-, nt=[GTGCCCTTTC..CCAACCCTAA]
12:43:13.944 - INFO - CDS - seq=contig_1, start=272734, stop=273729, strand=+, nt=[GTGCCAAAAG..GCATGGCTGA]
12:43:13.944 - INFO - CDS - seq=contig_1, start=273722, stop=274381, strand=+, nt=[ATGGCTGATG..CTTAGGCTGA]
12:43:13.944 - INFO - CDS - seq=contig_1, start=274572, stop=276179, strand=+, nt=[ATGGGTGCGC..GGGAGGATAG]
12:43:13.944 - INFO - CDS - seq=contig_1, start=276184, stop=276840, strand=+, nt=[ATGGAACTCA..TGCCTCCTAG]
12:43:13.944 - INFO - CDS - seq=contig_1, start=277272, stop=278639, strand=-, nt=[GTGATACATA..GGATAACTGA]
12:43:13.944 - INFO - CDS - seq=contig_1, start=278709, stop=278798, strand=+, nt=[ATGCGGGTGG..CGCGGAGTGA]
12:43:13.944 - INFO - CDS - seq=contig_1, start=278744, stop=278851, strand=+, nt=[ATGGGTAGAG..GACAGGTTGA]
12:43:13.944 - INFO - CDS - seq=contig_1, start=283897, stop=284262, strand=+, nt=[GTGGCTTCGG..ATCGGGTTGA]
12:43:13.944 - INFO - CDS - seq=contig_1, start=284292, stop=284912, strand=+, nt=[TTGGTCGCTA..CCGTAGGTAG]
12:43:13.944 - INFO - CDS - seq=contig_1, start=284922, stop=286370, strand=+, nt=[GTGTTTTCCG..CCTCTTGTGA]
12:43:13.944 - INFO - CDS - seq=contig_1, start=286354, stop=287880, strand=+, nt=[GTGCTATCCT..GCAGAATTAG]
12:43:13.944 - INFO - CDS - seq=contig_1, start=287877, stop=288851, strand=-, nt=[ATGGGCAAAG..GGCGCACTAA]
12:43:13.944 - INFO - CDS - seq=contig_1, start=288838, stop=289599, strand=-, nt=[ATGGGTAAAA..GCAAAGATAA]
12:43:13.944 - INFO - CDS - seq=contig_1, start=289732, stop=290523, strand=+, nt=[GTGCTATCTT..GAAATCGTAA]
12:43:13.944 - INFO - CDS - seq=contig_1, start=290561, stop=291061, strand=-, nt=[ATGGGACAAC..CCCCTCATAG]
12:43:13.944 - INFO - CDS - seq=contig_1, start=291150, stop=291899, strand=-, nt=[ATGGAACAAA..CACGAAGTGA]
12:43:13.944 - INFO - CDS - seq=contig_1, start=291878, stop=292762, strand=-, nt=[GTGGTGTTGT..CAGCTGGTAA]
12:43:13.944 - INFO - CDS - seq=contig_1, start=292932, stop=294278, strand=-, nt=[ATGCAGACGG..GGTATCTTGA]
12:43:13.944 - INFO - CDS - seq=contig_1, start=294534, stop=297182, strand=+, nt=[GTGACTTCCG..TGGAAAGTGA]
12:43:13.944 - INFO - CDS - seq=contig_1, start=297445, stop=298164, strand=+, nt=[ATGCGTGAGC..AGCACAGTAG]
12:43:13.944 - INFO - CDS - seq=contig_1, start=298261, stop=298821, strand=+, nt=[GTGGGTGCGA..GCAGGCGTGA]
12:43:13.944 - INFO - CDS - seq=contig_1, start=298926, stop=300605, strand=+, nt=[ATGCGTGCCG..TAATTTTTAA]
12:43:13.944 - INFO - CDS - seq=contig_1, start=300568, stop=301533, strand=+, nt=[GTGGGCAGTG..ACCACGTTAA]
12:43:13.944 - INFO - CDS - seq=contig_1, start=301533, stop=304106, strand=+, nt=[ATGGAACAGG..GAGTAAGTGA]
12:43:13.944 - INFO - CDS - seq=contig_1, start=304161, stop=304994, strand=+, nt=[ATGTCAGGCG..GGTAGAGTAA]
12:43:13.944 - INFO - CDS - seq=contig_1, start=305031, stop=305912, strand=+, nt=[ATGGTGCGTT..GTGTGTATGA]
12:43:13.944 - INFO - CDS - seq=contig_1, start=305939, stop=307156, strand=+, nt=[ATGCTGTGTG..AAGTAAGTAA]
12:43:13.944 - INFO - CDS - seq=contig_1, start=307322, stop=308587, strand=+, nt=[ATGAGATGTT..GCGCGCATAG]
12:43:13.944 - INFO - CDS - seq=contig_1, start=308606, stop=309850, strand=+, nt=[ATGGGTTCGG..ACAGGGGTAG]
12:43:13.944 - INFO - CDS - seq=contig_1, start=309936, stop=310571, strand=+, nt=[GTGCGCGGGT..AGGCGAGTAA]
12:43:13.944 - INFO - CDS - seq=contig_1, start=310574, stop=311347, strand=+, nt=[ATGGAACAGA..GAAAAACTAG]
12:43:13.944 - INFO - CDS - seq=contig_1, start=311480, stop=312511, strand=+, nt=[ATGAACGGTG..GGTGCGTTGA]
12:43:13.944 - INFO - CDS - seq=contig_1, start=312511, stop=314268, strand=+, nt=[ATGATAGCTG..TCATACGTGA]
12:43:13.944 - INFO - CDS - seq=contig_1, start=314265, stop=315398, strand=+, nt=[GTGAAACGGG..ATGGGAGTGA]
12:43:13.944 - INFO - CDS - seq=contig_1, start=315389, stop=316330, strand=+, nt=[ATGGGAGTGA..GTGCGCTTGA]
12:43:13.945 - INFO - CDS - seq=contig_1, start=316317, stop=318263, strand=-, nt=[GTGGCGTGTG..GCGCACGTAA]
12:43:13.945 - INFO - CDS - seq=contig_1, start=318276, stop=321203, strand=-, nt=[ATGGGCCCCG..GGCCTCGTAG]
12:43:13.945 - INFO - CDS - seq=contig_1, start=321274, stop=323052, strand=+, nt=[GTGCTCCCTT..TCGTTCTTGA]
12:43:13.945 - INFO - CDS - seq=contig_1, start=323217, stop=323831, strand=+, nt=[ATGGCAGTGA..CTCGCGGTAG]
12:43:13.945 - INFO - CDS - seq=contig_1, start=323917, stop=324945, strand=+, nt=[ATGGATGATG..AGGTTCCTAG]
12:43:13.945 - INFO - CDS - seq=contig_1, start=324920, stop=325885, strand=+, nt=[GTGCATTGCC..GATAGAATAA]
12:43:13.945 - INFO - CDS - seq=contig_1, start=325951, stop=326769, strand=+, nt=[ATGCTCTGGT..CGACCGCTAA]
12:43:13.945 - INFO - CDS - seq=contig_1, start=326792, stop=327154, strand=+, nt=[GTGGATCCGT..ACGCGGTTGA]
12:43:13.945 - INFO - CDS - seq=contig_1, start=327227, stop=328240, strand=+, nt=[ATGAGTTCAC..GCGCGGGTAG]
12:43:13.945 - INFO - CDS - seq=contig_1, start=328419, stop=328715, strand=-, nt=[GTGCAGCGTC..AGCCAGTTAG]
12:43:13.945 - INFO - CDS - seq=contig_1, start=328858, stop=330600, strand=+, nt=[TTGGGTATCG..CTCCTGGTAG]
12:43:13.945 - INFO - CDS - seq=contig_1, start=331116, stop=331583, strand=+, nt=[GTGGTTGAGG..GATGAACTAA]
12:43:13.945 - INFO - CDS - seq=contig_1, start=331602, stop=331748, strand=+, nt=[GTGCCTGCGC..GGGTGCGTAG]
12:43:13.945 - INFO - CDS - seq=contig_1, start=331824, stop=333425, strand=+, nt=[ATGCCATACG..ACAGGGGTGA]
12:43:13.945 - INFO - CDS - seq=contig_1, start=333422, stop=334537, strand=+, nt=[GTGATTGCGC..GCGCGTATGA]
12:43:13.945 - INFO - CDS - seq=contig_1, start=334534, stop=335484, strand=+, nt=[ATGAACACGT..GAGGTATTAA]
12:43:13.945 - INFO - CDS - seq=contig_1, start=335588, stop=339994, strand=+, nt=[GTGGCTGTGC..TGCGTATTGA]
12:43:13.945 - INFO - CDS - seq=contig_1, start=340024, stop=342510, strand=+, nt=[ATGCTCAAAA..TAATTTGTAG]
12:43:13.945 - INFO - CDS - seq=contig_1, start=342567, stop=343085, strand=+, nt=[ATGAAAGCGG..CAGCTCGTGA]
12:43:13.945 - INFO - CDS - seq=contig_1, start=343141, stop=345843, strand=+, nt=[GTGAGGTCCC..GAAGGGGTAA]
12:43:13.945 - INFO - CDS - seq=contig_1, start=345961, stop=347502, strand=+, nt=[GTGAATAATT..AGGGACTTGA]
12:43:13.945 - INFO - CDS - seq=contig_1, start=347658, stop=349454, strand=-, nt=[GTGCATTCGG..AGAAAAATAA]
12:43:13.945 - INFO - CDS - seq=contig_1, start=349684, stop=351150, strand=-, nt=[ATGGGCGCAG..CTCGATATAG]
12:43:13.945 - INFO - CDS - seq=contig_1, start=351329, stop=352021, strand=+, nt=[ATGAGAAGAC..TGCTGATTGA]
12:43:13.945 - INFO - CDS - seq=contig_1, start=352046, stop=353263, strand=+, nt=[ATGCCAGATA..AGTAGACTAG]
12:43:13.945 - INFO - CDS - seq=contig_1, start=353260, stop=353724, strand=-, nt=[ATGCACTCCT..CGCGCGCTAG]
12:43:13.945 - INFO - CDS - seq=contig_1, start=353729, stop=355342, strand=+, nt=[GTGGAACAGT..CGAATTATAA]
12:43:13.945 - INFO - CDS - seq=contig_1, start=355323, stop=356180, strand=+, nt=[ATGTGTTGCC..GCTACTGTAG]
12:43:13.945 - INFO - CDS - seq=contig_1, start=356198, stop=356686, strand=+, nt=[ATGGCGCGTG..TAGCATGTGA]
12:43:13.945 - INFO - CDS - seq=contig_1, start=356698, stop=357693, strand=+, nt=[GTGTCGTATT..GGGTAGGTAG]
12:43:13.945 - INFO - CDS - seq=contig_1, start=357679, stop=359151, strand=-, nt=[ATGTCAGACC..TACCCGATAA]
12:43:13.945 - INFO - CDS - seq=contig_1, start=359170, stop=360615, strand=+, nt=[ATGGAGCGGG..GGAGGTGTAA]
12:43:13.945 - INFO - CDS - seq=contig_1, start=360736, stop=361296, strand=+, nt=[GTGAGTAATC..AGCTTGGTAG]
12:43:13.945 - INFO - CDS - seq=contig_1, start=361290, stop=362123, strand=+, nt=[TTGGTAGGGC..CGCTGATTGA]
12:43:13.945 - INFO - CDS - seq=contig_1, start=362128, stop=365574, strand=-, nt=[ATGCACGCTC..TGAGTCATAA]
12:43:13.945 - INFO - CDS - seq=contig_1, start=365703, stop=366794, strand=+, nt=[ATGGGGTTAA..ACTGCGGTAG]
12:43:13.945 - INFO - CDS - seq=contig_1, start=366957, stop=367652, strand=+, nt=[ATGGTGCCGG..CAAGGTGTGA]
12:43:13.945 - INFO - CDS - seq=contig_1, start=367754, stop=368464, strand=+, nt=[ATGAACGGAA..TCGAATATAG]
12:43:13.945 - INFO - CDS - seq=contig_1, start=368484, stop=369599, strand=-, nt=[GTGCGGAGCA..GCGCCGCTAA]
12:43:13.945 - INFO - CDS - seq=contig_1, start=369578, stop=370108, strand=-, nt=[ATGAAAATCG..CTGCCACTAG]
12:43:13.945 - INFO - CDS - seq=contig_1, start=370321, stop=371607, strand=+, nt=[ATGGTAGAGG..GCGTCCGTGA]
12:43:13.945 - INFO - CDS - seq=contig_1, start=371604, stop=372494, strand=+, nt=[GTGATCCGTG..TGTTTCTTAG]
12:43:13.945 - INFO - CDS - seq=contig_1, start=372626, stop=372883, strand=+, nt=[ATGCGAGAAA..CCCGTACTAG]
12:43:13.945 - INFO - CDS - seq=contig_1, start=372880, stop=373389, strand=-, nt=[ATGAACGCGC..CCGTCCCTAG]
12:43:13.945 - INFO - CDS - seq=contig_1, start=373653, stop=374279, strand=+, nt=[ATGAATATTC..TCTAAAATAG]
12:43:13.945 - INFO - CDS - seq=contig_1, start=374355, stop=374645, strand=+, nt=[GTGCTCGGTA..AGGCTATTGA]
12:43:13.945 - INFO - CDS - seq=contig_1, start=374881, stop=375150, strand=+, nt=[ATGTCCGCAA..TAAGAATTAG]
12:43:13.945 - INFO - CDS - seq=contig_1, start=375176, stop=375283, strand=+, nt=[GTGGCGCATG..TTCCTGTTAG]
12:43:13.945 - INFO - CDS - seq=contig_1, start=375333, stop=375992, strand=+, nt=[ATGGATGAGG..CTTTTGGTGA]
12:43:13.945 - INFO - CDS - seq=contig_1, start=375997, stop=377577, strand=-, nt=[ATGAAGAAAA..AAAGAAATGA]
12:43:13.945 - INFO - CDS - seq=contig_1, start=377589, stop=378224, strand=-, nt=[GTGGCGCTCA..GTGCTCATAA]
12:43:13.945 - INFO - CDS - seq=contig_1, start=378441, stop=378611, strand=+, nt=[ATGGCTGGTG..CTTTAACTAG]
12:43:13.945 - INFO - CDS - seq=contig_1, start=378608, stop=379411, strand=-, nt=[ATGTGCGGAA..AGACTCCTAG]
12:43:13.945 - INFO - CDS - seq=contig_1, start=379532, stop=379768, strand=+, nt=[ATGGCAAGAA..CAAGCTCTGA]
12:43:13.945 - INFO - CDS - seq=contig_1, start=380266, stop=382698, strand=+, nt=[ATGAGCGATT..GGTGTGGTAG]
12:43:13.945 - INFO - CDS - seq=contig_1, start=382725, stop=384059, strand=+, nt=[ATGATAGAGC..CAAGGAATAA]
12:43:13.945 - INFO - CDS - seq=contig_1, start=384081, stop=384545, strand=+, nt=[ATGCGTGTAG..CAAAGTATAA]
12:43:13.945 - INFO - CDS - seq=contig_1, start=384558, stop=384992, strand=+, nt=[ATGATTTCCA..ACTAAAGTGA]
12:43:13.945 - INFO - CDS - seq=contig_1, start=385296, stop=388121, strand=+, nt=[GTGCTCTTCC..AGCCATTTGA]
12:43:13.945 - INFO - CDS - seq=contig_1, start=388121, stop=388456, strand=+, nt=[ATGCGTCTGC..AGTACCGTGA]
12:43:13.945 - INFO - CDS - seq=contig_1, start=388453, stop=389991, strand=+, nt=[GTGAGTGTGT..GATTTCTTAG]
12:43:13.945 - INFO - CDS - seq=contig_1, start=390059, stop=390322, strand=-, nt=[ATGAACGAGA..TGACGAATAG]
12:43:13.945 - INFO - CDS - seq=contig_1, start=390533, stop=391369, strand=+, nt=[ATGCATCTGT..ATGTAGGTAG]
12:43:13.945 - INFO - CDS - seq=contig_1, start=391344, stop=392081, strand=+, nt=[GTGTGCGTGT..GACCGGCTAG]
12:43:13.945 - INFO - CDS - seq=contig_1, start=392141, stop=393574, strand=+, nt=[GTGAGTGAGT..TCATGAGTAA]
12:43:13.945 - INFO - CDS - seq=contig_1, start=393567, stop=395885, strand=+, nt=[ATGAGTAAGG..GAAGGAGTAG]
12:43:13.945 - INFO - CDS - seq=contig_1, start=395926, stop=396285, strand=-, nt=[ATGTTGTATA..CAAATCGTGA]
12:43:13.945 - INFO - CDS - seq=contig_1, start=396569, stop=397465, strand=-, nt=[GTGAAGACAA..AGGCATATGA]
12:43:13.945 - INFO - CDS - seq=contig_1, start=397553, stop=398047, strand=+, nt=[GTGCTACAAT..TCTGTTCTGA]
12:43:13.945 - INFO - CDS - seq=contig_1, start=398122, stop=400872, strand=-, nt=[ATGCTCGTAC..TGGCCGCTGA]
12:43:13.945 - INFO - CDS - seq=contig_1, start=400976, stop=402796, strand=-, nt=[GTGACTTCTG..ACACGAATAA]
12:43:13.945 - INFO - CDS - seq=contig_1, start=402936, stop=403652, strand=-, nt=[ATGCCGGGTG..CGTCATTTAG]
12:43:13.945 - INFO - CDS - seq=contig_1, start=403882, stop=404331, strand=+, nt=[GTGGAGGATA..TTGTCTGTGA]
12:43:13.945 - INFO - CDS - seq=contig_1, start=404328, stop=405467, strand=+, nt=[GTGAGTCTTT..GAAACGGTAG]
12:43:13.945 - INFO - CDS - seq=contig_1, start=405480, stop=405854, strand=+, nt=[ATGCGTGAGA..TGAGTTTTGA]
12:43:13.945 - INFO - CDS - seq=contig_1, start=405838, stop=407217, strand=+, nt=[ATGCTTCTGA..AGAGCGATGA]
12:43:13.945 - INFO - CDS - seq=contig_1, start=407214, stop=408368, strand=+, nt=[ATGAGACCGA..TTTTGTGTAG]
12:43:13.945 - INFO - CDS - seq=contig_1, start=408346, stop=409161, strand=+, nt=[GTGAAGAAAC..GTATCGCTAG]
12:43:13.945 - INFO - CDS - seq=contig_1, start=409174, stop=410418, strand=+, nt=[ATGGGTGAGG..CTTGTTTTAA]
12:43:13.945 - INFO - CDS - seq=contig_1, start=410467, stop=411720, strand=+, nt=[ATGAATATAG..GGGTCTGTGA]
12:43:13.945 - INFO - CDS - seq=contig_1, start=411717, stop=412637, strand=+, nt=[GTGAAAGACG..TGAAAACTAG]
12:43:13.945 - INFO - CDS - seq=contig_1, start=412627, stop=413379, strand=+, nt=[ATGAAAACTA..CCGTGGATGA]
12:43:13.945 - INFO - CDS - seq=contig_1, start=413376, stop=414284, strand=+, nt=[ATGAACACGG..TCGGACGTAG]
12:43:13.946 - INFO - CDS - seq=contig_1, start=414317, stop=416512, strand=+, nt=[ATGGAAGTGC..TTATGAGTAA]
12:43:13.946 - INFO - CDS - seq=contig_1, start=416505, stop=417398, strand=+, nt=[ATGAGTAATG..GCGTGGATAG]
12:43:13.946 - INFO - CDS - seq=contig_1, start=417546, stop=417956, strand=+, nt=[GTGAATAGTT..GTTACGTTAA]
12:43:13.946 - INFO - CDS - seq=contig_1, start=417974, stop=418429, strand=+, nt=[ATGGGTTTGT..TGCGCGCTAG]
12:43:13.946 - INFO - CDS - seq=contig_1, start=418485, stop=418859, strand=+, nt=[ATGACGCCAG..TGCTCGGTAA]
12:43:13.946 - INFO - CDS - seq=contig_1, start=418976, stop=420679, strand=+, nt=[GTGAGCGAAT..GGAGGAGTAG]
12:43:13.946 - INFO - CDS - seq=contig_1, start=420684, stop=421742, strand=+, nt=[ATGGCCGTTA..GATTGTGTAA]
12:43:13.946 - INFO - CDS - seq=contig_1, start=421790, stop=422719, strand=+, nt=[ATGCCAAAGA..GGGTTCTTGA]
12:43:13.946 - INFO - CDS - seq=contig_1, start=422747, stop=424090, strand=+, nt=[ATGGAAGCAG..AGGTGTGTGA]
12:43:13.946 - INFO - CDS - seq=contig_1, start=424119, stop=424571, strand=+, nt=[GTGAAAAGGT..CAAGCATTAA]
12:43:13.946 - INFO - CDS - seq=contig_1, start=424568, stop=425101, strand=-, nt=[ATGAAAGTTT..CAGCCGTTAA]
12:43:13.946 - INFO - CDS - seq=contig_1, start=425323, stop=425565, strand=+, nt=[ATGTGCGAAG..TGTGTGTTGA]
12:43:13.946 - INFO - CDS - seq=contig_1, start=425555, stop=426544, strand=+, nt=[ATGTGTGTTG..GGACGTATGA]
12:43:13.946 - INFO - CDS - seq=contig_1, start=426672, stop=427328, strand=+, nt=[GTGGCCTTTG..GATAGCATGA]
12:43:13.946 - INFO - CDS - seq=contig_1, start=427424, stop=430678, strand=+, nt=[ATGGAGTACT..TTCGTTTTGA]
12:43:13.946 - INFO - CDS - seq=contig_1, start=430796, stop=431173, strand=+, nt=[ATGCCCCATC..CGCCAGGTGA]
12:43:13.946 - INFO - CDS - seq=contig_1, start=431170, stop=432921, strand=+, nt=[GTGAGTAAGA..TCGCGTATGA]
12:43:13.946 - INFO - CDS - seq=contig_1, start=432918, stop=434180, strand=+, nt=[ATGAGACAGG..CGGACTCTGA]
12:43:13.946 - INFO - CDS - seq=contig_1, start=434256, stop=434561, strand=-, nt=[ATGGGGATAC..GAAGAAATAG]
12:43:13.946 - INFO - CDS - seq=contig_1, start=434580, stop=436478, strand=-, nt=[ATGTCCCTGC..GACTTCATAA]
12:43:13.946 - INFO - CDS - seq=contig_1, start=436536, stop=437936, strand=+, nt=[ATGAAATCAG..GGAAGGGTAG]
12:43:13.946 - INFO - CDS - seq=contig_1, start=437836, stop=438417, strand=-, nt=[ATGGATGGCC..AGCCCATTGA]
12:43:13.946 - INFO - CDS - seq=contig_1, start=438398, stop=439759, strand=-, nt=[ATGTTTGAGC..ACATCGCTAG]
12:43:13.946 - INFO - CDS - seq=contig_1, start=439752, stop=441431, strand=-, nt=[ATGCTTTGCA..ACATGTTTGA]
12:43:13.946 - INFO - CDS - seq=contig_1, start=441485, stop=442651, strand=+, nt=[ATGATGCTGC..GGTGTTATGA]
12:43:13.946 - INFO - CDS - seq=contig_1, start=442648, stop=443400, strand=+, nt=[ATGAGGATAC..TGCGTTCTAG]
12:43:13.946 - INFO - CDS - seq=contig_1, start=443585, stop=445603, strand=+, nt=[GTGGGGTGCG..GCTTGAGTGA]
12:43:13.946 - INFO - CDS - seq=contig_1, start=445644, stop=446612, strand=+, nt=[GTGCGTCTGT..GGACTTTTAG]
12:43:13.946 - INFO - CDS - seq=contig_1, start=446637, stop=447443, strand=+, nt=[ATGCGCGTAT..CCAGCAGTAG]
12:43:13.946 - INFO - CDS - seq=contig_1, start=447569, stop=448183, strand=+, nt=[GTGGAGATTC..GGAGCTGTGA]
12:43:13.946 - INFO - CDS - seq=contig_1, start=448183, stop=448728, strand=+, nt=[ATGTCTTCCC..ATATACATGA]
12:43:13.946 - INFO - CDS - seq=contig_1, start=448725, stop=450494, strand=+, nt=[ATGACGCAAA..GATGGAGTAG]
12:43:13.946 - INFO - CDS - seq=contig_1, start=450498, stop=451790, strand=+, nt=[ATGTACAAGG..GCCCGCGTAG]
12:43:13.946 - INFO - CDS - seq=contig_1, start=451802, stop=452422, strand=+, nt=[ATGGCGGTGC..TACACGGTGA]
12:43:13.946 - INFO - CDS - seq=contig_1, start=452419, stop=454287, strand=+, nt=[GTGATAGTTC..GGAGCGTTAG]
12:43:13.946 - INFO - CDS - seq=contig_1, start=454324, stop=454746, strand=+, nt=[ATGAATTTTG..CAACTGCTAG]
12:43:13.946 - INFO - CDS - seq=contig_1, start=454780, stop=455601, strand=+, nt=[ATGCTTTTGA..GGGGAATTGA]
12:43:13.946 - INFO - CDS - seq=contig_1, start=455662, stop=456195, strand=+, nt=[GTGGGGAAGC..TCAGTTATAG]
12:43:13.946 - INFO - CDS - seq=contig_1, start=456250, stop=458409, strand=+, nt=[ATGATTAAAC..GGCGCGATGA]
12:43:13.946 - INFO - CDS - seq=contig_1, start=458507, stop=458977, strand=-, nt=[ATGAAAGGAT..AAAGAAATAG]
12:43:13.946 - INFO - CDS - seq=contig_1, start=459109, stop=460191, strand=-, nt=[ATGTTCAGTT..GCGCTCCTAA]
12:43:13.946 - INFO - CDS - seq=contig_1, start=460157, stop=460621, strand=-, nt=[ATGAAATTTT..CTCTTCCTAA]
12:43:13.946 - INFO - CDS - seq=contig_1, start=460762, stop=461526, strand=+, nt=[ATGCGCATTT..TCGTGCCTAG]
12:43:13.946 - INFO - CDS - seq=contig_1, start=461652, stop=462125, strand=+, nt=[ATGGCGGTAA..GAACCTCTAG]
12:43:13.946 - INFO - CDS - seq=contig_1, start=462215, stop=463366, strand=+, nt=[ATGGACGCGG..ACTGCCGTGA]
12:43:13.946 - INFO - CDS - seq=contig_1, start=463420, stop=464280, strand=+, nt=[GTGTTGCTTA..CGATGATTGA]
12:43:13.946 - INFO - CDS - seq=contig_1, start=464273, stop=465994, strand=+, nt=[ATGATTGAGC..CGGTGACTGA]
12:43:13.946 - INFO - CDS - seq=contig_1, start=465987, stop=466790, strand=+, nt=[GTGACTGAGG..CGACAAGTAG]
12:43:13.946 - INFO - CDS - seq=contig_1, start=466796, stop=467824, strand=+, nt=[GTGCGTGCTC..TGGTTTTTAG]
12:43:13.946 - INFO - CDS - seq=contig_1, start=467960, stop=468589, strand=+, nt=[GTGAGCGTAC..GGCCCGGTGA]
12:43:13.946 - INFO - CDS - seq=contig_1, start=468586, stop=469845, strand=+, nt=[GTGAATCAGA..AAGTTTATGA]
12:43:13.946 - INFO - CDS - seq=contig_1, start=469842, stop=470966, strand=+, nt=[ATGAATAACC..CACGCTGTAA]
12:43:13.946 - INFO - CDS - seq=contig_1, start=471024, stop=472106, strand=+, nt=[ATGGAAGGGC..TTCTCGCTGA]
12:43:13.946 - INFO - CDS - seq=contig_1, start=472110, stop=472700, strand=+, nt=[ATGAACGGTA..CGATTTGTGA]
12:43:13.946 - INFO - CDS - seq=contig_1, start=472792, stop=474888, strand=+, nt=[GTGCGCTGTT..ATGTGCATAA]
12:43:13.946 - INFO - CDS - seq=contig_1, start=475338, stop=478613, strand=+, nt=[ATGTATACGC..TAAGGCGTAG]
12:43:13.946 - INFO - CDS - seq=contig_1, start=478657, stop=479463, strand=+, nt=[ATGCTATTTG..AAGCTCGTAA]
12:43:13.946 - INFO - CDS - seq=contig_1, start=479479, stop=479829, strand=+, nt=[ATGCCCGCAA..GTACCTGTGA]
12:43:13.946 - INFO - CDS - seq=contig_1, start=479813, stop=480499, strand=-, nt=[ATGAAGGCAC..TACCACATAG]
12:43:13.946 - INFO - CDS - seq=contig_1, start=480499, stop=481473, strand=-, nt=[ATGAAGCTAA..AACAGAATGA]
12:43:13.946 - INFO - CDS - seq=contig_1, start=481560, stop=482876, strand=-, nt=[ATGAACACGC..AGGAACATAA]
12:43:13.946 - INFO - CDS - seq=contig_1, start=483028, stop=484725, strand=+, nt=[ATGAGCTGTC..TAATCCGTAA]
12:43:13.946 - INFO - CDS - seq=contig_1, start=484816, stop=485394, strand=+, nt=[ATGGACCAAG..TACCCGTTAA]
12:43:13.946 - INFO - CDS - seq=contig_1, start=485357, stop=486208, strand=+, nt=[ATGAAGAAGA..TGCGCGATAG]
12:43:13.946 - INFO - CDS - seq=contig_1, start=486338, stop=486958, strand=+, nt=[GTGAATCAGT..GTACCCGTAG]
12:43:13.946 - INFO - CDS - seq=contig_1, start=487019, stop=487375, strand=+, nt=[ATGGAAGGCA..GTGCCTGTGA]
12:43:13.946 - INFO - CDS - seq=contig_1, start=487427, stop=488695, strand=+, nt=[ATGGAAAGGA..TCGGGAGTAG]
12:43:13.946 - INFO - CDS - seq=contig_1, start=488754, stop=489506, strand=-, nt=[ATGACAAACG..CAAAGCGTAA]
12:43:13.946 - INFO - CDS - seq=contig_1, start=489503, stop=490300, strand=-, nt=[ATGGTTCTCG..AGCGCCATGA]
12:43:13.946 - INFO - CDS - seq=contig_1, start=490305, stop=491375, strand=-, nt=[ATGAAATTAA..TGCGTTTTAA]
12:43:13.946 - INFO - CDS - seq=contig_1, start=491683, stop=493635, strand=-, nt=[TTGAATAATG..CTCTTTGTAG]
12:43:13.946 - INFO - CDS - seq=contig_1, start=493628, stop=494785, strand=-, nt=[ATGTGCAAAA..CCTTGAATAA]
12:43:13.946 - INFO - CDS - seq=contig_1, start=494813, stop=496186, strand=+, nt=[ATGGGCGGCA..GTCGTCGTAG]
12:43:13.946 - INFO - CDS - seq=contig_1, start=496199, stop=498274, strand=-, nt=[GTGCGTCCTT..AACAGACTAA]
12:43:13.946 - INFO - CDS - seq=contig_1, start=498349, stop=498975, strand=-, nt=[GTGGAAATAT..TGTTTGTTAG]
12:43:13.946 - INFO - CDS - seq=contig_1, start=499058, stop=499795, strand=-, nt=[ATGTCTGGAC..TGTGCTGTAA]
12:43:13.946 - INFO - CDS - seq=contig_1, start=499936, stop=501543, strand=-, nt=[GTGAATTGGA..GACGTGCTAG]
12:43:13.946 - INFO - CDS - seq=contig_1, start=501607, stop=502953, strand=-, nt=[ATGATTATCC..TGATACATAG]
12:43:13.946 - INFO - CDS - seq=contig_1, start=503042, stop=503746, strand=-, nt=[ATGAAGAAGC..ATCCGCGTAA]
12:43:13.946 - INFO - CDS - seq=contig_1, start=503807, stop=505354, strand=-, nt=[ATGGGGAAAA..CCGACTCTAG]
12:43:13.946 - INFO - CDS - seq=contig_1, start=505426, stop=506031, strand=-, nt=[ATGGGTATAC..CCGCATTTAG]
12:43:13.947 - INFO - CDS - seq=contig_1, start=506213, stop=506701, strand=+, nt=[GTGATTCGCG..CAAAAGGTAA]
12:43:13.947 - INFO - CDS - seq=contig_1, start=506733, stop=508982, strand=+, nt=[ATGAGCGATG..CTTTTTCTAG]
12:43:13.947 - INFO - CDS - seq=contig_1, start=509049, stop=510173, strand=-, nt=[ATGAGTATCA..TCATAACTGA]
12:43:13.947 - INFO - CDS - seq=contig_1, start=510160, stop=512082, strand=-, nt=[ATGAAGTTAT..GTATCATTAG]
12:43:13.947 - INFO - CDS - seq=contig_1, start=512069, stop=513913, strand=-, nt=[ATGAGCAGAA..AGTTATCTAA]
12:43:13.947 - INFO - CDS - seq=contig_1, start=513910, stop=515505, strand=-, nt=[ATGAAGAACG..CAGAACATGA]
12:43:13.947 - INFO - CDS - seq=contig_1, start=515594, stop=517615, strand=-, nt=[GTGGGTAAAA..GCTACGCTGA]
12:43:13.947 - INFO - CDS - seq=contig_1, start=517694, stop=520003, strand=+, nt=[ATGTGCCTGC..CAAGGTATAG]
12:43:13.947 - INFO - CDS - seq=contig_1, start=520463, stop=521431, strand=+, nt=[GTGCGTGTGC..CTTTGTATGA]
12:43:13.947 - INFO - CDS - seq=contig_1, start=521428, stop=521616, strand=+, nt=[ATGAGTGAGG..AGAGCGCTAG]
12:43:13.947 - INFO - CDS - seq=contig_1, start=521623, stop=522678, strand=+, nt=[GTGAGTATCC..GGGAATGTAG]
12:43:13.947 - INFO - CDS - seq=contig_1, start=522682, stop=524499, strand=+, nt=[GTGGCTCGGA..GAGGAAATGA]
12:43:13.947 - INFO - CDS - seq=contig_1, start=524499, stop=526331, strand=+, nt=[ATGGAGCTGT..TGACAGTTAG]
12:43:13.947 - INFO - CDS - seq=contig_1, start=526341, stop=527162, strand=+, nt=[ATGGTTCCTG..AGAGATATAG]
12:43:13.947 - INFO - CDS - seq=contig_1, start=527537, stop=528481, strand=+, nt=[ATGGAATTTC..CCTGAAATAG]
12:43:13.947 - INFO - CDS - seq=contig_1, start=528494, stop=529528, strand=+, nt=[ATGTTTTTTT..GAATTCATGA]
12:43:13.947 - INFO - CDS - seq=contig_1, start=529533, stop=530396, strand=+, nt=[GTGGAAAAGG..GCACGGATGA]
12:43:13.947 - INFO - CDS - seq=contig_1, start=530393, stop=530899, strand=+, nt=[ATGATACGGC..TTCTTCGTAG]
12:43:13.947 - INFO - CDS - seq=contig_1, start=530900, stop=532774, strand=+, nt=[ATGCGTTACT..GCAGGAATGA]
12:43:13.947 - INFO - CDS - seq=contig_1, start=532771, stop=534072, strand=+, nt=[ATGAGGATTC..GCAGTTGTAA]
12:43:13.947 - INFO - CDS - seq=contig_1, start=534098, stop=534994, strand=+, nt=[ATGAAGGTGG..GGGCGTGTAG]
12:43:13.947 - INFO - CDS - seq=contig_1, start=534994, stop=535536, strand=+, nt=[GTGAGGAGCG..ACTCCCCTAG]
12:43:13.947 - INFO - CDS - seq=contig_1, start=535667, stop=537001, strand=-, nt=[ATGGATCAGC..CAGTTCGTAG]
12:43:13.947 - INFO - CDS - seq=contig_1, start=537286, stop=537723, strand=+, nt=[GTGGGACGCG..TTCTTCCTAA]
12:43:13.947 - INFO - CDS - seq=contig_1, start=537736, stop=539064, strand=+, nt=[GTGGAACTTC..CCGTGCGTGA]
12:43:13.947 - INFO - CDS - seq=contig_1, start=539057, stop=539668, strand=+, nt=[GTGCGTGAAC..TCAGGTCTAA]
12:43:13.947 - INFO - CDS - seq=contig_1, start=539655, stop=540902, strand=+, nt=[ATGCTCAGGT..TACTGCGTGA]
12:43:13.947 - INFO - CDS - seq=contig_1, start=540999, stop=541565, strand=+, nt=[ATGGAGAGTC..TAAGATTTAG]
12:43:13.947 - INFO - CDS - seq=contig_1, start=541746, stop=543554, strand=-, nt=[ATGGCTTGCG..CGACGCCTAA]
12:43:13.947 - INFO - CDS - seq=contig_1, start=543620, stop=544231, strand=+, nt=[GTGGTGGAGT..GCCCGGGTGA]
12:43:13.947 - INFO - CDS - seq=contig_1, start=544228, stop=545475, strand=+, nt=[GTGACCCGCG..AAAGATATGA]
12:43:13.947 - INFO - CDS - seq=contig_1, start=545495, stop=546949, strand=+, nt=[GTGTTCTGCG..AACGGTGTAA]
12:43:13.947 - INFO - CDS - seq=contig_1, start=547015, stop=549945, strand=+, nt=[ATGGACGGGG..AAAGACATGA]
12:43:13.947 - INFO - CDS - seq=contig_1, start=549942, stop=552917, strand=+, nt=[ATGAGAGCAT..TGGTATCTAG]
12:43:13.947 - INFO - CDS - seq=contig_1, start=552931, stop=554511, strand=-, nt=[ATGAAAAGCA..TTGCCGGTAA]
12:43:13.947 - INFO - CDS - seq=contig_1, start=554508, stop=555098, strand=-, nt=[GTGCACGCAC..TAAGAGATGA]
12:43:13.947 - INFO - CDS - seq=contig_1, start=555080, stop=555772, strand=-, nt=[ATGAAACGTG..CAGAACGTAG]
12:43:13.947 - INFO - CDS - seq=contig_1, start=555769, stop=557145, strand=-, nt=[ATGAAATTCA..AAAATCATGA]
12:43:13.947 - INFO - CDS - seq=contig_1, start=557155, stop=558345, strand=-, nt=[ATGAGAGATT..TAAAGAATAA]
12:43:13.947 - INFO - CDS - seq=contig_1, start=558342, stop=559613, strand=-, nt=[GTGTTCGAGA..TCATCTATGA]
12:43:13.947 - INFO - CDS - seq=contig_1, start=559624, stop=560103, strand=-, nt=[GTGACAATCA..GAAGATGTAG]
12:43:13.947 - INFO - CDS - seq=contig_1, start=560100, stop=561254, strand=-, nt=[ATGCGCTTTC..GGGGATGTGA]
12:43:13.947 - INFO - CDS - seq=contig_1, start=561258, stop=563903, strand=-, nt=[ATGGCGAAGG..TACAGGCTGA]
12:43:13.947 - INFO - CDS - seq=contig_1, start=564039, stop=564602, strand=+, nt=[ATGATTAGAG..CAATGACTAG]
12:43:13.947 - INFO - CDS - seq=contig_1, start=564750, stop=566756, strand=+, nt=[ATGTTCAGTT..CCTGAGGTAG]
12:43:13.947 - INFO - CDS - seq=contig_1, start=566804, stop=567433, strand=-, nt=[GTGAAAACAC..CACCCTTTAG]
12:43:13.947 - INFO - CDS - seq=contig_1, start=567528, stop=568970, strand=-, nt=[ATGAAGGGAG..GGACGCGTAA]
12:43:13.947 - INFO - CDS - seq=contig_1, start=568967, stop=570784, strand=-, nt=[GTGATCAAAG..AGTCGAATGA]
12:43:13.947 - INFO - CDS - seq=contig_1, start=570781, stop=571407, strand=-, nt=[ATGGAAGAGC..GGTAGCGTGA]
12:43:13.947 - INFO - CDS - seq=contig_1, start=571413, stop=571730, strand=-, nt=[GTGACGTATT..AAAGGTATAG]
12:43:13.947 - INFO - CDS - seq=contig_1, start=571752, stop=572048, strand=-, nt=[ATGGGTTGGA..CTTGCTTTGA]
12:43:13.947 - INFO - CDS - seq=contig_1, start=572050, stop=573735, strand=-, nt=[ATGTTTAGAT..GGAGGATTAG]
12:43:13.947 - INFO - CDS - seq=contig_1, start=573728, stop=574753, strand=-, nt=[GTGGCTGTGG..TTATGTTTAG]
12:43:13.947 - INFO - CDS - seq=contig_1, start=574757, stop=575041, strand=-, nt=[ATGGTCCGCC..TTTTGGGTAG]
12:43:13.947 - INFO - CDS - seq=contig_1, start=575098, stop=575508, strand=-, nt=[GTGCTGAGCG..ACGGGAGTAG]
12:43:13.947 - INFO - CDS - seq=contig_1, start=575663, stop=576412, strand=-, nt=[ATGCGCGGCT..CAGCGTGTAG]
12:43:13.947 - INFO - CDS - seq=contig_1, start=576563, stop=577819, strand=-, nt=[ATGCTGAGGA..TGAAACATAG]
12:43:13.947 - INFO - CDS - seq=contig_1, start=578295, stop=578660, strand=+, nt=[ATGGAGTTGA..CTCCCTGTAG]
12:43:13.947 - INFO - CDS - seq=contig_1, start=578790, stop=579749, strand=+, nt=[ATGGTAACGG..TCTGTACTAG]
12:43:13.947 - INFO - CDS - seq=contig_1, start=579746, stop=581467, strand=-, nt=[ATGAGTATTT..GTCATCCTAG]
12:43:13.947 - INFO - CDS - seq=contig_1, start=581526, stop=582209, strand=-, nt=[ATGTTCGAAA..TGCAGAGTGA]
12:43:13.947 - INFO - CDS - seq=contig_1, start=582251, stop=584125, strand=-, nt=[ATGAGCGGTA..GTCATGGTAG]
12:43:13.947 - INFO - CDS - seq=contig_1, start=584150, stop=585214, strand=-, nt=[ATGAAAGGTA..CCTGCGCTGA]
12:43:13.947 - INFO - CDS - seq=contig_1, start=585275, stop=586990, strand=-, nt=[GTGAAAACCG..CTTTTTCTAA]
12:43:13.947 - INFO - CDS - seq=contig_1, start=586987, stop=588048, strand=-, nt=[ATGGCGGTGC..CGTGCGGTGA]
12:43:13.947 - INFO - CDS - seq=contig_1, start=588257, stop=589534, strand=+, nt=[ATGCGTCAGA..TCTCAACTAG]
12:43:13.947 - INFO - CDS - seq=contig_1, start=589684, stop=592128, strand=+, nt=[GTGTTACAGG..AGAAATATAA]
12:43:13.947 - INFO - CDS - seq=contig_1, start=592169, stop=593656, strand=-, nt=[ATGCGCGCAC..GGGAAAGTGA]
12:43:13.947 - INFO - CDS - seq=contig_1, start=593660, stop=594748, strand=-, nt=[ATGGAAGAAT..GGAACGGTAG]
12:43:13.947 - INFO - CDS - seq=contig_1, start=594761, stop=595294, strand=-, nt=[ATGCAGTCCT..GTCAAAGTGA]
12:43:13.947 - INFO - CDS - seq=contig_1, start=595538, stop=596749, strand=+, nt=[ATGGAAAAAC..AAAAAAATAG]
12:43:13.947 - INFO - CDS - seq=contig_1, start=596793, stop=597452, strand=+, nt=[ATGACGCGCG..TTCTTTCTAG]
12:43:13.947 - INFO - CDS - seq=contig_1, start=597526, stop=598707, strand=-, nt=[ATGGCCGGGA..TTGGGCGTGA]
12:43:13.948 - INFO - CDS - seq=contig_1, start=598930, stop=599922, strand=-, nt=[ATGGAAAAAT..CATTCTTTGA]
12:43:13.948 - INFO - CDS - seq=contig_1, start=600027, stop=600740, strand=+, nt=[GTGAAAAAAC..TGCCCCCTAA]
12:43:13.948 - INFO - CDS - seq=contig_1, start=600770, stop=601678, strand=+, nt=[ATGAAGAAAG..ACTCGGTTGA]
12:43:13.948 - INFO - CDS - seq=contig_1, start=601740, stop=602945, strand=+, nt=[GTGGTGAACG..AGGCGAATGA]
12:43:13.948 - INFO - CDS - seq=contig_1, start=602998, stop=604983, strand=-, nt=[ATGACTGAAG..GTTAGCATAA]
12:43:13.948 - INFO - CDS - seq=contig_1, start=605094, stop=605945, strand=-, nt=[ATGTTGCGCA..TTCTTGGTAG]
12:43:13.948 - INFO - CDS - seq=contig_1, start=606116, stop=607252, strand=+, nt=[ATGTTCACGT..GTGTCTATGA]
12:43:13.948 - INFO - CDS - seq=contig_1, start=607249, stop=607656, strand=+, nt=[ATGACCAGCT..CAAGTCATGA]
12:43:13.948 - INFO - CDS - seq=contig_1, start=607653, stop=609689, strand=+, nt=[ATGACTCGGG..GCAAGAATAA]
12:43:13.948 - INFO - CDS - seq=contig_1, start=609571, stop=610788, strand=-, nt=[ATGACAACAG..TCGAACATAG]
12:43:13.948 - INFO - CDS - seq=contig_1, start=610802, stop=612289, strand=-, nt=[ATGTTTTTTT..TAGTTTTTAG]
12:43:13.948 - INFO - CDS - seq=contig_1, start=612321, stop=612941, strand=-, nt=[GTGCGCAGAA..CTTTCCCTAG]
12:43:13.948 - INFO - CDS - seq=contig_1, start=613020, stop=613652, strand=-, nt=[GTGATTACGA..GGTAATGTAG]
12:43:13.948 - INFO - CDS - seq=contig_1, start=613774, stop=616014, strand=-, nt=[GTGGATGGGG..TGCGCTATAG]
12:43:13.948 - INFO - CDS - seq=contig_1, start=616123, stop=616908, strand=-, nt=[GTGCGTGGGT..GAGTCACTAG]
12:43:13.948 - INFO - CDS - seq=contig_1, start=616995, stop=617609, strand=-, nt=[GTGTCTGTGA..TCGGTTTTGA]
12:43:13.948 - INFO - CDS - seq=contig_1, start=617678, stop=618760, strand=-, nt=[ATGTCTGCAT..GCAACCGTAG]
12:43:13.948 - INFO - CDS - seq=contig_1, start=618870, stop=620174, strand=-, nt=[GTGAAAGTGA..GGCCCAGTAG]
12:43:13.948 - INFO - CDS - seq=contig_1, start=620286, stop=622343, strand=+, nt=[ATGCTCAGAT..ATCCCCATAG]
12:43:13.948 - INFO - CDS - seq=contig_1, start=622406, stop=623512, strand=+, nt=[TTGGTCCACA..ACCACAGTGA]
12:43:13.948 - INFO - CDS - seq=contig_1, start=623479, stop=625248, strand=+, nt=[GTGTGCCAGT..AGATTCCTAA]
12:43:13.948 - INFO - CDS - seq=contig_1, start=625261, stop=626142, strand=+, nt=[GTGGGTTTAG..AGAACGATGA]
12:43:13.948 - INFO - CDS - seq=contig_1, start=626139, stop=626915, strand=+, nt=[ATGATTCGGC..CGATGAATAA]
12:43:13.948 - INFO - CDS - seq=contig_1, start=626908, stop=628197, strand=+, nt=[ATGAATAACA..CGATGAATGA]
12:43:13.948 - INFO - CDS - seq=contig_1, start=628190, stop=628870, strand=+, nt=[ATGAATGACC..ACGCATATGA]
12:43:13.948 - INFO - CDS - seq=contig_1, start=628867, stop=630354, strand=+, nt=[ATGAAACAAA..CAAGGTGTGA]
12:43:13.948 - INFO - CDS - seq=contig_1, start=630450, stop=631859, strand=+, nt=[ATGGAAGAAC..CCGTGCGTAG]
12:43:13.948 - INFO - CDS - seq=contig_1, start=631852, stop=633495, strand=+, nt=[GTGCGTAGAA..AGACTCATAG]
12:43:13.948 - INFO - CDS - seq=contig_1, start=633584, stop=636220, strand=+, nt=[ATGGGGTATC..CGTTCTGTAG]
12:43:13.948 - INFO - CDS - seq=contig_1, start=636200, stop=637222, strand=-, nt=[ATGTCCGTCT..AATTTACTAA]
12:43:13.948 - INFO - CDS - seq=contig_1, start=637310, stop=637576, strand=-, nt=[ATGGTCGTAA..GGAAGAGTAA]
12:43:13.948 - INFO - CDS - seq=contig_1, start=637621, stop=638655, strand=-, nt=[GTGGGCTCGT..TACGTACTAG]
12:43:13.948 - INFO - CDS - seq=contig_1, start=639058, stop=639213, strand=-, nt=[ATGGCGGCGG..GGTGATGTAG]
12:43:13.948 - INFO - CDS - seq=contig_1, start=639343, stop=640845, strand=+, nt=[GTGGTCTTTC..GTTGCCATAG]
12:43:13.948 - INFO - CDS - seq=contig_1, start=640896, stop=642815, strand=+, nt=[ATGAAAAGTC..ACTGTACTGA]
12:43:13.948 - INFO - CDS - seq=contig_1, start=642850, stop=643437, strand=-, nt=[ATGAGAAAGG..TTCTGAGTAA]
12:43:13.948 - INFO - CDS - seq=contig_1, start=643540, stop=644175, strand=-, nt=[ATGAGGTTTG..ATCACGGTGA]
12:43:13.948 - INFO - CDS - seq=contig_1, start=644199, stop=645311, strand=-, nt=[ATGTTGGTTC..TTCCCCGTAG]
12:43:13.948 - INFO - CDS - seq=contig_1, start=645419, stop=647539, strand=-, nt=[ATGTTTTTAC..AGATTTTTGA]
12:43:13.948 - INFO - CDS - seq=contig_1, start=647520, stop=648173, strand=-, nt=[ATGCAGTTAC..TGACGCGTAG]
12:43:13.948 - INFO - CDS - seq=contig_1, start=648183, stop=649535, strand=-, nt=[GTGATTAAGA..GTTTCACTAG]
12:43:13.948 - INFO - CDS - seq=contig_1, start=649532, stop=650662, strand=-, nt=[ATGAGTGTGC..AGAGAGGTGA]
12:43:13.948 - INFO - CDS - seq=contig_1, start=650659, stop=651522, strand=-, nt=[ATGAGCGCGG..TGCAGTATGA]
12:43:13.948 - INFO - CDS - seq=contig_1, start=651519, stop=652205, strand=-, nt=[GTGCAGCACG..TTTGGAATGA]
12:43:13.948 - INFO - CDS - seq=contig_1, start=652211, stop=652762, strand=-, nt=[ATGGGTATCG..GGAAGGTTGA]
12:43:13.948 - INFO - CDS - seq=contig_1, start=652866, stop=653738, strand=-, nt=[ATGGAGATTG..GGTACAGTGA]
12:43:13.948 - INFO - CDS - seq=contig_1, start=653829, stop=654704, strand=-, nt=[ATGGCAGTGG..GGGGCGTTAG]
12:43:13.948 - INFO - CDS - seq=contig_1, start=655069, stop=655797, strand=-, nt=[ATGCAGCAGC..CGGCAAGTGA]
12:43:13.948 - INFO - CDS - seq=contig_1, start=656061, stop=657848, strand=+, nt=[ATGTCGTACG..GGACTTTTAG]
12:43:13.948 - INFO - CDS - seq=contig_1, start=657858, stop=659939, strand=+, nt=[ATGAAAGGAG..TAACTGGTAG]
12:43:13.948 - INFO - CDS - seq=contig_1, start=660081, stop=660860, strand=+, nt=[ATGCCCACAC..TCCGGAATAG]
12:43:13.948 - INFO - CDS - seq=contig_1, start=660941, stop=662380, strand=+, nt=[ATGAATACAC..GATCGGCTAA]
12:43:13.948 - INFO - CDS - seq=contig_1, start=662407, stop=663555, strand=+, nt=[ATGAAAAAAA..CAAGGCATGA]
12:43:13.948 - INFO - CDS - seq=contig_1, start=663552, stop=664766, strand=+, nt=[ATGAGCGGCC..ATGCAGCTAG]
12:43:13.948 - INFO - CDS - seq=contig_1, start=664817, stop=665260, strand=+, nt=[ATGAACGCAG..AGACGCGTGA]
12:43:13.948 - INFO - CDS - seq=contig_1, start=665257, stop=666045, strand=+, nt=[GTGAGTGCAC..CTCTTTCTAA]
12:43:13.948 - INFO - CDS - seq=contig_1, start=666071, stop=666343, strand=-, nt=[GTGTGTTCGT..CCGCACCTGA]
12:43:13.948 - INFO - CDS - seq=contig_1, start=666432, stop=666776, strand=-, nt=[ATGGGCAGGA..GGGGGGGTAG]
12:43:13.948 - INFO - CDS - seq=contig_1, start=666942, stop=668684, strand=-, nt=[TTGGGTATCG..CTCCTGGTAG]
12:43:13.948 - INFO - CDS - seq=contig_1, start=668827, stop=669123, strand=+, nt=[GTGCAGCGTC..AGCCAGTTAG]
12:43:13.948 - INFO - CDS - seq=contig_1, start=669272, stop=671053, strand=-, nt=[ATGGGGGCGC..TGGGCAGTAG]
12:43:13.948 - INFO - CDS - seq=contig_1, start=671217, stop=672809, strand=+, nt=[ATGCTAGGCT..GAGACGGTAG]
12:43:13.948 - INFO - CDS - seq=contig_1, start=672813, stop=674240, strand=+, nt=[ATGGGAGTGT..GCGCGATTAG]
12:43:13.948 - INFO - CDS - seq=contig_1, start=674354, stop=674992, strand=+, nt=[ATGATAAAGC..CACCCCATGA]
12:43:13.949 - INFO - CDS - seq=contig_1, start=674989, stop=676164, strand=+, nt=[ATGAAGATCC..CTCATCGTGA]
12:43:13.949 - INFO - CDS - seq=contig_1, start=676161, stop=679304, strand=+, nt=[GTGAAGCCGA..TGCAGAATGA]
12:43:13.949 - INFO - CDS - seq=contig_1, start=679301, stop=680782, strand=+, nt=[ATGAAAACGA..CCGCCGCTAA]
12:43:13.949 - INFO - CDS - seq=contig_1, start=680966, stop=681778, strand=+, nt=[ATGACAATGG..TGCCATGTGA]
12:43:13.949 - INFO - CDS - seq=contig_1, start=682017, stop=682859, strand=+, nt=[ATGAGCACAC..CACGCGGTAA]
12:43:13.949 - INFO - CDS - seq=contig_1, start=682844, stop=684118, strand=+, nt=[ATGCCACACG..CTCTTCCTGA]
12:43:13.949 - INFO - CDS - seq=contig_1, start=684223, stop=685236, strand=+, nt=[ATGCTGCGCG..TCTGCCGTAG]
12:43:13.949 - INFO - CDS - seq=contig_1, start=685377, stop=686252, strand=+, nt=[ATGCTTGCAA..ATTAGAGTGA]
12:43:13.949 - INFO - CDS - seq=contig_1, start=686371, stop=688842, strand=+, nt=[ATGAGTACTG..GGGGACCTAA]
12:43:13.949 - INFO - CDS - seq=contig_1, start=688877, stop=689641, strand=-, nt=[GTGGCGAGTC..AGTGCTATGA]
12:43:13.949 - INFO - CDS - seq=contig_1, start=689685, stop=690635, strand=-, nt=[ATGCGGTTGG..TCTCCGGTGA]
12:43:13.949 - INFO - CDS - seq=contig_1, start=690859, stop=691293, strand=-, nt=[GTGGGTACGT..CACGCGTTAG]
12:43:13.949 - INFO - CDS - seq=contig_1, start=691313, stop=691519, strand=-, nt=[GTGGCAGAGC..AACGCGCTGA]
12:43:13.949 - INFO - CDS - seq=contig_1, start=691842, stop=693677, strand=+, nt=[ATGTACGCCG..GCGCCTGTAG]
12:43:13.949 - INFO - CDS - seq=contig_1, start=693701, stop=695545, strand=+, nt=[ATGAACACTG..GCGATTCTAG]
12:43:13.949 - INFO - CDS - seq=contig_1, start=695563, stop=696966, strand=-, nt=[ATGGGAAGGT..TGAAGGGTAA]
12:43:13.949 - INFO - CDS - seq=contig_1, start=697032, stop=698792, strand=+, nt=[ATGCACTCCA..TCTGCAATGA]
12:43:13.949 - INFO - CDS - seq=contig_1, start=698789, stop=699436, strand=+, nt=[ATGATATATG..GCTGTTTTAG]
12:43:13.949 - INFO - CDS - seq=contig_1, start=699433, stop=701019, strand=-, nt=[ATGAGTATCT..CGTATACTAA]
12:43:13.949 - INFO - CDS - seq=contig_1, start=701285, stop=702427, strand=-, nt=[ATGGGGCGTG..CATCAAGTGA]
12:43:13.949 - INFO - CDS - seq=contig_1, start=702519, stop=703799, strand=-, nt=[GTGCTTGATT..TGTCCTGTAG]
12:43:13.949 - INFO - CDS - seq=contig_1, start=703849, stop=705825, strand=-, nt=[ATGAAAGGCC..CATTCGATGA]
12:43:13.949 - INFO - CDS - seq=contig_1, start=705842, stop=706639, strand=-, nt=[ATGGGAGTCA..GCGGCCATAG]
12:43:13.949 - INFO - CDS - seq=contig_1, start=706627, stop=707109, strand=-, nt=[ATGTCCGAGG..GGAGTCATAG]
12:43:13.949 - INFO - CDS - seq=contig_1, start=707115, stop=709679, strand=-, nt=[GTGCGGTATT..TAAGGAGTAA]
12:43:13.949 - INFO - CDS - seq=contig_1, start=709716, stop=710843, strand=+, nt=[GTGAAAGGAT..CGAGTCGTGA]
12:43:13.949 - INFO - CDS - seq=contig_1, start=710840, stop=711739, strand=+, nt=[GTGAGCAGCC..ATATGCCTAA]
12:43:13.949 - INFO - CDS - seq=contig_1, start=711732, stop=712550, strand=+, nt=[ATGCCTAATT..TTCTAAGTAA]
12:43:13.949 - INFO - CDS - seq=contig_1, start=712586, stop=713632, strand=+, nt=[ATGAAACGTT..ATTTAGGTGA]
12:43:13.949 - INFO - CDS - seq=contig_1, start=713687, stop=713908, strand=-, nt=[ATGTTGATCC..GCCTGTGTAG]
12:43:13.949 - INFO - CDS - seq=contig_1, start=713902, stop=714354, strand=-, nt=[ATGGAGATTC..ACAATGTTGA]
12:43:13.949 - INFO - CDS - seq=contig_1, start=714373, stop=715623, strand=-, nt=[ATGGGCGTGA..TTTGCGGTAG]
12:43:13.949 - INFO - CDS - seq=contig_1, start=715657, stop=717534, strand=-, nt=[ATGTCGACAT..GGGTGTTTAA]
12:43:13.949 - INFO - CDS - seq=contig_1, start=717640, stop=718152, strand=-, nt=[ATGGACCGAG..TGTGCTGTAG]
12:43:13.949 - INFO - CDS - seq=contig_1, start=718275, stop=719273, strand=-, nt=[ATGACTAGTT..CCGCGCATAG]
12:43:13.949 - INFO - CDS - seq=contig_1, start=719540, stop=720268, strand=+, nt=[ATGAAACAGG..CGGCAAATGA]
12:43:13.949 - INFO - CDS - seq=contig_1, start=720265, stop=720990, strand=+, nt=[ATGAAGAAGA..TGCCTGGTAA]
12:43:13.949 - INFO - CDS - seq=contig_1, start=721008, stop=721763, strand=-, nt=[ATGACGATTA..GGCCAGGTAA]
12:43:13.949 - INFO - CDS - seq=contig_1, start=721760, stop=721936, strand=-, nt=[ATGAATGGAC..CCAGCGATGA]
12:43:13.949 - INFO - CDS - seq=contig_1, start=722097, stop=723752, strand=-, nt=[ATGGGCACGT..TTGTCTGTAG]
12:43:13.949 - INFO - CDS - seq=contig_1, start=723995, stop=724597, strand=-, nt=[ATGAGTTCTG..GGTGATGTAA]
12:43:13.949 - INFO - CDS - seq=contig_1, start=724594, stop=728106, strand=-, nt=[ATGGCGCGCA..CGTGCAATGA]
12:43:13.949 - INFO - CDS - seq=contig_1, start=728261, stop=729448, strand=-, nt=[GTGCATGTGA..TACTGCTTAG]
12:43:13.949 - INFO - CDS - seq=contig_1, start=729453, stop=730454, strand=-, nt=[ATGAAAGCGT..ACAGGAGTAG]
12:43:13.949 - INFO - CDS - seq=contig_1, start=730518, stop=731993, strand=-, nt=[GTGTTCAAAG..GCGTCCCTAG]
12:43:13.949 - INFO - CDS - seq=contig_1, start=732041, stop=733744, strand=-, nt=[GTGCATGAGG..AGGAGGCTGA]
12:43:13.949 - INFO - CDS - seq=contig_1, start=733831, stop=734439, strand=+, nt=[ATGCGCCCGC..TCTGCATTAG]
12:43:13.949 - INFO - CDS - seq=contig_1, start=734403, stop=735443, strand=+, nt=[GTGGGTCCTT..CCTCCAGTAG]
12:43:13.949 - INFO - CDS - seq=contig_1, start=735455, stop=735733, strand=-, nt=[ATGAGGTGTT..AGAAAACTAA]
12:43:13.949 - INFO - CDS - seq=contig_1, start=735755, stop=736363, strand=-, nt=[ATGCAGTATA..CGAAAAGTAG]
12:43:13.949 - INFO - CDS - seq=contig_1, start=736617, stop=737540, strand=+, nt=[ATGGAAGCTT..CCACGAATGA]
12:43:13.949 - INFO - CDS - seq=contig_1, start=737537, stop=737854, strand=+, nt=[ATGAATGAAT..CAGCATCTAG]
12:43:13.949 - INFO - CDS - seq=contig_1, start=737895, stop=738953, strand=-, nt=[GTGAATGTCC..CCTTTTTTGA]
12:43:13.949 - INFO - CDS - seq=contig_1, start=739004, stop=740137, strand=-, nt=[GTGGCATGCA..CATCCGGTGA]
12:43:13.949 - INFO - CDS - seq=contig_1, start=740166, stop=740768, strand=-, nt=[GTGAACGTCT..CGGCAAGTAA]
12:43:13.949 - INFO - CDS - seq=contig_1, start=740822, stop=741955, strand=+, nt=[GTGCTCGCAC..CGCGCACTAA]
12:43:13.949 - INFO - CDS - seq=contig_1, start=742248, stop=743459, strand=+, nt=[ATGAAGGAGA..CAAATACTGA]
12:43:13.949 - INFO - CDS - seq=contig_1, start=743579, stop=745069, strand=+, nt=[ATGTGTGATG..ATACCTGTAG]
12:43:13.949 - INFO - CDS - seq=contig_1, start=745084, stop=746679, strand=+, nt=[ATGCGCGATC..ACGCCGCTAG]
12:43:13.949 - INFO - CDS - seq=contig_1, start=746807, stop=748867, strand=-, nt=[ATGCTCATTG..AGCACGGTAG]
12:43:13.949 - INFO - CDS - seq=contig_1, start=748923, stop=749915, strand=-, nt=[ATGAAAAAAC..CCTAGAGTAA]
12:43:13.949 - INFO - CDS - seq=contig_1, start=749937, stop=751319, strand=-, nt=[ATGAAAGGTC..GAAGCAATAG]
12:43:13.949 - INFO - CDS - seq=contig_1, start=751355, stop=751936, strand=-, nt=[ATGCGTAATG..TGTCTTGTAA]
12:43:13.949 - INFO - CDS - seq=contig_1, start=751929, stop=752687, strand=-, nt=[ATGTGGATGG..TCATGCGTAA]
12:43:13.949 - INFO - CDS - seq=contig_1, start=752715, stop=753938, strand=-, nt=[GTGTCAAAAG..ACTCCTTTAG]
12:43:13.949 - INFO - CDS - seq=contig_1, start=754199, stop=755521, strand=-, nt=[ATGGACCGTT..CTTCCTGTAA]
12:43:13.949 - INFO - CDS - seq=contig_1, start=755681, stop=756358, strand=+, nt=[ATGAACGCAA..CTCTTTATAG]
12:43:13.949 - INFO - CDS - seq=contig_1, start=756446, stop=758239, strand=+, nt=[GTGAAAACCA..ACTGTCCTGA]
12:43:13.949 - INFO - CDS - seq=contig_1, start=758227, stop=759045, strand=-, nt=[TTGGTTGATT..GGACAGTTGA]
12:43:13.949 - INFO - CDS - seq=contig_1, start=759125, stop=759760, strand=-, nt=[ATGGGTGGTT..CCGGGTCTAG]
12:43:13.949 - INFO - CDS - seq=contig_1, start=759764, stop=760318, strand=-, nt=[ATGGGAAGAT..CCGAGTGTAG]
12:43:13.949 - INFO - CDS - seq=contig_1, start=760436, stop=760828, strand=-, nt=[ATGGTGATGG..GCGCGCGTAG]
12:43:13.949 - INFO - CDS - seq=contig_1, start=760966, stop=761169, strand=-, nt=[ATGATTTTCC..GTTAGGGTAG]
12:43:13.949 - INFO - CDS - seq=contig_1, start=761340, stop=762572, strand=-, nt=[ATGGGTGCAG..ACCGGGGTGA]
12:43:13.949 - INFO - CDS - seq=contig_1, start=762572, stop=764866, strand=-, nt=[GTGGTGTGCA..GAGTGAGTGA]
12:43:13.949 - INFO - CDS - seq=contig_1, start=764835, stop=767489, strand=-, nt=[ATGCGTCGCG..CGGTCCGTAA]
12:43:13.949 - INFO - CDS - seq=contig_1, start=767786, stop=768826, strand=-, nt=[GTGCTATGGG..GTTCCGCTGA]
12:43:13.949 - INFO - CDS - seq=contig_1, start=768774, stop=769151, strand=-, nt=[ATGGGTCGTT..GGAGTGCTAA]
12:43:13.950 - INFO - CDS - seq=contig_1, start=769318, stop=769833, strand=+, nt=[GTGGACGCGC..AGACACCTAG]
12:43:13.950 - INFO - CDS - seq=contig_1, start=769889, stop=770677, strand=+, nt=[ATGGGGAACA..TATCCGGTAA]
12:43:13.950 - INFO - CDS - seq=contig_1, start=770686, stop=772656, strand=+, nt=[ATGAATACTC..TGCGTACTGA]
12:43:13.950 - INFO - CDS - seq=contig_1, start=772693, stop=773268, strand=+, nt=[ATGCTGGTGA..TAGTCGGTAG]
12:43:13.950 - INFO - CDS - seq=contig_1, start=773283, stop=774197, strand=-, nt=[ATGGTGATTA..ATGGGAATAA]
12:43:13.950 - INFO - CDS - seq=contig_1, start=774169, stop=775482, strand=-, nt=[GTGGAGTTAT..AGAGAGATAA]
12:43:13.950 - INFO - CDS - seq=contig_1, start=775517, stop=777640, strand=-, nt=[ATGGCGCACG..AAAGCAGTAG]
12:43:13.950 - INFO - CDS - seq=contig_1, start=777649, stop=778779, strand=-, nt=[ATGATAGAAC..TAAGAGGTAA]
12:43:13.950 - INFO - CDS - seq=contig_1, start=778776, stop=779573, strand=-, nt=[ATGGAACGGT..AGCCCTATGA]
12:43:13.950 - INFO - CDS - seq=contig_1, start=779586, stop=779867, strand=-, nt=[ATGACGCAAG..ACCTGTCTAG]
12:43:13.950 - INFO - CDS - seq=contig_1, start=779889, stop=780704, strand=-, nt=[GTGATCCGTG..GTTTTTATAA]
12:43:13.950 - INFO - CDS - seq=contig_1, start=780701, stop=781471, strand=-, nt=[GTGTTACGGA..TGCTCTGTGA]
12:43:13.950 - INFO - CDS - seq=contig_1, start=781425, stop=782471, strand=-, nt=[ATGAGTGACG..GGACGTTTAA]
12:43:13.950 - INFO - CDS - seq=contig_1, start=782464, stop=783498, strand=-, nt=[ATGACAGAGG..GTATGAGTGA]
12:43:13.950 - INFO - CDS - seq=contig_1, start=783520, stop=784068, strand=-, nt=[ATGGCAGAAA..TAAGCCCTAA]
12:43:13.950 - INFO - CDS - seq=contig_1, start=784047, stop=784178, strand=-, nt=[ATGGTACACT..GACTCCATAG]
12:43:13.950 - INFO - CDS - seq=contig_1, start=784178, stop=784894, strand=-, nt=[ATGGCAAGGA..TCACTTTTGA]
12:43:13.950 - INFO - CDS - seq=contig_1, start=784900, stop=785679, strand=-, nt=[ATGGACATCG..TAAGGATTAA]
12:43:13.950 - INFO - CDS - seq=contig_1, start=785695, stop=785892, strand=-, nt=[ATGATTAAAG..CGAGACCTAA]
12:43:13.950 - INFO - CDS - seq=contig_1, start=785950, stop=787341, strand=-, nt=[ATGATGCGGT..GAAGCGCTGA]
12:43:13.950 - INFO - CDS - seq=contig_1, start=787412, stop=787873, strand=-, nt=[ATGGTACAGA..TGCGTCGTAG]
12:43:13.950 - INFO - CDS - seq=contig_1, start=787951, stop=789594, strand=-, nt=[ATGGAACTGA..ATTTGCCTAA]
12:43:13.950 - INFO - CDS - seq=contig_1, start=789809, stop=790660, strand=+, nt=[ATGGAAAAGG..CTCCCCGTAG]
12:43:13.950 - INFO - CDS - seq=contig_1, start=790734, stop=791354, strand=+, nt=[ATGGATGAAG..CTCCCTGTAA]
12:43:13.950 - INFO - CDS - seq=contig_1, start=791356, stop=792381, strand=-, nt=[GTGTTTCTTG..ACCGTACTGA]
12:43:13.950 - INFO - CDS - seq=contig_1, start=792399, stop=793031, strand=+, nt=[ATGAGCAGAA..CCACTTTTAG]
12:43:13.950 - INFO - CDS - seq=contig_1, start=793064, stop=793765, strand=-, nt=[ATGAGTATTC..TATCCAGTAG]
12:43:13.950 - INFO - CDS - seq=contig_1, start=793847, stop=795253, strand=-, nt=[ATGAAGGATC..AAAAGCGTAA]
12:43:13.950 - INFO - CDS - seq=contig_1, start=795405, stop=796247, strand=-, nt=[GTGTTCAGCA..GGGGAGGTAG]
12:43:13.950 - INFO - CDS - seq=contig_1, start=796481, stop=797791, strand=+, nt=[ATGCGTAACA..AAAAGAATGA]
12:43:13.950 - INFO - CDS - seq=contig_1, start=797837, stop=798172, strand=-, nt=[GTGAGTGCTA..CGCGCGGTAG]
12:43:13.950 - INFO - CDS - seq=contig_1, start=798169, stop=799365, strand=-, nt=[ATGAAAGTGT..GGGAACGTGA]
12:43:13.950 - INFO - CDS - seq=contig_1, start=799439, stop=800152, strand=-, nt=[GTGGACTCTA..ACCCGTGTAA]
12:43:13.950 - INFO - CDS - seq=contig_1, start=800133, stop=800747, strand=-, nt=[ATGAAGTTAG..CCGGTCGTGA]
12:43:13.950 - INFO - CDS - seq=contig_1, start=800744, stop=801874, strand=-, nt=[ATGGCCGGTT..GCGCGGATGA]
12:43:13.950 - INFO - CDS - seq=contig_1, start=801993, stop=802256, strand=-, nt=[ATGGCTCGAA..GCCTTCTTGA]
12:43:13.950 - INFO - CDS - seq=contig_1, start=802286, stop=802612, strand=-, nt=[GTGTTGCTTG..GTGTGCGTAG]
12:43:13.950 - INFO - CDS - seq=contig_1, start=802625, stop=802942, strand=-, nt=[GTGTACGCGC..GGGGGTGTAG]
12:43:13.950 - INFO - CDS - seq=contig_1, start=803049, stop=805754, strand=-, nt=[ATGAACATTG..CGCTAGGTAA]
12:43:13.950 - INFO - CDS - seq=contig_1, start=805764, stop=806798, strand=-, nt=[GTGGTGAGTG..TTTGTTTTAG]
12:43:13.950 - INFO - CDS - seq=contig_1, start=806887, stop=808923, strand=-, nt=[ATGGCAAGTT..CGAACTCTAG]
12:43:13.950 - INFO - CDS - seq=contig_1, start=809092, stop=809763, strand=+, nt=[ATGCACCTGA..GCTTGACTAG]
12:43:13.950 - INFO - CDS - seq=contig_1, start=809800, stop=810513, strand=+, nt=[GTGAATAGAC..TTCGCCCTGA]
12:43:13.950 - INFO - CDS - seq=contig_1, start=810651, stop=811766, strand=-, nt=[ATGGTGCTGT..CCTATTCTAG]
12:43:13.950 - INFO - CDS - seq=contig_1, start=811874, stop=812158, strand=-, nt=[ATGACATATG..CGTTCCCTAG]
12:43:13.950 - INFO - CDS - seq=contig_1, start=812155, stop=813525, strand=-, nt=[TTGACCTATT..TGCAAAATGA]
12:43:13.950 - INFO - CDS - seq=contig_1, start=813567, stop=814256, strand=-, nt=[GTGTGTCTTG..TAGTTTGTAA]
12:43:13.950 - INFO - CDS - seq=contig_1, start=814309, stop=815268, strand=-, nt=[ATGGTGAGGG..AGGGGTGTGA]
12:43:13.950 - INFO - CDS - seq=contig_1, start=815272, stop=815760, strand=-, nt=[GTGGAGCTTA..GATTCGTTAG]
12:43:13.950 - INFO - CDS - seq=contig_1, start=815801, stop=816010, strand=-, nt=[GTGGCTCACA..GCTGTACTAA]
12:43:13.950 - INFO - CDS - seq=contig_1, start=816298, stop=818163, strand=+, nt=[GTGAACATTA..ACTCAAATAA]
12:43:13.950 - INFO - CDS - seq=contig_1, start=818144, stop=819022, strand=+, nt=[TTGAACTCAA..AAAACACTGA]
12:43:13.950 - INFO - CDS - seq=contig_1, start=819082, stop=820233, strand=+, nt=[GTGCTTCTGT..CGAGGCCTGA]
12:43:13.950 - INFO - CDS - seq=contig_1, start=820295, stop=821128, strand=-, nt=[ATGAAGATCA..CTTTCCCTGA]
12:43:13.950 - INFO - CDS - seq=contig_1, start=821195, stop=822370, strand=+, nt=[GTGAATACGT..TGGCGACTGA]
12:43:13.950 - INFO - CDS - seq=contig_1, start=822352, stop=824379, strand=-, nt=[ATGAATACGC..ACCTTCCTGA]
12:43:13.950 - INFO - CDS - seq=contig_1, start=824584, stop=825465, strand=+, nt=[ATGACACCTA..AAGCGCGTAA]
12:43:13.950 - INFO - CDS - seq=contig_1, start=825670, stop=827757, strand=+, nt=[ATGAGTAGAG..ACAAAGGTAA]
12:43:13.950 - INFO - CDS - seq=contig_1, start=827896, stop=828933, strand=+, nt=[ATGAATGCTC..CTCTCGATGA]
12:43:13.950 - INFO - CDS - seq=contig_1, start=828930, stop=829907, strand=+, nt=[ATGAAGACAC..TCTGCCGTAG]
12:43:13.950 - INFO - CDS - seq=contig_1, start=830081, stop=831895, strand=+, nt=[ATGGGCGTGT..ATCGCCTTGA]
12:43:13.950 - INFO - CDS - seq=contig_1, start=831920, stop=833581, strand=-, nt=[ATGCACCTTG..AATGCTGTAG]
12:43:13.950 - INFO - CDS - seq=contig_1, start=833747, stop=834529, strand=+, nt=[ATGCTTTCTC..CATGAAGTAA]
12:43:13.950 - INFO - CDS - seq=contig_1, start=834571, stop=835770, strand=-, nt=[TTGGTGCGCA..AGACGAGTAG]
12:43:13.950 - INFO - CDS - seq=contig_1, start=836112, stop=836786, strand=+, nt=[ATGATTACAG..AACTCTCTGA]
12:43:13.950 - INFO - CDS - seq=contig_1, start=836866, stop=837501, strand=+, nt=[ATGCGTCTAT..CAACATATAA]
12:43:13.950 - INFO - CDS - seq=contig_1, start=837426, stop=837581, strand=-, nt=[GTGAGGAGTC..GCAGGTGTAG]
12:43:13.950 - INFO - CDS - seq=contig_1, start=837578, stop=838354, strand=-, nt=[GTGATCCTTT..TTTTGCGTGA]
12:43:13.950 - INFO - CDS - seq=contig_1, start=838405, stop=838629, strand=-, nt=[ATGAAGACGT..CCGTCCGTAA]
12:43:13.950 - INFO - CDS - seq=contig_1, start=838665, stop=839606, strand=-, nt=[ATGAGCGCGT..AAATTGTTAG]
12:43:13.950 - INFO - CDS - seq=contig_1, start=839606, stop=840250, strand=-, nt=[GTGGTGCATA..AGTGAGGTGA]
12:43:13.950 - INFO - CDS - seq=contig_1, start=840297, stop=842321, strand=-, nt=[GTGGATAGGA..TGGGGAATAG]
12:43:13.950 - INFO - CDS - seq=contig_1, start=842373, stop=843323, strand=-, nt=[GTGCGTACGA..GGTGGAGTAA]
12:43:13.950 - INFO - CDS - seq=contig_1, start=843352, stop=844461, strand=-, nt=[ATGTTCTCCC..GATCCCGTAA]
12:43:13.950 - INFO - CDS - seq=contig_1, start=844465, stop=844635, strand=+, nt=[ATGGTGCGCG..CCCGTTGTAG]
12:43:13.950 - INFO - CDS - seq=contig_1, start=844651, stop=845250, strand=+, nt=[GTGCGCATTC..CAGTCCATGA]
12:43:13.950 - INFO - CDS - seq=contig_1, start=845247, stop=845933, strand=+, nt=[ATGACTCGCG..ACACCGGTGA]
12:43:13.950 - INFO - CDS - seq=contig_1, start=845930, stop=846778, strand=+, nt=[GTGACATTTC..CCAGCTGTAA]
12:43:13.951 - INFO - CDS - seq=contig_1, start=846825, stop=847217, strand=-, nt=[GTGGTAATTG..AGGCACATGA]
12:43:13.951 - INFO - CDS - seq=contig_1, start=847326, stop=848216, strand=+, nt=[ATGCGTGTGC..AACACGCTAA]
12:43:13.951 - INFO - CDS - seq=contig_1, start=848229, stop=849005, strand=-, nt=[ATGAAACGGA..CGATCGGTGA]
12:43:13.951 - INFO - CDS - seq=contig_1, start=849024, stop=851675, strand=-, nt=[ATGAGGTGTA..CACACGATAG]
12:43:13.951 - INFO - CDS - seq=contig_1, start=852064, stop=852924, strand=+, nt=[ATGATCATCA..CTTGCGTTAG]
12:43:13.951 - INFO - CDS - seq=contig_1, start=853003, stop=854622, strand=+, nt=[GTGCGCACAC..AGGGCTGTAA]
12:43:13.951 - INFO - CDS - seq=contig_1, start=854659, stop=855849, strand=-, nt=[ATGGAGACGT..AAAAGAGTAG]
12:43:13.951 - INFO - CDS - seq=contig_1, start=856052, stop=857056, strand=-, nt=[GTGCGCGAGT..AGAGCGTTAG]
12:43:13.951 - INFO - CDS - seq=contig_1, start=857201, stop=857992, strand=-, nt=[ATGAACGTGG..TTCTTCCTAA]
12:43:13.951 - INFO - CDS - seq=contig_1, start=858043, stop=860478, strand=-, nt=[ATGACGCGAA..TGTCGGCTAG]
12:43:13.951 - INFO - CDS - seq=contig_1, start=860875, stop=862278, strand=+, nt=[GTGGTACGGC..ACGCGTTTGA]
12:43:13.951 - INFO - CDS - seq=contig_1, start=862339, stop=864768, strand=-, nt=[ATGAAAATTA..GCTGGGGTGA]
12:43:13.951 - INFO - CDS - seq=contig_1, start=865157, stop=866365, strand=+, nt=[ATGGGCGCGC..GAGCGCGTAA]
12:43:13.951 - INFO - CDS - seq=contig_1, start=866443, stop=867606, strand=+, nt=[ATGGCAAAGG..AGGGGAATAA]
12:43:13.951 - INFO - CDS - seq=contig_1, start=867631, stop=869733, strand=-, nt=[ATGGAACTAC..GCCCTCATAA]
12:43:13.951 - INFO - CDS - seq=contig_1, start=869733, stop=871196, strand=-, nt=[ATGTATTGCA..AGGTGCGTGA]
12:43:13.951 - INFO - CDS - seq=contig_1, start=871355, stop=871543, strand=+, nt=[ATGGCAGTGC..CCTTTGCTAG]
12:43:13.951 - INFO - CDS - seq=contig_1, start=871604, stop=871840, strand=+, nt=[GTGGATGAGT..AGTGACATGA]
12:43:13.951 - INFO - CDS - seq=contig_1, start=871837, stop=872601, strand=+, nt=[ATGAGCCTGT..CCGGGAGTAG]
12:43:13.951 - INFO - CDS - seq=contig_1, start=872632, stop=873543, strand=+, nt=[TTGTCCCGCT..TACACCGTAG]
12:43:13.951 - INFO - CDS - seq=contig_1, start=873738, stop=875189, strand=+, nt=[ATGTACAGTC..GTGCGCGTAG]
12:43:13.951 - INFO - CDS - seq=contig_1, start=875413, stop=876435, strand=-, nt=[ATGGGCGCGG..TGTACATTAA]
12:43:13.951 - INFO - CDS - seq=contig_1, start=876658, stop=877581, strand=+, nt=[ATGAAGACAG..CCAAAACTAG]
12:43:13.951 - INFO - CDS - seq=contig_1, start=877775, stop=878686, strand=+, nt=[ATGCACGTTT..TAATCTATAG]
12:43:13.951 - INFO - CDS - seq=contig_1, start=878758, stop=879402, strand=-, nt=[ATGGGCGCGG..TGGAAAATAG]
12:43:13.951 - INFO - CDS - seq=contig_1, start=879561, stop=880859, strand=-, nt=[GTGAGTGACA..TGGTTGTTAG]
12:43:13.951 - INFO - CDS - seq=contig_1, start=881033, stop=881959, strand=-, nt=[ATGAATCTGG..TCGAGAATAG]
12:43:13.951 - INFO - CDS - seq=contig_1, start=881993, stop=882754, strand=-, nt=[GTGCGCGTCG..CCTGAGTTAA]
12:43:13.951 - INFO - CDS - seq=contig_1, start=882859, stop=883665, strand=-, nt=[ATGAAAGGAA..TGCCTTGTAG]
12:43:13.951 - INFO - CDS - seq=contig_1, start=883746, stop=884687, strand=-, nt=[GTGTTTGCGC..AACGGTGTGA]
12:43:13.951 - INFO - CDS - seq=contig_1, start=884737, stop=885123, strand=-, nt=[ATGGGACGGG..AGGTAAGTAG]
12:43:13.951 - INFO - CDS - seq=contig_1, start=885520, stop=887412, strand=+, nt=[ATGGATTTGT..GATTCGGTGA]
12:43:13.951 - INFO - CDS - seq=contig_1, start=887581, stop=888402, strand=+, nt=[GTGCTATTTC..GTTGTCTTGA]
12:43:13.951 - INFO - CDS - seq=contig_1, start=888380, stop=889342, strand=+, nt=[ATGGTCGCAG..ACATGAATGA]
12:43:13.951 - INFO - CDS - seq=contig_1, start=889339, stop=889716, strand=+, nt=[ATGATCATTG..ACCGCTATGA]
12:43:13.951 - INFO - CDS - seq=contig_1, start=889713, stop=890597, strand=+, nt=[ATGACCCGGT..AACTACATGA]
12:43:13.951 - INFO - CDS - seq=contig_1, start=890594, stop=891379, strand=+, nt=[ATGAATGATG..TGCAGAATAG]
12:43:13.951 - INFO - CDS - seq=contig_1, start=891447, stop=893216, strand=-, nt=[GTGCAGGATC..AGAGATGTAG]
12:43:13.951 - INFO - CDS - seq=contig_1, start=893239, stop=894045, strand=-, nt=[ATGTCTTGGA..TTCGTTCTAA]
12:43:13.951 - INFO - CDS - seq=contig_1, start=894127, stop=894843, strand=+, nt=[ATGGCATTCA..GAAGGGGTAA]
12:43:13.951 - INFO - CDS - seq=contig_1, start=894900, stop=896150, strand=-, nt=[ATGCGCGGTA..GCTTGAGTAG]
12:43:13.951 - INFO - CDS - seq=contig_1, start=896237, stop=899041, strand=-, nt=[ATGCATATAC..AAAGGAATAG]
12:43:13.951 - INFO - CDS - seq=contig_1, start=899182, stop=900006, strand=-, nt=[ATGACTCGGT..GGGTTTTTAA]
12:43:13.951 - INFO - CDS - seq=contig_1, start=900184, stop=901932, strand=+, nt=[ATGCTGCAAA..GCACGCCTAG]
12:43:13.951 - INFO - CDS - seq=contig_1, start=901981, stop=903645, strand=-, nt=[ATGCGCCGCA..ACGGATATAG]
12:43:13.951 - INFO - CDS - seq=contig_1, start=903720, stop=904727, strand=-, nt=[ATGGACAAAA..TTCACAGTGA]
12:43:13.951 - INFO - CDS - seq=contig_1, start=904832, stop=907081, strand=+, nt=[ATGAGTGGGG..GCGCTCTTAG]
12:43:13.951 - INFO - CDS - seq=contig_1, start=907143, stop=908717, strand=-, nt=[ATGAACATAT..TCGGTTTTAG]
12:43:13.951 - INFO - CDS - seq=contig_1, start=908913, stop=909680, strand=-, nt=[ATGATCCGCA..TACCGGCTAG]
12:43:13.951 - INFO - CDS - seq=contig_1, start=909804, stop=910601, strand=-, nt=[ATGGCCTCGC..TGTTAGGTGA]
12:43:13.951 - INFO - CDS - seq=contig_1, start=910721, stop=911773, strand=+, nt=[ATGAGAGTTG..GAAGCGGTAG]
12:43:13.951 - INFO - CDS - seq=contig_1, start=911827, stop=912360, strand=-, nt=[GTGACGCTGT..CTGCCGGTGA]
12:43:13.951 - INFO - CDS - seq=contig_1, start=912398, stop=912724, strand=-, nt=[GTGGTCAGTG..GTGCGATTGA]
12:43:13.951 - INFO - CDS - seq=contig_1, start=912724, stop=913059, strand=-, nt=[GTGCTAAACC..AATTTTTTAG]
12:43:13.951 - INFO - CDS - seq=contig_1, start=913053, stop=913421, strand=-, nt=[ATGTCTCGAT..AGCGTGCTAA]
12:43:13.951 - INFO - CDS - seq=contig_1, start=913454, stop=913654, strand=-, nt=[ATGCCTAAGA..TTACGCGTAG]
12:43:13.951 - INFO - CDS - seq=contig_1, start=913707, stop=914228, strand=-, nt=[TTGGCGGATA..AAAGAAATGA]
12:43:13.951 - INFO - CDS - seq=contig_1, start=914415, stop=916583, strand=+, nt=[GTGCAAATTT..TCTCGGCTGA]
12:43:13.951 - INFO - CDS - seq=contig_1, start=916612, stop=917610, strand=-, nt=[ATGTTGAGTA..GCGTGTATGA]
12:43:13.951 - INFO - CDS - seq=contig_1, start=917761, stop=918897, strand=-, nt=[ATGCAGATTA..CAATGCGTGA]
12:43:13.951 - INFO - CDS - seq=contig_1, start=918952, stop=923553, strand=-, nt=[ATGAATGCTC..AAAGAGATAG]
12:43:13.951 - INFO - CDS - seq=contig_1, start=923550, stop=926933, strand=-, nt=[GTGAGAATCC..ACAATTATGA]
12:43:13.951 - INFO - CDS - seq=contig_1, start=927089, stop=928279, strand=+, nt=[ATGGTACATT..ACGCAAGTAA]
12:43:13.951 - INFO - CDS - seq=contig_1, start=928493, stop=929611, strand=+, nt=[ATGGCTGCGA..CCGAAATTAA]
12:43:13.951 - INFO - CDS - seq=contig_1, start=929747, stop=931213, strand=+, nt=[GTGTTCGGTT..CATTTTCTAG]
12:43:13.951 - INFO - CDS - seq=contig_1, start=931288, stop=933195, strand=-, nt=[ATGTGTGGAA..GGTCGAGTAA]
12:43:13.951 - INFO - CDS - seq=contig_1, start=933280, stop=933411, strand=-, nt=[ATGGGCATGG..GCTTGGTTGA]
12:43:13.951 - INFO - CDS - seq=contig_1, start=933434, stop=934201, strand=-, nt=[GTGTGTTCTT..GAAAAAGTGA]
12:43:13.951 - INFO - CDS - seq=contig_1, start=934363, stop=935646, strand=+, nt=[ATGAACCTCT..AAAACTATGA]
12:43:13.951 - INFO - CDS - seq=contig_1, start=935705, stop=937258, strand=-, nt=[GTGGCGCTGC..GACAAAATAA]
12:43:13.951 - INFO - CDS - seq=contig_1, start=937379, stop=938806, strand=-, nt=[GTGGTACGGA..TCTTCACTGA]
12:43:13.951 - INFO - CDS - seq=contig_1, start=938895, stop=940835, strand=-, nt=[GTGCAGATTA..TCTGACGTAA]
12:43:13.951 - INFO - CDS - seq=contig_1, start=941155, stop=942015, strand=+, nt=[ATGATTATCA..TCTCCGGTAA]
12:43:13.951 - INFO - CDS - seq=contig_1, start=942294, stop=943151, strand=+, nt=[ATGATTATCA..GATGCAGTAA]
12:43:13.951 - INFO - CDS - seq=contig_1, start=943449, stop=945617, strand=+, nt=[GTGTCTGATG..CAGGAATTAG]
12:43:13.951 - INFO - CDS - seq=contig_1, start=945629, stop=946231, strand=+, nt=[ATGGACATTA..TGTACAATGA]
12:43:13.951 - INFO - CDS - seq=contig_1, start=946228, stop=946503, strand=+, nt=[ATGAAGTTTG..GCCGCGTTAG]
12:43:13.951 - INFO - CDS - seq=contig_1, start=946543, stop=946950, strand=+, nt=[GTGAGGTGCG..CGTAGCGTAG]
12:43:13.951 - INFO - CDS - seq=contig_1, start=946997, stop=947662, strand=+, nt=[ATGAATATAC..AGGAAGCTAA]
12:43:13.952 - INFO - CDS - seq=contig_1, start=947667, stop=948764, strand=+, nt=[ATGGGCAATT..ACAGGACTGA]
12:43:13.952 - INFO - CDS - seq=contig_1, start=948777, stop=949736, strand=-, nt=[GTGAGGGTTA..CTCTGACTAG]
12:43:13.952 - INFO - CDS - seq=contig_1, start=949733, stop=951181, strand=-, nt=[ATGATTCTGA..AAAACGGTGA]
12:43:13.952 - INFO - CDS - seq=contig_1, start=951211, stop=951936, strand=-, nt=[ATGCAGTGTA..TTTTAGGTGA]
12:43:13.952 - INFO - CDS - seq=contig_1, start=951926, stop=952768, strand=-, nt=[GTGTCTGCTG..TGCAGTGTAA]
12:43:13.952 - INFO - CDS - seq=contig_1, start=952811, stop=954166, strand=-, nt=[ATGTTTGCTA..AGAATCGTGA]
12:43:13.952 - INFO - CDS - seq=contig_1, start=954279, stop=955397, strand=-, nt=[ATGAAAATAC..CTGTCTTTAA]
12:43:13.952 - INFO - CDS - seq=contig_1, start=955394, stop=956491, strand=-, nt=[GTGCTTTTTG..TGCAGTATGA]
12:43:13.952 - INFO - CDS - seq=contig_1, start=956512, stop=956952, strand=-, nt=[ATGATCCGTG..GGTTCTGTAG]
12:43:13.952 - INFO - CDS - seq=contig_1, start=956949, stop=959057, strand=-, nt=[ATGAAACACA..GACGAAATGA]
12:43:13.952 - INFO - CDS - seq=contig_1, start=959205, stop=959474, strand=-, nt=[ATGGCACTGA..GAGGAAGTAG]
12:43:13.952 - INFO - CDS - seq=contig_1, start=959490, stop=960317, strand=-, nt=[GTGCGCATTT..GTTCGAGTAG]
12:43:13.952 - INFO - CDS - seq=contig_1, start=960321, stop=961406, strand=-, nt=[ATGCCTGACG..TACGGAGTGA]
12:43:13.952 - INFO - CDS - seq=contig_1, start=961399, stop=961779, strand=-, nt=[ATGAAACAGG..GCATGCCTGA]
12:43:13.952 - INFO - CDS - seq=contig_1, start=961776, stop=964472, strand=-, nt=[ATGACCCTAC..ACAGGGATGA]
12:43:13.952 - INFO - CDS - seq=contig_1, start=964480, stop=965937, strand=-, nt=[ATGTTCGGCG..CGAGGAATAG]
12:43:13.952 - INFO - CDS - seq=contig_1, start=965987, stop=966457, strand=-, nt=[GTGAACTTCA..CCGCGCTTGA]
12:43:13.952 - INFO - CDS - seq=contig_1, start=966478, stop=966612, strand=-, nt=[GTGCACCGGC..GCTAGAGTGA]
12:43:13.952 - INFO - CDS - seq=contig_1, start=966631, stop=967653, strand=-, nt=[TTGGAAAAGA..GGCCGGCTAG]
12:43:13.952 - INFO - CDS - seq=contig_1, start=967660, stop=968187, strand=-, nt=[ATGAAACAAT..CGCAGAGTAG]
12:43:13.952 - INFO - CDS - seq=contig_1, start=968345, stop=969817, strand=-, nt=[GTGTATCAGC..GATTTGGTAG]
12:43:13.952 - INFO - CDS - seq=contig_1, start=969877, stop=973632, strand=-, nt=[GTGACTGATT..GAATGATTGA]
12:43:13.952 - INFO - CDS - seq=contig_1, start=973629, stop=976589, strand=-, nt=[GTGACGGAAA..GGCGTCGTGA]
12:43:13.952 - INFO - CDS - seq=contig_1, start=976628, stop=978040, strand=-, nt=[GTGCTCCACA..TTTATCGTGA]
12:43:13.952 - INFO - CDS - seq=contig_1, start=978081, stop=978962, strand=-, nt=[ATGTGGCCGA..ACGCACGTAG]
12:43:13.952 - INFO - CDS - seq=contig_1, start=978964, stop=980562, strand=+, nt=[GTGGAGCAGG..TTTTGAATAA]
12:43:13.952 - INFO - CDS - seq=contig_1, start=980769, stop=981140, strand=+, nt=[GTGAGTTTAC..GGGCGTCTAG]
12:43:13.952 - INFO - CDS - seq=contig_1, start=981149, stop=981391, strand=+, nt=[ATGGTCACGA..CATCGACTAG]
12:43:13.952 - INFO - CDS - seq=contig_1, start=981442, stop=981978, strand=+, nt=[ATGGATAGAA..TCTCGAATGA]
12:43:13.952 - INFO - CDS - seq=contig_1, start=981975, stop=982727, strand=+, nt=[ATGAACATTG..AACAAATTGA]
12:43:13.952 - INFO - CDS - seq=contig_1, start=982699, stop=983070, strand=+, nt=[ATGAGTTGCC..CAGCGCGTGA]
12:43:13.952 - INFO - CDS - seq=contig_1, start=983067, stop=983987, strand=+, nt=[GTGAACGGAG..TTCTGTATAG]
12:43:13.952 - INFO - CDS - seq=contig_1, start=984009, stop=984260, strand=+, nt=[ATGAAAAGAA..ACAACAGTAA]
12:43:13.952 - INFO - CDS - seq=contig_1, start=984345, stop=985595, strand=+, nt=[ATGTCACAAA..AGCACAATAA]
12:43:13.952 - INFO - CDS - seq=contig_1, start=985579, stop=985959, strand=+, nt=[ATGCCAAAGC..TTTGGTATGA]
12:43:13.952 - INFO - CDS - seq=contig_1, start=985956, stop=986138, strand=+, nt=[ATGAAAGGTT..GTGTGACTGA]
12:43:13.952 - INFO - CDS - seq=contig_1, start=986131, stop=986517, strand=+, nt=[GTGACTGACG..GGTTTCTTAA]
12:43:13.952 - INFO - CDS - seq=contig_1, start=986591, stop=987925, strand=+, nt=[GTGAGTTCTG..CATCGATTGA]
12:43:13.952 - INFO - CDS - seq=contig_1, start=988094, stop=989443, strand=+, nt=[ATGAACGAGA..GCCCCTGTGA]
12:43:13.952 - INFO - CDS - seq=contig_1, start=989723, stop=990148, strand=-, nt=[ATGAGCGCCG..GGCAACATAA]
12:43:13.952 - INFO - CDS - seq=contig_1, start=990256, stop=990573, strand=-, nt=[ATGGCATTAT..GAACGCCTAA]
12:43:13.952 - INFO - CDS - seq=contig_1, start=990802, stop=993225, strand=+, nt=[GTGGGACGTG..GCAGGAATAA]
12:43:13.952 - INFO - CDS - seq=contig_1, start=993333, stop=994670, strand=+, nt=[GTGAAGATCG..GCGCTCATAA]
12:43:13.952 - INFO - CDS - seq=contig_1, start=994743, stop=995795, strand=+, nt=[ATGAGCGAAA..AAGCGCGTAG]
12:43:13.952 - INFO - CDS - seq=contig_1, start=995739, stop=997097, strand=-, nt=[ATGGGCCGCA..GCGACCATAG]
12:43:13.952 - INFO - CDS - seq=contig_1, start=997413, stop=999752, strand=+, nt=[ATGACTTTGG..CCCGAAGTGA]
12:43:13.952 - INFO - CDS - seq=contig_1, start=999721, stop=999987, strand=-, nt=[GTGCCACCCT..TTCTCTTTGA]
12:43:13.952 - INFO - CDS - seq=contig_1, start=1000117, stop=1000557, strand=+, nt=[GTGGCAAAAG..CGCACGATAA]
12:43:13.952 - INFO - CDS - seq=contig_1, start=1000708, stop=1002543, strand=-, nt=[ATGTCAATCG..CCCACAATAG]
12:43:13.952 - INFO - CDS - seq=contig_1, start=1002717, stop=1002929, strand=+, nt=[ATGCAGCAGT..AGTTGCTTGA]
12:43:13.952 - INFO - CDS - seq=contig_1, start=1003083, stop=1004552, strand=+, nt=[GTGTTGGCGG..TCGGCGCTAG]
12:43:13.952 - INFO - CDS - seq=contig_1, start=1004591, stop=1006297, strand=+, nt=[ATGGGTACAT..TCTGGACTAA]
12:43:13.952 - INFO - CDS - seq=contig_1, start=1006381, stop=1007811, strand=-, nt=[GTGAATAAGC..TAAGTTATAG]
12:43:13.952 - INFO - CDS - seq=contig_1, start=1007923, stop=1009545, strand=-, nt=[ATGCTGTACC..ACTATCCTAG]
12:43:13.952 - INFO - CDS - seq=contig_1, start=1009681, stop=1010904, strand=+, nt=[ATGAAAATTT..CTTTATCTGA]
12:43:13.952 - INFO - CDS - seq=contig_1, start=1010897, stop=1011805, strand=-, nt=[ATGGCGAAAA..GCTCAGATAA]
12:43:13.952 - INFO - CDS - seq=contig_1, start=1012029, stop=1013039, strand=-, nt=[ATGAAGTGGG..TCTGAAATAG]
12:43:13.952 - INFO - CDS - seq=contig_1, start=1013274, stop=1013909, strand=-, nt=[GTGAATACGC..ACGCGTGTAA]
12:43:13.952 - INFO - CDS - seq=contig_1, start=1013906, stop=1014502, strand=-, nt=[ATGCGCGCGC..TAGAATGTGA]
12:43:13.952 - INFO - CDS - seq=contig_1, start=1014469, stop=1014705, strand=-, nt=[GTGCAGGACA..GGGGATTTGA]
12:43:13.952 - INFO - CDS - seq=contig_1, start=1014801, stop=1018355, strand=-, nt=[ATGTCTGAGA..TCCGTTCTAG]
12:43:13.952 - INFO - CDS - seq=contig_1, start=1018549, stop=1019067, strand=-, nt=[GTGGAACCCG..TGGGGAGTAA]
12:43:13.952 - INFO - CDS - seq=contig_1, start=1019144, stop=1019608, strand=-, nt=[ATGGACGGTG..GAGTTTATAA]
12:43:13.952 - INFO - CDS - seq=contig_1, start=1019614, stop=1020060, strand=-, nt=[ATGGCGTATG..TGCGGGGTAG]
12:43:13.952 - INFO - CDS - seq=contig_1, start=1020109, stop=1021281, strand=-, nt=[ATGGCGTTGT..GGCGGGTTAG]
12:43:13.952 - INFO - CDS - seq=contig_1, start=1021452, stop=1022108, strand=-, nt=[ATGGAGCGGT..AGGGGCGTAA]
12:43:13.952 - INFO - CDS - seq=contig_1, start=1022440, stop=1022859, strand=-, nt=[ATGGAGGGGG..GGCTGTCTAA]
12:43:13.952 - INFO - CDS - seq=contig_1, start=1022973, stop=1023620, strand=-, nt=[ATGAATACGC..GTCCAAGTAA]
12:43:13.952 - INFO - CDS - seq=contig_1, start=1023617, stop=1024312, strand=-, nt=[ATGGTGTATG..TGCGATATGA]
12:43:13.952 - INFO - CDS - seq=contig_1, start=1024328, stop=1026196, strand=-, nt=[ATGAAAAAAA..TAAAACCTGA]
12:43:13.952 - INFO - CDS - seq=contig_1, start=1026196, stop=1026480, strand=-, nt=[GTGAGTGTGC..GTGTTCGTGA]
12:43:13.952 - INFO - CDS - seq=contig_1, start=1026484, stop=1026885, strand=-, nt=[GTGGCTGCCT..GCAGGAATAG]
12:43:13.952 - INFO - CDS - seq=contig_1, start=1027167, stop=1028174, strand=-, nt=[ATGAAAAAAT..TTCGAATTAA]
12:43:13.952 - INFO - CDS - seq=contig_1, start=1028286, stop=1029464, strand=-, nt=[ATGGATCACC..GTTTCGCTAA]
12:43:13.952 - INFO - CDS - seq=contig_1, start=1029562, stop=1030998, strand=-, nt=[GTGCGGTATG..GAATCCCTAG]
12:43:13.952 - INFO - CDS - seq=contig_1, start=1031148, stop=1031441, strand=+, nt=[ATGCTTCCGC..AAAGAAATGA]
12:43:13.952 - INFO - CDS - seq=contig_1, start=1031384, stop=1032409, strand=+, nt=[GTGCGAGTGG..CTTGGATTGA]
12:43:13.953 - INFO - CDS - seq=contig_1, start=1032500, stop=1033528, strand=+, nt=[ATGCGAACGT..ACAGCGCTGA]
12:43:13.953 - INFO - CDS - seq=contig_1, start=1033559, stop=1035457, strand=+, nt=[ATGAAGGGTG..ATTCCTGTAG]
12:43:13.953 - INFO - CDS - seq=contig_1, start=1035526, stop=1035915, strand=-, nt=[GTGAACGTGC..CGGCGCATAA]
12:43:13.953 - INFO - CDS - seq=contig_1, start=1035927, stop=1036721, strand=-, nt=[ATGGTACGAA..CAAGCGTTAG]
12:43:13.953 - INFO - CDS - seq=contig_1, start=1036797, stop=1037612, strand=-, nt=[ATGATCCGAG..TGCAAAGTAG]
12:43:13.953 - INFO - CDS - seq=contig_1, start=1037698, stop=1038930, strand=-, nt=[ATGCTTGAAG..TGCTCAGTGA]
12:43:13.953 - INFO - CDS - seq=contig_1, start=1039041, stop=1040270, strand=-, nt=[ATGGTGGGTG..AGACCGCTAG]
12:43:13.953 - INFO - CDS - seq=contig_1, start=1040260, stop=1040967, strand=-, nt=[GTGACTCCCG..TGGTGGGTGA]
12:43:13.953 - INFO - CDS - seq=contig_1, start=1040967, stop=1041929, strand=-, nt=[ATGACCACAG..GAGGAAATAG]
12:43:13.953 - INFO - CDS - seq=contig_1, start=1041954, stop=1043612, strand=-, nt=[ATGCTGCAAT..AGTACTCTAA]
12:43:13.953 - INFO - CDS - seq=contig_1, start=1043634, stop=1045172, strand=-, nt=[GTGAGCGGTC..CCAAACATGA]
12:43:13.953 - INFO - CDS - seq=contig_1, start=1045169, stop=1046791, strand=-, nt=[GTGAGCGTAA..GGTGCCGTGA]
12:43:13.953 - INFO - CDS - seq=contig_1, start=1046788, stop=1048332, strand=-, nt=[ATGAAAGTCT..GTCTTCGTGA]
12:43:13.953 - INFO - CDS - seq=contig_1, start=1048544, stop=1049158, strand=-, nt=[ATGAAGAGGG..TCAGTGGTAG]
12:43:13.953 - INFO - CDS - seq=contig_1, start=1049315, stop=1050661, strand=-, nt=[ATGGAACGAT..CAGCACGTAG]
12:43:13.953 - INFO - CDS - seq=contig_1, start=1050749, stop=1052410, strand=+, nt=[ATGATGCCGC..GAGGGTATAA]
12:43:13.953 - INFO - CDS - seq=contig_1, start=1052462, stop=1052740, strand=-, nt=[ATGATCGATA..GAATTTATAA]
12:43:13.953 - INFO - CDS - seq=contig_1, start=1052795, stop=1053619, strand=-, nt=[GTGGGTACCT..AAAATTTTAG]
12:43:13.953 - INFO - CDS - seq=contig_1, start=1053730, stop=1055049, strand=+, nt=[GTGTCAGATT..CCGCACGTGA]
12:43:13.953 - INFO - CDS - seq=contig_1, start=1055036, stop=1055896, strand=+, nt=[ATGACCGCAC..GGGGATGTGA]
12:43:13.953 - INFO - CDS - seq=contig_1, start=1055926, stop=1056486, strand=+, nt=[ATGAAACTCA..GCGCACGTAG]
12:43:13.953 - INFO - CDS - seq=contig_1, start=1056656, stop=1057429, strand=+, nt=[ATGCAGATCT..TCCTGAGTGA]
12:43:13.953 - INFO - CDS - seq=contig_1, start=1057404, stop=1058459, strand=+, nt=[GTGCGTGTTT..TGGTTTATAA]
12:43:13.953 - INFO - CDS - seq=contig_1, start=1058639, stop=1059682, strand=+, nt=[GTGAAAGAAT..TCAGGAATAA]
12:43:13.953 - INFO - CDS - seq=contig_1, start=1059704, stop=1060324, strand=+, nt=[GTGATCAGGA..TGTCCCGTAA]
12:43:13.953 - INFO - CDS - seq=contig_1, start=1060356, stop=1061030, strand=+, nt=[GTGCTAGCCT..CGTATACTAG]
12:43:13.953 - INFO - CDS - seq=contig_1, start=1061054, stop=1062973, strand=-, nt=[ATGGCTCAGT..ACGCGGGTAG]
12:43:13.953 - INFO - CDS - seq=contig_1, start=1063156, stop=1064925, strand=+, nt=[ATGGATTATC..ACACGTCTAG]
12:43:13.953 - INFO - CDS - seq=contig_1, start=1064983, stop=1065867, strand=+, nt=[ATGGCTTTTA..CACACGCTAG]
12:43:13.953 - INFO - CDS - seq=contig_1, start=1065913, stop=1066296, strand=-, nt=[GTGGCGCTTA..AAAAATCTAA]
12:43:13.953 - INFO - CDS - seq=contig_1, start=1066387, stop=1066986, strand=+, nt=[ATGAGTACTT..CGCTTCCTAG]
12:43:13.953 - INFO - CDS - seq=contig_1, start=1067022, stop=1067726, strand=-, nt=[ATGAGAGGAT..CGTCCCCTAA]
12:43:13.953 - INFO - CDS - seq=contig_1, start=1067941, stop=1071042, strand=+, nt=[ATGCCGAGTG..AGAGAACTAG]
12:43:13.953 - INFO - CDS - seq=contig_1, start=1071120, stop=1071266, strand=+, nt=[ATGTGTGATT..GAAAGTGTAG]
12:43:13.953 - INFO - CDS - seq=contig_1, start=1071300, stop=1071587, strand=+, nt=[GTGAAAAAAA..TGTCCTCTAG]
12:43:13.953 - INFO - CDS - seq=contig_1, start=1071657, stop=1072682, strand=-, nt=[ATGGTGGACA..AAGTTGGTAA]
12:43:13.953 - INFO - CDS - seq=contig_1, start=1073038, stop=1073853, strand=+, nt=[ATGGAGGTCG..TAATGCGTAG]
12:43:13.953 - INFO - CDS - seq=contig_1, start=1073928, stop=1075262, strand=+, nt=[ATGAGCAAAA..CCCCTCATGA]
12:43:13.953 - INFO - CDS - seq=contig_1, start=1075292, stop=1076968, strand=-, nt=[ATGCAAGAGG..CGGCTATTGA]
12:43:13.953 - INFO - CDS - seq=contig_1, start=1077065, stop=1078861, strand=-, nt=[ATGTACTCAT..TTGGCGTTGA]
12:43:13.953 - INFO - CDS - seq=contig_1, start=1078895, stop=1080283, strand=-, nt=[ATGACCGCGT..CCGGGAGTAG]
12:43:13.953 - INFO - CDS - seq=contig_1, start=1080469, stop=1082868, strand=+, nt=[ATGGAACGAT..GCGTTCGTAG]
12:43:13.953 - INFO - CDS - seq=contig_1, start=1083178, stop=1083717, strand=+, nt=[ATGCACGTAT..ACTCGAATGA]
12:43:13.953 - INFO - CDS - seq=contig_1, start=1083857, stop=1085095, strand=-, nt=[ATGGAGCATC..AAATCAATAG]
12:43:13.953 - INFO - CDS - seq=contig_1, start=1085052, stop=1085807, strand=-, nt=[ATGGGTAGAA..TCGTCTGTAA]
12:43:13.953 - INFO - CDS - seq=contig_1, start=1086005, stop=1086952, strand=+, nt=[GTGCTATCTG..ATGGCAGTAG]
12:43:13.953 - INFO - CDS - seq=contig_1, start=1086975, stop=1087580, strand=-, nt=[ATGATACCGG..GGAGGCTTAG]
12:43:13.953 - INFO - CDS - seq=contig_1, start=1087654, stop=1089372, strand=-, nt=[GTGGCGTATC..TCCGTATTGA]
12:43:13.953 - INFO - CDS - seq=contig_1, start=1089431, stop=1091344, strand=-, nt=[ATGGGGATTG..GGACGTATGA]
12:43:13.953 - INFO - CDS - seq=contig_1, start=1091453, stop=1092370, strand=-, nt=[GTGACGTTGC..GCAGCAGTAG]
12:43:13.953 - INFO - CDS - seq=contig_1, start=1092413, stop=1094950, strand=-, nt=[ATGCATATCA..TGCCTCGTAG]
12:43:13.953 - INFO - CDS - seq=contig_1, start=1095077, stop=1096147, strand=-, nt=[ATGGCTTCGA..TGGTTGGTAG]
12:43:13.953 - INFO - CDS - seq=contig_1, start=1096244, stop=1096693, strand=-, nt=[ATGGCATTTG..TTTTTTCTAA]
12:43:13.953 - INFO - CDS - seq=contig_1, start=1096819, stop=1097427, strand=-, nt=[TTGGGCATAC..ATGCGAATAA]
12:43:13.953 - INFO - CDS - seq=contig_1, start=1097462, stop=1098352, strand=-, nt=[GTGAGACAAA..CATAGCGTAG]
12:43:13.953 - INFO - CDS - seq=contig_1, start=1098602, stop=1098868, strand=+, nt=[ATGAAAATTA..CATCGAGTAG]
12:43:13.953 - INFO - CDS - seq=contig_1, start=1098879, stop=1100741, strand=-, nt=[GTGGGTATTG..AGCCCGTTAA]
12:43:13.953 - INFO - CDS - seq=contig_1, start=1100779, stop=1101204, strand=-, nt=[GTGAGTGAAG..AAGTGCGTAG]
12:43:13.953 - INFO - CDS - seq=contig_1, start=1101201, stop=1102286, strand=-, nt=[ATGGGCAGAT..CGACTGGTGA]
12:43:13.953 - INFO - CDS - seq=contig_1, start=1102359, stop=1104290, strand=-, nt=[GTGTGCGAAT..AAAGTCGTAA]
12:43:13.953 - INFO - CDS - seq=contig_1, start=1104348, stop=1105862, strand=+, nt=[ATGACCACGT..CGCCCGCTGA]
12:43:13.953 - INFO - CDS - seq=contig_1, start=1105884, stop=1106327, strand=+, nt=[GTGCACGGGC..TAGCGCATAA]
12:43:13.953 - INFO - CDS - seq=contig_1, start=1106328, stop=1107848, strand=+, nt=[ATGGACGCGC..TCATGTCTGA]
12:43:13.953 - INFO - CDS - seq=contig_1, start=1107841, stop=1109370, strand=+, nt=[ATGTCTGACC..TCAGCTGTAA]
12:43:13.953 - INFO - CDS - seq=contig_1, start=1109466, stop=1110833, strand=-, nt=[GTGGCTAAAA..GAAGGCGTAG]
12:43:13.953 - INFO - CDS - seq=contig_1, start=1110849, stop=1111547, strand=-, nt=[ATGGCCAGCG..TTCTTCCTGA]
12:43:13.953 - INFO - CDS - seq=contig_1, start=1111501, stop=1111890, strand=-, nt=[GTGAAGAATC..TAAGCGATAG]
12:43:13.953 - INFO - CDS - seq=contig_1, start=1111906, stop=1112334, strand=-, nt=[GTGAGGACAA..GTCGTGTTAA]
12:43:13.953 - INFO - CDS - seq=contig_1, start=1112331, stop=1112573, strand=-, nt=[GTGGGCGCGG..AGAGGGGTGA]
12:43:13.953 - INFO - CDS - seq=contig_1, start=1112767, stop=1114536, strand=+, nt=[ATGCAAAGAT..CCTTTCCTAG]
12:43:13.953 - INFO - CDS - seq=contig_1, start=1114559, stop=1115434, strand=+, nt=[ATGCCTCGCC..CCCGCGCTAG]
12:43:13.953 - INFO - CDS - seq=contig_1, start=1115450, stop=1117507, strand=-, nt=[GTGGCACCCG..CTTTGCCTAA]
12:43:13.953 - INFO - CDS - seq=contig_1, start=1117545, stop=1118213, strand=-, nt=[ATGTCAAAAA..GGAAGAATAA]
12:43:13.953 - INFO - CDS - seq=contig_1, start=1118500, stop=1120377, strand=+, nt=[GTGCAGAGTA..CGCGTGGTAG]
12:43:13.953 - INFO - CDS - seq=contig_1, start=1120442, stop=1120876, strand=-, nt=[GTGGCCTGCG..CGTGCAGTAA]
12:43:13.953 - INFO - CDS - seq=contig_1, start=1120888, stop=1121823, strand=-, nt=[GTGAAGTGGT..TGAGCGCTAA]
12:43:13.953 - INFO - CDS - seq=contig_1, start=1121897, stop=1122922, strand=+, nt=[ATGGAATCGT..AGGACCCTAA]
12:43:13.954 - INFO - CDS - seq=contig_1, start=1122919, stop=1125873, strand=-, nt=[GTGACGGCAA..CTCCGATTAG]
12:43:13.954 - INFO - CDS - seq=contig_1, start=1125942, stop=1128320, strand=+, nt=[ATGCAGGTGT..ATCACCATAA]
12:43:13.954 - INFO - CDS - seq=contig_1, start=1128410, stop=1129126, strand=-, nt=[GTGGAAAAAA..AAGCTTTTAA]
12:43:13.954 - INFO - CDS - seq=contig_1, start=1129285, stop=1129818, strand=-, nt=[ATGAACATGT..GAAAGCCTAG]
12:43:13.954 - INFO - CDS - seq=contig_1, start=1130076, stop=1130618, strand=+, nt=[ATGGACGGAC..TTCCAATTAA]
12:43:13.954 - INFO - CDS - seq=contig_1, start=1130641, stop=1131696, strand=-, nt=[ATGGATACCG..TGATCAGTGA]
12:43:13.954 - INFO - CDS - seq=contig_1, start=1131696, stop=1132295, strand=-, nt=[ATGAGGTGTG..TAAGAAATAA]
12:43:13.954 - INFO - CDS - predicted=983
12:43:13.954 - INFO - CDS - discarded=0
12:43:13.990 - INFO - ORF - discard spurious: seq=contig_1, start=537286, stop=537723, strand=+, homology=Spurious_ORF_10, evalue=2.1e-13, bitscore=45.308025
12:43:13.991 - INFO - ORF - discard spurious: seq=contig_1, start=639058, stop=639213, strand=-, homology=Spurious_ORF_10, evalue=3.7e-09, bitscore=31.804926
12:43:13.991 - INFO - ORF - discard spurious: seq=contig_1, start=242215, stop=242376, strand=+, homology=Spurious_ORF_10, evalue=4.9e-07, bitscore=25.104544
12:43:13.992 - INFO - ORF - discard spurious: seq=contig_1, start=24720, stop=25028, strand=-, homology=Spurious_ORF_13, evalue=2.4e-13, bitscore=45.367905
12:43:13.992 - INFO - ORF - discard spurious: seq=contig_1, start=691313, stop=691519, strand=-, homology=Spurious_ORF_13, evalue=5.4e-09, bitscore=31.525030
12:43:13.992 - INFO - ORF - discard spurious: seq=contig_1, start=537286, stop=537723, strand=+, homology=Spurious_ORF_15, evalue=3.3e-08, bitscore=29.478071
12:43:14.073 - INFO - ORF - discarded=6
12:43:14.074 - INFO - ORF - write internal aa seqs: # seqs=978, path=/private/var/folders/fw/6q_csqnj4979y2v5d3nfpcth0000gn/T/tmp_qv1eskt/cds.pscc.faa
12:43:27.534 - INFO - PSCC - found: PSCC=641
12:43:27.552 - INFO - PSC - looked-up=0
12:43:28.225 - INFO - PSCC - looked-up=641
12:43:28.225 - INFO - ORF - write internal aa seqs: # seqs=978, path=/private/var/folders/fw/6q_csqnj4979y2v5d3nfpcth0000gn/T/tmp_qv1eskt/cds.expert.faa
12:43:34.377 - INFO - EXPERT-AMRFINDER - found=0
12:43:35.780 - INFO - EXPERT_AA_SEQ - found=7
12:43:35.780 - INFO - ANNOTATION - marked as hypothetical: seq=contig_1, start=4, stop=1398, strand=+
12:43:35.781 - INFO - ANNOTATION - marked as hypothetical: seq=contig_1, start=2846, stop=3835, strand=+
12:43:35.781 - INFO - ANNOTATION - marked as hypothetical: seq=contig_1, start=3828, stop=4265, strand=+
12:43:35.781 - INFO - ANNOTATION - marked as hypothetical: seq=contig_1, start=6833, stop=7018, strand=+
12:43:35.782 - INFO - ANNOTATION - marked as hypothetical: seq=contig_1, start=12590, stop=13822, strand=+
12:43:35.782 - INFO - ANNOTATION - marked as hypothetical: seq=contig_1, start=14013, stop=15827, strand=+
12:43:35.782 - INFO - ANNOTATION - fix gene: extract symbol from protein name. symbol=greA
12:43:35.782 - INFO - ANNOTATION - marked as hypothetical: seq=contig_1, start=29157, stop=29867, strand=+
12:43:35.782 - INFO - ANNOTATION - marked as hypothetical: seq=contig_1, start=33046, stop=34068, strand=-
12:43:35.782 - INFO - ANNOTATION - marked as hypothetical: seq=contig_1, start=40343, stop=41167, strand=-
12:43:35.782 - INFO - ANNOTATION - marked as hypothetical: seq=contig_1, start=41876, stop=42832, strand=-
12:43:35.782 - INFO - ANNOTATION - fix gene: extract symbol from protein name. symbol=znuC
12:43:35.782 - INFO - ANNOTATION - marked as hypothetical: seq=contig_1, start=43746, stop=44546, strand=+
12:43:35.782 - INFO - ANNOTATION - marked as hypothetical: seq=contig_1, start=44655, stop=45650, strand=-
12:43:35.782 - INFO - ANNOTATION - fix product: replace putative synonyms. new=putative regulatory protein PfoR, old=Probable regulatory protein PfoR
12:43:35.782 - INFO - ANNOTATION - fix gene: extract symbol from protein name. symbol=pfoR
12:43:35.782 - INFO - ANNOTATION - fix product: replace putative synonyms. new=putative methyl-accepting chemotaxis protein, old=Probable methyl-accepting chemotaxis protein
12:43:35.782 - INFO - ANNOTATION - marked as hypothetical: seq=contig_1, start=49597, stop=50529, strand=+
12:43:35.782 - INFO - ANNOTATION - marked as hypothetical: seq=contig_1, start=52682, stop=54574, strand=+
12:43:35.782 - INFO - ANNOTATION - marked as hypothetical: seq=contig_1, start=55891, stop=56592, strand=-
12:43:35.782 - INFO - ANNOTATION - marked as hypothetical: seq=contig_1, start=56610, stop=57131, strand=-
12:43:35.782 - INFO - ANNOTATION - marked as hypothetical: seq=contig_1, start=57137, stop=57568, strand=-
12:43:35.782 - INFO - ANNOTATION - marked as hypothetical: seq=contig_1, start=58912, stop=59520, strand=-
12:43:35.782 - INFO - ANNOTATION - marked as hypothetical: seq=contig_1, start=60697, stop=61764, strand=+
12:43:35.782 - INFO - ANNOTATION - marked as hypothetical: seq=contig_1, start=63060, stop=64019, strand=+
12:43:35.782 - INFO - ANNOTATION - marked as hypothetical: seq=contig_1, start=64226, stop=64462, strand=+
12:43:35.782 - INFO - ANNOTATION - fix gene: extract symbol from protein name. symbol=dnaB
12:43:35.782 - INFO - ANNOTATION - marked as hypothetical: seq=contig_1, start=69269, stop=69739, strand=-
12:43:35.782 - INFO - ANNOTATION - marked as hypothetical: seq=contig_1, start=70800, stop=71081, strand=-
12:43:35.782 - INFO - ANNOTATION - marked as hypothetical: seq=contig_1, start=71364, stop=71798, strand=+
12:43:35.782 - INFO - ANNOTATION - fix gene: extract symbol from protein name. symbol=rsmD
12:43:35.782 - INFO - ANNOTATION - marked as hypothetical: seq=contig_1, start=74108, stop=75130, strand=+
12:43:35.782 - INFO - ANNOTATION - marked as hypothetical: seq=contig_1, start=75186, stop=75569, strand=-
12:43:35.782 - INFO - ANNOTATION - marked as hypothetical: seq=contig_1, start=75566, stop=75952, strand=-
12:43:35.782 - INFO - ANNOTATION - fix gene: extract symbol from protein name. symbol=clpB
12:43:35.782 - INFO - ANNOTATION - marked as hypothetical: seq=contig_1, start=78843, stop=79115, strand=+
12:43:35.782 - INFO - ANNOTATION - marked as hypothetical: seq=contig_1, start=82570, stop=83448, strand=+
12:43:35.783 - INFO - ANNOTATION - fix gene: extract symbol from protein name. symbol=capD
12:43:35.783 - INFO - ANNOTATION - marked as hypothetical: seq=contig_1, start=87207, stop=89360, strand=+
12:43:35.783 - INFO - ANNOTATION - marked as hypothetical: seq=contig_1, start=89357, stop=89824, strand=+
12:43:35.783 - INFO - ANNOTATION - marked as hypothetical: seq=contig_1, start=89831, stop=90679, strand=+
12:43:35.783 - INFO - ANNOTATION - marked as hypothetical: seq=contig_1, start=94537, stop=94770, strand=-
12:43:35.783 - INFO - ANNOTATION - fix gene: extract symbol from protein name. symbol=pilZ
12:43:35.783 - INFO - ANNOTATION - marked as hypothetical: seq=contig_1, start=96355, stop=96741, strand=-
12:43:35.783 - INFO - ANNOTATION - marked as hypothetical: seq=contig_1, start=96878, stop=97492, strand=-
12:43:35.783 - INFO - ANNOTATION - marked as hypothetical: seq=contig_1, start=102191, stop=102838, strand=+
12:43:35.783 - INFO - ANNOTATION - fix gene: extract symbol from protein name. symbol=dnaK
12:43:35.783 - INFO - ANNOTATION - fix gene: extract symbol from protein name. symbol=dnaJ
12:43:35.783 - INFO - ANNOTATION - marked as hypothetical: seq=contig_1, start=108419, stop=109021, strand=+
12:43:35.783 - INFO - ANNOTATION - marked as hypothetical: seq=contig_1, start=109014, stop=109808, strand=+
12:43:35.783 - INFO - ANNOTATION - marked as hypothetical: seq=contig_1, start=111884, stop=112579, strand=+
12:43:35.783 - INFO - ANNOTATION - marked as hypothetical: seq=contig_1, start=112603, stop=113247, strand=+
12:43:35.783 - INFO - ANNOTATION - marked as hypothetical: seq=contig_1, start=113295, stop=113705, strand=+
12:43:35.783 - INFO - ANNOTATION - fix product: replace putative synonyms. new=putative bifunctional choline-phosphate cytidylyltransferase/choline kinase, old=Probable bifunctional choline-phosphate cytidylyltransferase/choline kinase
12:43:35.783 - INFO - ANNOTATION - fix product: replace putative synonyms. new=putative rRNA (Adenosine-2'-O-)-methyltransferase, old=Probable rRNA (Adenosine-2'-O-)-methyltransferase
12:43:35.783 - INFO - ANNOTATION - marked as hypothetical: seq=contig_1, start=129832, stop=130818, strand=+
12:43:35.783 - INFO - ANNOTATION - fix gene: extract symbol from protein name. symbol=hflC
12:43:35.783 - INFO - ANNOTATION - marked as hypothetical: seq=contig_1, start=134842, stop=136089, strand=-
12:43:35.783 - INFO - ANNOTATION - marked as hypothetical: seq=contig_1, start=136043, stop=136633, strand=-
12:43:35.783 - INFO - ANNOTATION - marked as hypothetical: seq=contig_1, start=136712, stop=137977, strand=-
12:43:35.783 - INFO - ANNOTATION - fix gene: extract symbol from protein name. symbol=ychF
12:43:35.783 - INFO - ANNOTATION - marked as hypothetical: seq=contig_1, start=147549, stop=148220, strand=-
12:43:35.783 - INFO - ANNOTATION - marked as hypothetical: seq=contig_1, start=148274, stop=148912, strand=-
12:43:35.783 - INFO - ANNOTATION - marked as hypothetical: seq=contig_1, start=148994, stop=149263, strand=+
12:43:35.783 - INFO - ANNOTATION - marked as hypothetical: seq=contig_1, start=149141, stop=149749, strand=-
12:43:35.783 - INFO - ANNOTATION - marked as hypothetical: seq=contig_1, start=151493, stop=151960, strand=-
12:43:35.783 - INFO - ANNOTATION - marked as hypothetical: seq=contig_1, start=152668, stop=153915, strand=-
12:43:35.783 - INFO - ANNOTATION - marked as hypothetical: seq=contig_1, start=153869, stop=154459, strand=-
12:43:35.783 - INFO - ANNOTATION - fix gene: extract symbol from protein name. symbol=trkA
12:43:35.783 - INFO - ANNOTATION - marked as hypothetical: seq=contig_1, start=162295, stop=162828, strand=+
12:43:35.783 - INFO - ANNOTATION - marked as hypothetical: seq=contig_1, start=165173, stop=166180, strand=-
12:43:35.784 - INFO - ANNOTATION - marked as hypothetical: seq=contig_1, start=168600, stop=168767, strand=+
12:43:35.784 - INFO - ANNOTATION - marked as hypothetical: seq=contig_1, start=168767, stop=169066, strand=+
12:43:35.784 - INFO - ANNOTATION - marked as hypothetical: seq=contig_1, start=169063, stop=169374, strand=+
12:43:35.784 - INFO - ANNOTATION - marked as hypothetical: seq=contig_1, start=169371, stop=169640, strand=+
12:43:35.784 - INFO - ANNOTATION - marked as hypothetical: seq=contig_1, start=171506, stop=172081, strand=-
12:43:35.784 - INFO - ANNOTATION - marked as hypothetical: seq=contig_1, start=172081, stop=172671, strand=-
12:43:35.784 - INFO - ANNOTATION - marked as hypothetical: seq=contig_1, start=172664, stop=173131, strand=-
12:43:35.784 - INFO - ANNOTATION - marked as hypothetical: seq=contig_1, start=173115, stop=174134, strand=-
12:43:35.784 - INFO - ANNOTATION - fix product: replace putative synonyms. new=putative NADH dehydrogenase (Ubiquinone), subunit RnfC, old=Probable NADH dehydrogenase (Ubiquinone), subunit RnfC
12:43:35.784 - INFO - ANNOTATION - fix gene: extract symbol from protein name. symbol=rnfC
12:43:35.784 - INFO - ANNOTATION - fix gene: extract symbol from protein name. symbol=lysM
12:43:35.784 - INFO - ANNOTATION - marked as hypothetical: seq=contig_1, start=179058, stop=179960, strand=-
12:43:35.784 - INFO - ANNOTATION - marked as hypothetical: seq=contig_1, start=180647, stop=181675, strand=-
12:43:35.784 - INFO - ANNOTATION - fix gene: extract symbol from protein name. symbol=ruvB
12:43:35.784 - INFO - ANNOTATION - fix gene: extract symbol from protein name. symbol=troA
12:43:35.784 - INFO - ANNOTATION - fix gene: extract symbol from protein name. symbol=troB
12:43:35.784 - INFO - ANNOTATION - fix gene: extract symbol from protein name. symbol=troC
12:43:35.784 - INFO - ANNOTATION - fix gene: extract symbol from protein name. symbol=troD
12:43:35.784 - INFO - ANNOTATION - fix gene: extract symbol from protein name. symbol=troR
12:43:35.784 - INFO - ANNOTATION - marked as hypothetical: seq=contig_1, start=191784, stop=193151, strand=-
12:43:35.784 - INFO - ANNOTATION - marked as hypothetical: seq=contig_1, start=193159, stop=194679, strand=-
12:43:35.784 - INFO - ANNOTATION - marked as hypothetical: seq=contig_1, start=194676, stop=196004, strand=-
12:43:35.784 - INFO - ANNOTATION - marked as hypothetical: seq=contig_1, start=196079, stop=197005, strand=-
12:43:35.784 - INFO - ANNOTATION - marked as hypothetical: seq=contig_1, start=198981, stop=199424, strand=+
12:43:35.784 - INFO - ANNOTATION - marked as hypothetical: seq=contig_1, start=199405, stop=200043, strand=+
12:43:35.784 - INFO - ANNOTATION - marked as hypothetical: seq=contig_1, start=200046, stop=200891, strand=-
12:43:35.784 - INFO - ANNOTATION - marked as hypothetical: seq=contig_1, start=201448, stop=202155, strand=+
12:43:35.786 - INFO - ANNOTATION - marked as hypothetical: seq=contig_1, start=206646, stop=206930, strand=+
12:43:35.786 - INFO - ANNOTATION - marked as hypothetical: seq=contig_1, start=209652, stop=209870, strand=+
12:43:35.786 - INFO - ANNOTATION - marked as hypothetical: seq=contig_1, start=214112, stop=215431, strand=+
12:43:35.786 - INFO - ANNOTATION - marked as hypothetical: seq=contig_1, start=215470, stop=215583, strand=+
12:43:35.786 - INFO - ANNOTATION - marked as hypothetical: seq=contig_1, start=217423, stop=217917, strand=+
12:43:35.786 - INFO - ANNOTATION - marked as hypothetical: seq=contig_1, start=217941, stop=218138, strand=+
12:43:35.786 - INFO - ANNOTATION - marked as hypothetical: seq=contig_1, start=218323, stop=219006, strand=+
12:43:35.786 - INFO - ANNOTATION - fix gene: extract symbol from protein name. symbol=dnaK
12:43:35.786 - INFO - ANNOTATION - fix gene: extract symbol from protein name. symbol=dnaJ
12:43:35.786 - INFO - ANNOTATION - marked as hypothetical: seq=contig_1, start=222577, stop=224046, strand=+
12:43:35.786 - INFO - ANNOTATION - marked as hypothetical: seq=contig_1, start=224050, stop=226197, strand=+
12:43:35.786 - INFO - ANNOTATION - marked as hypothetical: seq=contig_1, start=226226, stop=226384, strand=+
12:43:35.786 - INFO - ANNOTATION - marked as hypothetical: seq=contig_1, start=226381, stop=226557, strand=+
12:43:35.786 - INFO - ANNOTATION - marked as hypothetical: seq=contig_1, start=226544, stop=227341, strand=+
12:43:35.786 - INFO - ANNOTATION - marked as hypothetical: seq=contig_1, start=227934, stop=229373, strand=+
12:43:35.786 - INFO - ANNOTATION - marked as hypothetical: seq=contig_1, start=229563, stop=230303, strand=+
12:43:35.786 - INFO - ANNOTATION - marked as hypothetical: seq=contig_1, start=230347, stop=230454, strand=+
12:43:35.786 - INFO - ANNOTATION - marked as hypothetical: seq=contig_1, start=237039, stop=237617, strand=-
12:43:35.786 - INFO - ANNOTATION - marked as hypothetical: seq=contig_1, start=237819, stop=238631, strand=+
12:43:35.786 - INFO - ANNOTATION - marked as hypothetical: seq=contig_1, start=240710, stop=241360, strand=+
12:43:35.786 - INFO - ANNOTATION - marked as hypothetical: seq=contig_1, start=242708, stop=242887, strand=+
12:43:35.786 - INFO - ANNOTATION - fix gene: extract symbol from protein name. symbol=nusG
12:43:35.786 - INFO - ANNOTATION - marked as hypothetical: seq=contig_1, start=258196, stop=260148, strand=+
12:43:35.786 - INFO - ANNOTATION - marked as hypothetical: seq=contig_1, start=261269, stop=261742, strand=+
12:43:35.786 - INFO - ANNOTATION - marked as hypothetical: seq=contig_1, start=263305, stop=263622, strand=+
12:43:35.786 - INFO - ANNOTATION - marked as hypothetical: seq=contig_1, start=263612, stop=265252, strand=+
12:43:35.786 - INFO - ANNOTATION - marked as hypothetical: seq=contig_1, start=265243, stop=265656, strand=+
12:43:35.786 - INFO - ANNOTATION - marked as hypothetical: seq=contig_1, start=267819, stop=268469, strand=+
12:43:35.786 - INFO - ANNOTATION - fix gene: extract symbol from protein name. symbol=lysM
12:43:35.786 - INFO - ANNOTATION - marked as hypothetical: seq=contig_1, start=271225, stop=272505, strand=-
12:43:35.787 - INFO - ANNOTATION - marked as hypothetical: seq=contig_1, start=278709, stop=278798, strand=+
12:43:35.787 - INFO - ANNOTATION - marked as hypothetical: seq=contig_1, start=278744, stop=278851, strand=+
12:43:35.787 - INFO - ANNOTATION - marked as hypothetical: seq=contig_1, start=284922, stop=286370, strand=+
12:43:35.787 - INFO - ANNOTATION - fix product: replace putative synonyms. new=putative chromosome-partitioning protein ParB, old=Probable chromosome-partitioning protein ParB
12:43:35.787 - INFO - ANNOTATION - fix gene: extract symbol from protein name. symbol=parB
12:43:35.787 - INFO - ANNOTATION - marked as hypothetical: seq=contig_1, start=289732, stop=290523, strand=+
12:43:35.787 - INFO - ANNOTATION - marked as hypothetical: seq=contig_1, start=291878, stop=292762, strand=-
12:43:35.787 - INFO - ANNOTATION - marked as hypothetical: seq=contig_1, start=297445, stop=298164, strand=+
12:43:35.787 - INFO - ANNOTATION - marked as hypothetical: seq=contig_1, start=298261, stop=298821, strand=+
12:43:35.787 - INFO - ANNOTATION - marked as hypothetical: seq=contig_1, start=301533, stop=304106, strand=+
12:43:35.787 - INFO - ANNOTATION - marked as hypothetical: seq=contig_1, start=304161, stop=304994, strand=+
12:43:35.787 - INFO - ANNOTATION - marked as hypothetical: seq=contig_1, start=309936, stop=310571, strand=+
12:43:35.787 - INFO - ANNOTATION - marked as hypothetical: seq=contig_1, start=310574, stop=311347, strand=+
12:43:35.787 - INFO - ANNOTATION - fix gene: extract symbol from protein name. symbol=rfuA
12:43:35.787 - INFO - ANNOTATION - fix product: replace putative synonyms. new=putative riboflavin import ATP-binding protein RfuB, old=Probable riboflavin import ATP-binding protein RfuB
12:43:35.787 - INFO - ANNOTATION - fix gene: extract symbol from protein name. symbol=rfuB
12:43:35.787 - INFO - ANNOTATION - marked as hypothetical: seq=contig_1, start=314265, stop=315398, strand=+
12:43:35.787 - INFO - ANNOTATION - fix product: replace putative synonyms. new=putative riboflavin import permease protein RfuD, old=Probable riboflavin import permease protein RfuD
12:43:35.787 - INFO - ANNOTATION - fix gene: extract symbol from protein name. symbol=rfuD
12:43:35.787 - INFO - ANNOTATION - marked as hypothetical: seq=contig_1, start=316317, stop=318263, strand=-
12:43:35.790 - INFO - ANNOTATION - marked as hypothetical: seq=contig_1, start=323917, stop=324945, strand=+
12:43:35.790 - INFO - ANNOTATION - marked as hypothetical: seq=contig_1, start=326792, stop=327154, strand=+
12:43:35.790 - INFO - ANNOTATION - marked as hypothetical: seq=contig_1, start=328419, stop=328715, strand=-
12:43:35.790 - INFO - ANNOTATION - marked as hypothetical: seq=contig_1, start=328858, stop=330600, strand=+
12:43:35.790 - INFO - ANNOTATION - marked as hypothetical: seq=contig_1, start=331116, stop=331583, strand=+
12:43:35.790 - INFO - ANNOTATION - marked as hypothetical: seq=contig_1, start=331602, stop=331748, strand=+
12:43:35.790 - INFO - ANNOTATION - marked as hypothetical: seq=contig_1, start=333422, stop=334537, strand=+
12:43:35.790 - INFO - ANNOTATION - marked as hypothetical: seq=contig_1, start=334534, stop=335484, strand=+
12:43:35.790 - INFO - ANNOTATION - fix gene: extract symbol from protein name. symbol=mutS
12:43:35.790 - INFO - ANNOTATION - fix gene: extract symbol from protein name. symbol=lolA
12:43:35.790 - INFO - ANNOTATION - marked as hypothetical: seq=contig_1, start=353260, stop=353724, strand=-
12:43:35.790 - INFO - ANNOTATION - marked as hypothetical: seq=contig_1, start=355323, stop=356180, strand=+
12:43:35.790 - INFO - ANNOTATION - marked as hypothetical: seq=contig_1, start=356198, stop=356686, strand=+
12:43:35.790 - INFO - ANNOTATION - marked as hypothetical: seq=contig_1, start=362128, stop=365574, strand=-
12:43:35.790 - INFO - ANNOTATION - marked as hypothetical: seq=contig_1, start=367754, stop=368464, strand=+
12:43:35.790 - INFO - ANNOTATION - marked as hypothetical: seq=contig_1, start=368484, stop=369599, strand=-
12:43:35.790 - INFO - ANNOTATION - marked as hypothetical: seq=contig_1, start=369578, stop=370108, strand=-
12:43:35.790 - INFO - ANNOTATION - marked as hypothetical: seq=contig_1, start=370321, stop=371607, strand=+
12:43:35.791 - INFO - ANNOTATION - marked as hypothetical: seq=contig_1, start=373653, stop=374279, strand=+
12:43:35.791 - INFO - ANNOTATION - marked as hypothetical: seq=contig_1, start=374355, stop=374645, strand=+
12:43:35.791 - INFO - ANNOTATION - marked as hypothetical: seq=contig_1, start=375176, stop=375283, strand=+
12:43:35.791 - INFO - ANNOTATION - marked as hypothetical: seq=contig_1, start=375333, stop=375992, strand=+
12:43:35.791 - INFO - ANNOTATION - marked as hypothetical: seq=contig_1, start=375997, stop=377577, strand=-
12:43:35.791 - INFO - ANNOTATION - marked as hypothetical: seq=contig_1, start=377589, stop=378224, strand=-
12:43:35.791 - INFO - ANNOTATION - fix gene: extract symbol from protein name. symbol=cheA
12:43:35.791 - INFO - ANNOTATION - marked as hypothetical: seq=contig_1, start=382725, stop=384059, strand=+
12:43:35.791 - INFO - ANNOTATION - fix gene: extract symbol from protein name. symbol=cheX
12:43:35.791 - INFO - ANNOTATION - marked as hypothetical: seq=contig_1, start=388121, stop=388456, strand=+
12:43:35.791 - INFO - ANNOTATION - marked as hypothetical: seq=contig_1, start=388453, stop=389991, strand=+
12:43:35.791 - INFO - ANNOTATION - marked as hypothetical: seq=contig_1, start=390059, stop=390322, strand=-
12:43:35.791 - INFO - ANNOTATION - marked as hypothetical: seq=contig_1, start=391344, stop=392081, strand=+
12:43:35.791 - INFO - ANNOTATION - marked as hypothetical: seq=contig_1, start=395926, stop=396285, strand=-
12:43:35.791 - INFO - ANNOTATION - marked as hypothetical: seq=contig_1, start=397553, stop=398047, strand=+
12:43:35.791 - INFO - ANNOTATION - fix gene: extract symbol from protein name. symbol=secA
12:43:35.791 - INFO - ANNOTATION - fix gene: extract symbol from protein name. symbol=mraZ
12:43:35.791 - INFO - ANNOTATION - marked as hypothetical: seq=contig_1, start=405480, stop=405854, strand=+
12:43:35.791 - INFO - ANNOTATION - fix product: replace putative synonyms. new=putative peptidoglycan glycosyltransferase FtsW, old=Probable peptidoglycan glycosyltransferase FtsW
12:43:35.791 - INFO - ANNOTATION - fix gene: extract symbol from protein name. symbol=ftsW
12:43:35.791 - INFO - ANNOTATION - marked as hypothetical: seq=contig_1, start=408346, stop=409161, strand=+
12:43:35.791 - INFO - ANNOTATION - fix gene: extract symbol from protein name. symbol=ftsA
12:43:35.791 - INFO - ANNOTATION - fix gene: extract symbol from protein name. symbol=ftsZ
12:43:35.791 - INFO - ANNOTATION - fix gene: extract symbol from protein name. symbol=xerD
12:43:35.791 - INFO - ANNOTATION - marked as hypothetical: seq=contig_1, start=412627, stop=413379, strand=+
12:43:35.791 - INFO - ANNOTATION - fix gene: extract symbol from protein name. symbol=xerC
12:43:35.791 - INFO - ANNOTATION - marked as hypothetical: seq=contig_1, start=417546, stop=417956, strand=+
12:43:35.791 - INFO - ANNOTATION - fix gene: extract symbol from protein name. symbol=flgC
12:43:35.791 - INFO - ANNOTATION - fix gene: extract symbol from protein name. symbol=fliE
12:43:35.791 - INFO - ANNOTATION - fix gene: extract symbol from protein name. symbol=fliF
12:43:35.791 - INFO - ANNOTATION - fix gene: extract symbol from protein name. symbol=fliG
12:43:35.791 - INFO - ANNOTATION - marked as hypothetical: seq=contig_1, start=421790, stop=422719, strand=+
12:43:35.791 - INFO - ANNOTATION - marked as hypothetical: seq=contig_1, start=424119, stop=424571, strand=+
12:43:35.791 - INFO - ANNOTATION - marked as hypothetical: seq=contig_1, start=424568, stop=425101, strand=-
12:43:35.791 - INFO - ANNOTATION - marked as hypothetical: seq=contig_1, start=425323, stop=425565, strand=+
12:43:35.791 - INFO - ANNOTATION - marked as hypothetical: seq=contig_1, start=427424, stop=430678, strand=+
12:43:35.791 - INFO - ANNOTATION - marked as hypothetical: seq=contig_1, start=430796, stop=431173, strand=+
12:43:35.791 - INFO - ANNOTATION - fix gene: extract symbol from protein name. symbol=secD
12:43:35.791 - INFO - ANNOTATION - fix gene: extract symbol from protein name. symbol=secF
12:43:35.791 - INFO - ANNOTATION - marked as hypothetical: seq=contig_1, start=434256, stop=434561, strand=-
12:43:35.791 - INFO - ANNOTATION - marked as hypothetical: seq=contig_1, start=434580, stop=436478, strand=-
12:43:35.791 - INFO - ANNOTATION - marked as hypothetical: seq=contig_1, start=437836, stop=438417, strand=-
12:43:35.791 - INFO - ANNOTATION - marked as hypothetical: seq=contig_1, start=442648, stop=443400, strand=+
12:43:35.791 - INFO - ANNOTATION - fix gene: extract symbol from protein name. symbol=pknD
12:43:35.791 - INFO - ANNOTATION - marked as hypothetical: seq=contig_1, start=445644, stop=446612, strand=+
12:43:35.791 - INFO - ANNOTATION - marked as hypothetical: seq=contig_1, start=446637, stop=447443, strand=+
12:43:35.791 - INFO - ANNOTATION - marked as hypothetical: seq=contig_1, start=447569, stop=448183, strand=+
12:43:35.791 - INFO - ANNOTATION - marked as hypothetical: seq=contig_1, start=448183, stop=448728, strand=+
12:43:35.792 - INFO - ANNOTATION - marked as hypothetical: seq=contig_1, start=455662, stop=456195, strand=+
12:43:35.792 - INFO - ANNOTATION - fix gene: extract symbol from protein name. symbol=nrnA
12:43:35.792 - INFO - ANNOTATION - marked as hypothetical: seq=contig_1, start=462215, stop=463366, strand=+
12:43:35.792 - INFO - ANNOTATION - marked as hypothetical: seq=contig_1, start=463420, stop=464280, strand=+
12:43:35.792 - INFO - ANNOTATION - fix gene: extract symbol from protein name. symbol=recN
12:43:35.792 - INFO - ANNOTATION - marked as hypothetical: seq=contig_1, start=466796, stop=467824, strand=+
12:43:35.792 - INFO - ANNOTATION - marked as hypothetical: seq=contig_1, start=467960, stop=468589, strand=+
12:43:35.792 - INFO - ANNOTATION - marked as hypothetical: seq=contig_1, start=472110, stop=472700, strand=+
12:43:35.792 - INFO - ANNOTATION - marked as hypothetical: seq=contig_1, start=479479, stop=479829, strand=+
12:43:35.792 - INFO - ANNOTATION - marked as hypothetical: seq=contig_1, start=479813, stop=480499, strand=-
12:43:35.792 - INFO - ANNOTATION - marked as hypothetical: seq=contig_1, start=481560, stop=482876, strand=-
12:43:35.792 - INFO - ANNOTATION - marked as hypothetical: seq=contig_1, start=483028, stop=484725, strand=+
12:43:35.792 - INFO - ANNOTATION - fix gene: extract symbol from protein name. symbol=scpB
12:43:35.792 - INFO - ANNOTATION - fix gene: extract symbol from protein name. symbol=rsuA
12:43:35.792 - INFO - ANNOTATION - marked as hypothetical: seq=contig_1, start=486338, stop=486958, strand=+
12:43:35.792 - INFO - ANNOTATION - marked as hypothetical: seq=contig_1, start=487019, stop=487375, strand=+
12:43:35.792 - INFO - ANNOTATION - marked as hypothetical: seq=contig_1, start=489503, stop=490300, strand=-
12:43:35.792 - INFO - ANNOTATION - marked as hypothetical: seq=contig_1, start=490305, stop=491375, strand=-
12:43:35.792 - INFO - ANNOTATION - marked as hypothetical: seq=contig_1, start=491683, stop=493635, strand=-
12:43:35.792 - INFO - ANNOTATION - marked as hypothetical: seq=contig_1, start=493628, stop=494785, strand=-
12:43:35.792 - INFO - ANNOTATION - marked as hypothetical: seq=contig_1, start=498349, stop=498975, strand=-
12:43:35.792 - INFO - ANNOTATION - fix product: replace putative synonyms. new=putative transcriptional regulatory protein DET0444, old=Probable transcriptional regulatory protein DET0444
12:43:35.792 - INFO - ANNOTATION - marked as hypothetical: seq=contig_1, start=503042, stop=503746, strand=-
12:43:35.792 - INFO - ANNOTATION - marked as hypothetical: seq=contig_1, start=506213, stop=506701, strand=+
12:43:35.792 - INFO - ANNOTATION - marked as hypothetical: seq=contig_1, start=512069, stop=513913, strand=-
12:43:35.792 - INFO - ANNOTATION - marked as hypothetical: seq=contig_1, start=515594, stop=517615, strand=-
12:43:35.792 - INFO - ANNOTATION - marked as hypothetical: seq=contig_1, start=521428, stop=521616, strand=+
12:43:35.792 - INFO - ANNOTATION - fix gene: extract symbol from protein name. symbol=rpoD
12:43:35.792 - INFO - ANNOTATION - marked as hypothetical: seq=contig_1, start=526341, stop=527162, strand=+
12:43:35.792 - INFO - ANNOTATION - fix gene: extract symbol from protein name. symbol=mreB
12:43:35.792 - INFO - ANNOTATION - fix gene: extract symbol from protein name. symbol=mreC
12:43:35.792 - INFO - ANNOTATION - marked as hypothetical: seq=contig_1, start=530393, stop=530899, strand=+
12:43:35.792 - INFO - ANNOTATION - fix gene: extract symbol from protein name. symbol=rodA
12:43:35.792 - INFO - ANNOTATION - marked as hypothetical: seq=contig_1, start=534098, stop=534994, strand=+
12:43:35.792 - INFO - ANNOTATION - marked as hypothetical: seq=contig_1, start=534994, stop=535536, strand=+
12:43:35.792 - INFO - ANNOTATION - fix gene: extract symbol from protein name. symbol=clpX
12:43:35.792 - INFO - ANNOTATION - fix gene: extract symbol from protein name. symbol=lptD
12:43:35.793 - INFO - ANNOTATION - fix product: replace putative synonyms. new=putative lipid II flippase MurJ, old=Probable lipid II flippase MurJ
12:43:35.793 - INFO - ANNOTATION - fix gene: extract symbol from protein name. symbol=murJ
12:43:35.793 - INFO - ANNOTATION - fix gene: extract symbol from protein name. symbol=ruvC
12:43:35.793 - INFO - ANNOTATION - marked as hypothetical: seq=contig_1, start=559624, stop=560103, strand=-
12:43:35.793 - INFO - ANNOTATION - marked as hypothetical: seq=contig_1, start=566804, stop=567433, strand=-
12:43:35.793 - INFO - ANNOTATION - marked as hypothetical: seq=contig_1, start=570781, stop=571407, strand=-
12:43:35.793 - INFO - ANNOTATION - marked as hypothetical: seq=contig_1, start=571413, stop=571730, strand=-
12:43:35.793 - INFO - ANNOTATION - marked as hypothetical: seq=contig_1, start=571752, stop=572048, strand=-
12:43:35.793 - INFO - ANNOTATION - marked as hypothetical: seq=contig_1, start=572050, stop=573735, strand=-
12:43:35.793 - INFO - ANNOTATION - marked as hypothetical: seq=contig_1, start=573728, stop=574753, strand=-
12:43:35.793 - INFO - ANNOTATION - marked as hypothetical: seq=contig_1, start=574757, stop=575041, strand=-
12:43:35.793 - INFO - ANNOTATION - marked as hypothetical: seq=contig_1, start=575098, stop=575508, strand=-
12:43:35.793 - INFO - ANNOTATION - marked as hypothetical: seq=contig_1, start=581526, stop=582209, strand=-
12:43:35.793 - INFO - ANNOTATION - marked as hypothetical: seq=contig_1, start=582251, stop=584125, strand=-
12:43:35.793 - INFO - ANNOTATION - fix gene: extract symbol from protein name. symbol=mglB
12:43:35.793 - INFO - ANNOTATION - fix gene: extract symbol from protein name. symbol=clpA
12:43:35.793 - INFO - ANNOTATION - fix gene: extract symbol from protein name. symbol=mnmE
12:43:35.793 - INFO - ANNOTATION - fix product: revise DUF. new=DUF1007 domain-containing protein, old=DUF1007 family protein
12:43:35.793 - INFO - ANNOTATION - fix product: replace putative synonyms. new=putative tRNA sulfurtransferase, old=Probable tRNA sulfurtransferase
12:43:35.793 - INFO - ANNOTATION - marked as hypothetical: seq=contig_1, start=605094, stop=605945, strand=-
12:43:35.793 - INFO - ANNOTATION - marked as hypothetical: seq=contig_1, start=609571, stop=610788, strand=-
12:43:35.793 - INFO - ANNOTATION - marked as hypothetical: seq=contig_1, start=612321, stop=612941, strand=-
12:43:35.793 - INFO - ANNOTATION - fix gene: extract symbol from protein name. symbol=lemA
12:43:35.793 - INFO - ANNOTATION - marked as hypothetical: seq=contig_1, start=617678, stop=618760, strand=-
12:43:35.793 - INFO - ANNOTATION - marked as hypothetical: seq=contig_1, start=625261, stop=626142, strand=+
12:43:35.793 - INFO - ANNOTATION - marked as hypothetical: seq=contig_1, start=626139, stop=626915, strand=+
12:43:35.793 - INFO - ANNOTATION - fix gene: extract symbol from protein name. symbol=lolD
12:43:35.793 - INFO - ANNOTATION - marked as hypothetical: seq=contig_1, start=636200, stop=637222, strand=-
12:43:35.793 - INFO - ANNOTATION - marked as hypothetical: seq=contig_1, start=637310, stop=637576, strand=-
12:43:35.793 - INFO - ANNOTATION - marked as hypothetical: seq=contig_1, start=643540, stop=644175, strand=-
12:43:35.793 - INFO - ANNOTATION - marked as hypothetical: seq=contig_1, start=647520, stop=648173, strand=-
12:43:35.794 - INFO - ANNOTATION - fix gene: extract symbol from protein name. symbol=sufB
12:43:35.794 - INFO - ANNOTATION - marked as hypothetical: seq=contig_1, start=663552, stop=664766, strand=+
12:43:35.794 - INFO - ANNOTATION - marked as hypothetical: seq=contig_1, start=666071, stop=666343, strand=-
12:43:35.794 - INFO - ANNOTATION - marked as hypothetical: seq=contig_1, start=666942, stop=668684, strand=-
12:43:35.794 - INFO - ANNOTATION - marked as hypothetical: seq=contig_1, start=668827, stop=669123, strand=+
12:43:35.794 - INFO - ANNOTATION - marked as hypothetical: seq=contig_1, start=671217, stop=672809, strand=+
12:43:35.794 - INFO - ANNOTATION - marked as hypothetical: seq=contig_1, start=674354, stop=674992, strand=+
12:43:35.794 - INFO - ANNOTATION - marked as hypothetical: seq=contig_1, start=682844, stop=684118, strand=+
12:43:35.794 - INFO - ANNOTATION - marked as hypothetical: seq=contig_1, start=688877, stop=689641, strand=-
12:43:35.794 - INFO - ANNOTATION - marked as hypothetical: seq=contig_1, start=690859, stop=691293, strand=-
12:43:35.794 - INFO - ANNOTATION - fix gene: extract symbol from protein name. symbol=ybeY
12:43:35.794 - INFO - ANNOTATION - fix gene: extract symbol from protein name. symbol=potA
12:43:35.794 - INFO - ANNOTATION - fix gene: extract symbol from protein name. symbol=csrA
12:43:35.794 - INFO - ANNOTATION - fix gene: extract symbol from protein name. symbol=fliW
12:43:35.794 - INFO - ANNOTATION - marked as hypothetical: seq=contig_1, start=717640, stop=718152, strand=-
12:43:35.794 - INFO - ANNOTATION - fix gene: extract symbol from protein name. symbol=flaA
12:43:35.794 - INFO - ANNOTATION - fix gene: extract symbol from protein name. symbol=flaA
12:43:35.794 - INFO - ANNOTATION - marked as hypothetical: seq=contig_1, start=721008, stop=721763, strand=-
12:43:35.794 - INFO - ANNOTATION - marked as hypothetical: seq=contig_1, start=721760, stop=721936, strand=-
12:43:35.794 - INFO - ANNOTATION - marked as hypothetical: seq=contig_1, start=723995, stop=724597, strand=-
12:43:35.794 - INFO - ANNOTATION - marked as hypothetical: seq=contig_1, start=733831, stop=734439, strand=+
12:43:35.794 - INFO - ANNOTATION - marked as hypothetical: seq=contig_1, start=735455, stop=735733, strand=-
12:43:35.794 - INFO - ANNOTATION - marked as hypothetical: seq=contig_1, start=735755, stop=736363, strand=-
12:43:35.794 - INFO - ANNOTATION - marked as hypothetical: seq=contig_1, start=736617, stop=737540, strand=+
12:43:35.794 - INFO - ANNOTATION - marked as hypothetical: seq=contig_1, start=737537, stop=737854, strand=+
12:43:35.794 - INFO - ANNOTATION - marked as hypothetical: seq=contig_1, start=739004, stop=740137, strand=-
12:43:35.794 - INFO - ANNOTATION - marked as hypothetical: seq=contig_1, start=740166, stop=740768, strand=-
12:43:35.794 - INFO - ANNOTATION - marked as hypothetical: seq=contig_1, start=740822, stop=741955, strand=+
12:43:35.794 - INFO - ANNOTATION - fix gene: extract symbol from protein name. symbol=mglC
12:43:35.794 - INFO - ANNOTATION - fix gene: extract symbol from protein name. symbol=recG
12:43:35.794 - INFO - ANNOTATION - marked as hypothetical: seq=contig_1, start=748923, stop=749915, strand=-
12:43:35.794 - INFO - ANNOTATION - marked as hypothetical: seq=contig_1, start=749937, stop=751319, strand=-
12:43:35.794 - INFO - ANNOTATION - fix gene: extract symbol from protein name. symbol=recA
12:43:35.795 - INFO - ANNOTATION - marked as hypothetical: seq=contig_1, start=754199, stop=755521, strand=-
12:43:35.795 - INFO - ANNOTATION - marked as hypothetical: seq=contig_1, start=755681, stop=756358, strand=+
12:43:35.795 - INFO - ANNOTATION - fix product: replace putative synonyms. new=putative nicotinamidase, old=Probable nicotinamidase
12:43:35.795 - INFO - ANNOTATION - marked as hypothetical: seq=contig_1, start=760436, stop=760828, strand=-
12:43:35.795 - INFO - ANNOTATION - marked as hypothetical: seq=contig_1, start=761340, stop=762572, strand=-
12:43:35.795 - INFO - ANNOTATION - fix gene: extract symbol from protein name. symbol=recJ
12:43:35.795 - INFO - ANNOTATION - fix gene: extract symbol from protein name. symbol=lysM
12:43:35.795 - INFO - ANNOTATION - marked as hypothetical: seq=contig_1, start=768774, stop=769151, strand=-
12:43:35.795 - INFO - ANNOTATION - marked as hypothetical: seq=contig_1, start=769318, stop=769833, strand=+
12:43:35.795 - INFO - ANNOTATION - fix gene: extract symbol from protein name. symbol=khpB
12:43:35.795 - INFO - ANNOTATION - marked as hypothetical: seq=contig_1, start=772693, stop=773268, strand=+
12:43:35.795 - INFO - ANNOTATION - fix gene: extract symbol from protein name. symbol=fleN
12:43:35.795 - INFO - ANNOTATION - fix gene: extract symbol from protein name. symbol=flhF
12:43:35.795 - INFO - ANNOTATION - fix gene: extract symbol from protein name. symbol=flhA
12:43:35.795 - INFO - ANNOTATION - fix gene: extract symbol from protein name. symbol=flhB
12:43:35.795 - INFO - ANNOTATION - fix gene: extract symbol from protein name. symbol=fliR
12:43:35.795 - INFO - ANNOTATION - fix gene: extract symbol from protein name. symbol=fliQ
12:43:35.795 - INFO - ANNOTATION - fix gene: extract symbol from protein name. symbol=fliP
12:43:35.795 - INFO - ANNOTATION - marked as hypothetical: seq=contig_1, start=781425, stop=782471, strand=-
12:43:35.795 - INFO - ANNOTATION - fix gene: extract symbol from protein name. symbol=fliM
12:43:35.795 - INFO - ANNOTATION - fix gene: extract symbol from protein name. symbol=fliL
12:43:35.795 - INFO - ANNOTATION - marked as hypothetical: seq=contig_1, start=784047, stop=784178, strand=-
12:43:35.795 - INFO - ANNOTATION - marked as hypothetical: seq=contig_1, start=785695, stop=785892, strand=-
12:43:35.795 - INFO - ANNOTATION - fix gene: extract symbol from protein name. symbol=flgE
12:43:35.795 - INFO - ANNOTATION - fix gene: extract symbol from protein name. symbol=fliK
12:43:35.795 - INFO - ANNOTATION - marked as hypothetical: seq=contig_1, start=789809, stop=790660, strand=+
12:43:35.795 - INFO - ANNOTATION - marked as hypothetical: seq=contig_1, start=790734, stop=791354, strand=+
12:43:35.795 - INFO - ANNOTATION - fix gene: extract symbol from protein name. symbol=folD
12:43:35.795 - INFO - ANNOTATION - marked as hypothetical: seq=contig_1, start=797837, stop=798172, strand=-
12:43:35.795 - INFO - ANNOTATION - fix gene: extract symbol from protein name. symbol=lytR
12:43:35.795 - INFO - ANNOTATION - marked as hypothetical: seq=contig_1, start=799439, stop=800152, strand=-
12:43:35.795 - INFO - ANNOTATION - fix product: replace putative synonyms. new=putative nicotinate-nucleotide adenylyltransferase, old=Probable nicotinate-nucleotide adenylyltransferase
12:43:35.795 - INFO - ANNOTATION - marked as hypothetical: seq=contig_1, start=802286, stop=802612, strand=-
12:43:35.795 - INFO - ANNOTATION - fix gene: extract symbol from protein name. symbol=cfpA
12:43:35.795 - INFO - ANNOTATION - marked as hypothetical: seq=contig_1, start=809092, stop=809763, strand=+
12:43:35.795 - INFO - ANNOTATION - marked as hypothetical: seq=contig_1, start=811874, stop=812158, strand=-
12:43:35.795 - INFO - ANNOTATION - marked as hypothetical: seq=contig_1, start=812155, stop=813525, strand=-
12:43:35.795 - INFO - ANNOTATION - marked as hypothetical: seq=contig_1, start=813567, stop=814256, strand=-
12:43:35.795 - INFO - ANNOTATION - marked as hypothetical: seq=contig_1, start=814309, stop=815268, strand=-
12:43:35.795 - INFO - ANNOTATION - marked as hypothetical: seq=contig_1, start=815801, stop=816010, strand=-
12:43:35.795 - INFO - ANNOTATION - marked as hypothetical: seq=contig_1, start=818144, stop=819022, strand=+
12:43:35.795 - INFO - ANNOTATION - marked as hypothetical: seq=contig_1, start=820295, stop=821128, strand=-
12:43:35.796 - INFO - ANNOTATION - fix gene: extract symbol from protein name. symbol=ftsH
12:43:35.796 - INFO - ANNOTATION - marked as hypothetical: seq=contig_1, start=824584, stop=825465, strand=+
12:43:35.796 - INFO - ANNOTATION - fix gene: extract symbol from protein name. symbol=phoU
12:43:35.796 - INFO - ANNOTATION - marked as hypothetical: seq=contig_1, start=833747, stop=834529, strand=+
12:43:35.796 - INFO - ANNOTATION - marked as hypothetical: seq=contig_1, start=834571, stop=835770, strand=-
12:43:35.796 - INFO - ANNOTATION - marked as hypothetical: seq=contig_1, start=837426, stop=837581, strand=-
12:43:35.796 - INFO - ANNOTATION - marked as hypothetical: seq=contig_1, start=837578, stop=838354, strand=-
12:43:35.796 - INFO - ANNOTATION - fix product: replace putative synonyms. new=putative nucleoside-triphosphate diphosphatase, old=Probable nucleoside-triphosphate diphosphatase
12:43:35.796 - INFO - ANNOTATION - marked as hypothetical: seq=contig_1, start=839606, stop=840250, strand=-
12:43:35.796 - INFO - ANNOTATION - marked as hypothetical: seq=contig_1, start=842373, stop=843323, strand=-
12:43:35.796 - INFO - ANNOTATION - marked as hypothetical: seq=contig_1, start=844465, stop=844635, strand=+
12:43:35.796 - INFO - ANNOTATION - marked as hypothetical: seq=contig_1, start=844651, stop=845250, strand=+
12:43:35.796 - INFO - ANNOTATION - fix gene: extract symbol from protein name. symbol=lptB
12:43:35.796 - INFO - ANNOTATION - marked as hypothetical: seq=contig_1, start=847326, stop=848216, strand=+
12:43:35.796 - INFO - ANNOTATION - marked as hypothetical: seq=contig_1, start=848229, stop=849005, strand=-
12:43:35.796 - INFO - ANNOTATION - fix gene: extract symbol from protein name. symbol=flaB1
12:43:35.796 - INFO - ANNOTATION - marked as hypothetical: seq=contig_1, start=853003, stop=854622, strand=+
12:43:35.796 - INFO - ANNOTATION - marked as hypothetical: seq=contig_1, start=857201, stop=857992, strand=-
12:43:35.796 - INFO - ANNOTATION - fix gene: extract symbol from protein name. symbol=clpA
12:43:35.796 - INFO - ANNOTATION - marked as hypothetical: seq=contig_1, start=865157, stop=866365, strand=+
12:43:35.796 - INFO - ANNOTATION - fix gene: extract symbol from protein name. symbol=ugpC
12:43:35.796 - INFO - ANNOTATION - fix product: replace putative synonyms. new=putative exoribonuclease II, old=Probable exoribonuclease II
12:43:35.796 - INFO - ANNOTATION - fix gene: extract symbol from protein name. symbol=femA
12:43:35.796 - INFO - ANNOTATION - marked as hypothetical: seq=contig_1, start=871355, stop=871543, strand=+
12:43:35.796 - INFO - ANNOTATION - marked as hypothetical: seq=contig_1, start=871837, stop=872601, strand=+
12:43:35.796 - INFO - ANNOTATION - marked as hypothetical: seq=contig_1, start=873738, stop=875189, strand=+
12:43:35.796 - INFO - ANNOTATION - marked as hypothetical: seq=contig_1, start=875413, stop=876435, strand=-
12:43:35.796 - INFO - ANNOTATION - marked as hypothetical: seq=contig_1, start=878758, stop=879402, strand=-
12:43:35.796 - INFO - ANNOTATION - marked as hypothetical: seq=contig_1, start=888380, stop=889342, strand=+
12:43:35.796 - INFO - ANNOTATION - marked as hypothetical: seq=contig_1, start=891447, stop=893216, strand=-
12:43:35.796 - INFO - ANNOTATION - marked as hypothetical: seq=contig_1, start=893239, stop=894045, strand=-
12:43:35.796 - INFO - ANNOTATION - marked as hypothetical: seq=contig_1, start=896237, stop=899041, strand=-
12:43:35.796 - INFO - ANNOTATION - marked as hypothetical: seq=contig_1, start=899182, stop=900006, strand=-
12:43:35.796 - INFO - ANNOTATION - marked as hypothetical: seq=contig_1, start=903720, stop=904727, strand=-
12:43:35.796 - INFO - ANNOTATION - marked as hypothetical: seq=contig_1, start=904832, stop=907081, strand=+
12:43:35.796 - INFO - ANNOTATION - marked as hypothetical: seq=contig_1, start=911827, stop=912360, strand=-
12:43:35.796 - INFO - ANNOTATION - marked as hypothetical: seq=contig_1, start=912724, stop=913059, strand=-
12:43:35.796 - INFO - ANNOTATION - marked as hypothetical: seq=contig_1, start=914415, stop=916583, strand=+
12:43:35.797 - INFO - ANNOTATION - marked as hypothetical: seq=contig_1, start=933280, stop=933411, strand=-
12:43:35.797 - INFO - ANNOTATION - marked as hypothetical: seq=contig_1, start=933434, stop=934201, strand=-
12:43:35.797 - INFO - ANNOTATION - fix gene: extract symbol from protein name. symbol=lysM
12:43:35.797 - INFO - ANNOTATION - fix gene: extract symbol from protein name. symbol=flaB1
12:43:35.797 - INFO - ANNOTATION - fix gene: extract symbol from protein name. symbol=flaB1
12:43:35.797 - INFO - ANNOTATION - marked as hypothetical: seq=contig_1, start=945629, stop=946231, strand=+
12:43:35.797 - INFO - ANNOTATION - marked as hypothetical: seq=contig_1, start=946228, stop=946503, strand=+
12:43:35.797 - INFO - ANNOTATION - fix gene: extract symbol from protein name. symbol=tsaE
12:43:35.797 - INFO - ANNOTATION - marked as hypothetical: seq=contig_1, start=946997, stop=947662, strand=+
12:43:35.797 - INFO - ANNOTATION - marked as hypothetical: seq=contig_1, start=948777, stop=949736, strand=-
12:43:35.797 - INFO - ANNOTATION - marked as hypothetical: seq=contig_1, start=959490, stop=960317, strand=-
12:43:35.797 - INFO - ANNOTATION - marked as hypothetical: seq=contig_1, start=961399, stop=961779, strand=-
12:43:35.797 - INFO - ANNOTATION - marked as hypothetical: seq=contig_1, start=961776, stop=964472, strand=-
12:43:35.797 - INFO - ANNOTATION - marked as hypothetical: seq=contig_1, start=964480, stop=965937, strand=-
12:43:35.797 - INFO - ANNOTATION - marked as hypothetical: seq=contig_1, start=965987, stop=966457, strand=-
12:43:35.797 - INFO - ANNOTATION - marked as hypothetical: seq=contig_1, start=966478, stop=966612, strand=-
12:43:35.797 - INFO - ANNOTATION - marked as hypothetical: seq=contig_1, start=966631, stop=967653, strand=-
12:43:35.797 - INFO - ANNOTATION - marked as hypothetical: seq=contig_1, start=967660, stop=968187, strand=-
12:43:35.797 - INFO - ANNOTATION - marked as hypothetical: seq=contig_1, start=978081, stop=978962, strand=-
12:43:35.797 - INFO - ANNOTATION - marked as hypothetical: seq=contig_1, start=978964, stop=980562, strand=+
12:43:35.797 - INFO - ANNOTATION - marked as hypothetical: seq=contig_1, start=980769, stop=981140, strand=+
12:43:35.797 - INFO - ANNOTATION - fix gene: extract symbol from protein name. symbol=khpA
12:43:35.797 - INFO - ANNOTATION - marked as hypothetical: seq=contig_1, start=981442, stop=981978, strand=+
12:43:35.797 - INFO - ANNOTATION - marked as hypothetical: seq=contig_1, start=984009, stop=984260, strand=+
12:43:35.797 - INFO - ANNOTATION - marked as hypothetical: seq=contig_1, start=985579, stop=985959, strand=+
12:43:35.797 - INFO - ANNOTATION - marked as hypothetical: seq=contig_1, start=985956, stop=986138, strand=+
12:43:35.797 - INFO - ANNOTATION - marked as hypothetical: seq=contig_1, start=986131, stop=986517, strand=+
12:43:35.797 - INFO - ANNOTATION - fix gene: extract symbol from protein name. symbol=yrrB
12:43:35.797 - INFO - ANNOTATION - fix gene: extract symbol from protein name. symbol=mgtE
12:43:35.797 - INFO - ANNOTATION - marked as hypothetical: seq=contig_1, start=989723, stop=990148, strand=-
12:43:35.797 - INFO - ANNOTATION - marked as hypothetical: seq=contig_1, start=994743, stop=995795, strand=+
12:43:35.797 - INFO - ANNOTATION - marked as hypothetical: seq=contig_1, start=995739, stop=997097, strand=-
12:43:35.797 - INFO - ANNOTATION - marked as hypothetical: seq=contig_1, start=999721, stop=999987, strand=-
12:43:35.797 - INFO - ANNOTATION - marked as hypothetical: seq=contig_1, start=1000708, stop=1002543, strand=-
12:43:35.797 - INFO - ANNOTATION - marked as hypothetical: seq=contig_1, start=1002717, stop=1002929, strand=+
12:43:35.797 - INFO - ANNOTATION - marked as hypothetical: seq=contig_1, start=1003083, stop=1004552, strand=+
12:43:35.798 - INFO - ANNOTATION - marked as hypothetical: seq=contig_1, start=1012029, stop=1013039, strand=-
12:43:35.798 - INFO - ANNOTATION - marked as hypothetical: seq=contig_1, start=1013274, stop=1013909, strand=-
12:43:35.798 - INFO - ANNOTATION - marked as hypothetical: seq=contig_1, start=1013906, stop=1014502, strand=-
12:43:35.798 - INFO - ANNOTATION - marked as hypothetical: seq=contig_1, start=1014469, stop=1014705, strand=-
12:43:35.798 - INFO - ANNOTATION - marked as hypothetical: seq=contig_1, start=1019144, stop=1019608, strand=-
12:43:35.798 - INFO - ANNOTATION - fix gene: extract symbol from protein name. symbol=fliS
12:43:35.798 - INFO - ANNOTATION - marked as hypothetical: seq=contig_1, start=1022440, stop=1022859, strand=-
12:43:35.798 - INFO - ANNOTATION - marked as hypothetical: seq=contig_1, start=1023617, stop=1024312, strand=-
12:43:35.798 - INFO - ANNOTATION - fix gene: extract symbol from protein name. symbol=yidC
12:43:35.798 - INFO - ANNOTATION - marked as hypothetical: seq=contig_1, start=1026484, stop=1026885, strand=-
12:43:35.798 - INFO - ANNOTATION - fix gene: extract symbol from protein name. symbol=traB
12:43:35.798 - INFO - ANNOTATION - marked as hypothetical: seq=contig_1, start=1029562, stop=1030998, strand=-
12:43:35.798 - INFO - ANNOTATION - marked as hypothetical: seq=contig_1, start=1031148, stop=1031441, strand=+
12:43:35.798 - INFO - ANNOTATION - marked as hypothetical: seq=contig_1, start=1035526, stop=1035915, strand=-
12:43:35.798 - INFO - ANNOTATION - fix gene: extract symbol from protein name. symbol=flgG
12:43:35.798 - INFO - ANNOTATION - fix gene: extract symbol from protein name. symbol=flgF
12:43:35.798 - INFO - ANNOTATION - marked as hypothetical: seq=contig_1, start=1037698, stop=1038930, strand=-
12:43:35.798 - INFO - ANNOTATION - fix product: replace putative synonyms. new=putative macrolide ABC superfamily ATP binding cassette transporter, ABC/membrane protein, old=Probable macrolide ABC superfamily ATP binding cassette transporter, ABC/membrane protein
12:43:35.798 - INFO - ANNOTATION - fix gene: extract symbol from protein name. symbol=lolD
12:43:35.798 - INFO - ANNOTATION - marked as hypothetical: seq=contig_1, start=1050749, stop=1052410, strand=+
12:43:35.798 - INFO - ANNOTATION - marked as hypothetical: seq=contig_1, start=1052462, stop=1052740, strand=-
12:43:35.798 - INFO - ANNOTATION - fix product: replace Homolog. new=GTP cyclohydrolase 1 type 2-like protein, old=GTP cyclohydrolase 1 type 2 homolog
12:43:35.798 - INFO - ANNOTATION - fix gene: extract symbol from protein name. symbol=ycfH
12:43:35.798 - INFO - ANNOTATION - marked as hypothetical: seq=contig_1, start=1057404, stop=1058459, strand=+
12:43:35.798 - INFO - ANNOTATION - fix gene: extract symbol from protein name. symbol=aarA
12:43:35.798 - INFO - ANNOTATION - marked as hypothetical: seq=contig_1, start=1060356, stop=1061030, strand=+
12:43:35.798 - INFO - ANNOTATION - fix gene: extract symbol from protein name. symbol=htpG
12:43:35.798 - INFO - ANNOTATION - marked as hypothetical: seq=contig_1, start=1065913, stop=1066296, strand=-
12:43:35.798 - INFO - ANNOTATION - marked as hypothetical: seq=contig_1, start=1071120, stop=1071266, strand=+
12:43:35.798 - INFO - ANNOTATION - marked as hypothetical: seq=contig_1, start=1071300, stop=1071587, strand=+
12:43:35.798 - INFO - ANNOTATION - fix product: replace putative synonyms. new=putative endolytic peptidoglycan transglycosylase RlpA, old=Probable endolytic peptidoglycan transglycosylase RlpA
12:43:35.798 - INFO - ANNOTATION - fix gene: extract symbol from protein name. symbol=rlpA
12:43:35.798 - INFO - ANNOTATION - marked as hypothetical: seq=contig_1, start=1073038, stop=1073853, strand=+
12:43:35.798 - INFO - ANNOTATION - marked as hypothetical: seq=contig_1, start=1078895, stop=1080283, strand=-
12:43:35.798 - INFO - ANNOTATION - marked as hypothetical: seq=contig_1, start=1080469, stop=1082868, strand=+
12:43:35.798 - INFO - ANNOTATION - marked as hypothetical: seq=contig_1, start=1083857, stop=1085095, strand=-
12:43:35.798 - INFO - ANNOTATION - marked as hypothetical: seq=contig_1, start=1086005, stop=1086952, strand=+
12:43:35.798 - INFO - ANNOTATION - fix gene: extract symbol from protein name. symbol=recR
12:43:35.798 - INFO - ANNOTATION - marked as hypothetical: seq=contig_1, start=1087654, stop=1089372, strand=-
12:43:35.799 - INFO - ANNOTATION - marked as hypothetical: seq=contig_1, start=1096819, stop=1097427, strand=-
12:43:35.799 - INFO - ANNOTATION - marked as hypothetical: seq=contig_1, start=1097462, stop=1098352, strand=-
12:43:35.799 - INFO - ANNOTATION - marked as hypothetical: seq=contig_1, start=1098602, stop=1098868, strand=+
12:43:35.799 - INFO - ANNOTATION - marked as hypothetical: seq=contig_1, start=1098879, stop=1100741, strand=-
12:43:35.799 - INFO - ANNOTATION - fix gene: extract symbol from protein name. symbol=nusB
12:43:35.799 - INFO - ANNOTATION - marked as hypothetical: seq=contig_1, start=1105884, stop=1106327, strand=+
12:43:35.799 - INFO - ANNOTATION - fix gene: extract symbol from protein name. symbol=radA
12:43:35.799 - INFO - ANNOTATION - marked as hypothetical: seq=contig_1, start=1110849, stop=1111547, strand=-
12:43:35.799 - INFO - ANNOTATION - marked as hypothetical: seq=contig_1, start=1112331, stop=1112573, strand=-
12:43:35.799 - INFO - ANNOTATION - marked as hypothetical: seq=contig_1, start=1121897, stop=1122922, strand=+
12:43:35.799 - INFO - ANNOTATION - marked as hypothetical: seq=contig_1, start=1125942, stop=1128320, strand=+
12:43:35.853 - INFO - CDS - pfam detected: seq=contig_1, start=44655, stop=45650, strand=-, pfam-id=PF00389.36, length=327, aa-start=4, aa-stop=329, aa-cov=1.0, hmm-cov=0.4, evalue=1.8e-27, bitscore=90.1, name=2-Hacid_dh
12:43:35.853 - INFO - CDS - pfam detected: seq=contig_1, start=44655, stop=45650, strand=-, pfam-id=PF02826.25, length=190, aa-start=112, aa-stop=298, aa-cov=0.6, hmm-cov=0.9, evalue=6.6e-57, bitscore=186.1, name=2-Hacid_dh_C
12:43:35.902 - INFO - CDS - pfam detected: seq=contig_1, start=1087654, stop=1089372, strand=-, pfam-id=PF00004.35, length=153, aa-start=42, aa-stop=172, aa-cov=0.2, hmm-cov=0.8, evalue=3.7e-15, bitscore=50.9, name=AAA
12:43:35.902 - INFO - CDS - pfam detected: seq=contig_1, start=4, stop=1398, strand=+, pfam-id=PF00004.35, length=133, aa-start=155, aa-stop=275, aa-cov=0.3, hmm-cov=0.9, evalue=1.8e-09, bitscore=32.5, name=AAA
12:43:35.904 - INFO - CDS - pfam detected: seq=contig_1, start=643540, stop=644175, strand=-, pfam-id=PF13207.12, length=124, aa-start=6, aa-stop=122, aa-cov=0.6, hmm-cov=1.0, evalue=1.1e-21, bitscore=72.0, name=AAA_17
12:43:35.920 - INFO - CDS - pfam detected: seq=contig_1, start=1087654, stop=1089372, strand=-, pfam-id=PF07728.20, length=104, aa-start=42, aa-stop=145, aa-cov=0.2, hmm-cov=0.9, evalue=2.7e-07, bitscore=25.1, name=AAA_5
12:43:35.961 - INFO - CDS - pfam detected: seq=contig_1, start=978081, stop=978962, strand=-, pfam-id=PF00561.26, length=133, aa-start=64, aa-stop=189, aa-cov=0.4, hmm-cov=1.0, evalue=8.6e-13, bitscore=42.9, name=Abhydrolase_1
12:43:35.965 - INFO - CDS - pfam detected: seq=contig_1, start=978081, stop=978962, strand=-, pfam-id=PF12697.13, length=233, aa-start=65, aa-stop=284, aa-cov=0.8, hmm-cov=0.9, evalue=8.2e-19, bitscore=63.5, name=Abhydrolase_6
12:43:36.059 - INFO - CDS - pfam detected: seq=contig_1, start=643540, stop=644175, strand=-, pfam-id=PF00406.28, length=185, aa-start=6, aa-stop=185, aa-cov=0.9, hmm-cov=0.8, evalue=3.4e-45, bitscore=148.3, name=ADK
12:43:36.060 - INFO - CDS - pfam detected: seq=contig_1, start=643540, stop=644175, strand=-, pfam-id=PF05191.20, length=36, aa-start=122, aa-stop=157, aa-cov=0.2, hmm-cov=1.0, evalue=4.1e-16, bitscore=53.1, name=ADK_lid
12:43:36.100 - INFO - CDS - pfam detected: seq=contig_1, start=108419, stop=109021, strand=+, pfam-id=PF00578.27, length=118, aa-start=67, aa-stop=177, aa-cov=0.6, hmm-cov=1.0, evalue=2.5e-22, bitscore=73.6, name=AhpC-TSA
12:43:36.105 - INFO - CDS - pfam detected: seq=contig_1, start=749937, stop=751319, strand=-, pfam-id=PF04548.22, length=118, aa-start=22, aa-stop=138, aa-cov=0.3, hmm-cov=1.0, evalue=2.5e-18, bitscore=60.6, name=AIG1
12:43:36.114 - INFO - CDS - pfam detected: seq=contig_1, start=739004, stop=740137, strand=-, pfam-id=PF00842.27, length=130, aa-start=246, aa-stop=375, aa-cov=0.3, hmm-cov=1.0, evalue=9.5e-44, bitscore=142.5, name=Ala_racemase_C
12:43:36.114 - INFO - CDS - pfam detected: seq=contig_1, start=739004, stop=740137, strand=-, pfam-id=PF01168.26, length=227, aa-start=8, aa-stop=232, aa-cov=0.6, hmm-cov=1.0, evalue=6.0e-70, bitscore=229.7, name=Ala_racemase_N
12:43:36.142 - INFO - CDS - pfam detected: seq=contig_1, start=227934, stop=229373, strand=+, pfam-id=PF00155.27, length=338, aa-start=138, aa-stop=462, aa-cov=0.7, hmm-cov=0.9, evalue=1.5e-23, bitscore=78.0, name=Aminotran_1_2
12:43:36.142 - INFO - CDS - pfam detected: seq=contig_1, start=663552, stop=664766, strand=+, pfam-id=PF00155.27, length=200, aa-start=67, aa-stop=240, aa-cov=0.4, hmm-cov=1.0, evalue=1.7e-09, bitscore=31.7, name=Aminotran_1_2
12:43:36.143 - INFO - CDS - pfam detected: seq=contig_1, start=663552, stop=664766, strand=+, pfam-id=PF00266.25, length=372, aa-start=20, aa-stop=390, aa-cov=0.9, hmm-cov=1.0, evalue=6.0e-138, bitscore=454.2, name=Aminotran_5
12:43:36.155 - INFO - CDS - pfam detected: seq=contig_1, start=1029562, stop=1030998, strand=-, pfam-id=PF12895.13, length=80, aa-start=162, aa-stop=241, aa-cov=0.2, hmm-cov=1.0, evalue=3.9e-14, bitscore=47.2, name=ANAPC3
12:43:36.156 - INFO - CDS - pfam detected: seq=contig_1, start=491683, stop=493635, strand=-, pfam-id=PF12895.13, length=46, aa-start=551, aa-stop=596, aa-cov=0.1, hmm-cov=1.0, evalue=5.2e-10, bitscore=34.0, name=ANAPC3
12:43:36.157 - INFO - CDS - pfam detected: seq=contig_1, start=493628, stop=494785, strand=-, pfam-id=PF12895.13, length=83, aa-start=52, aa-stop=132, aa-cov=0.2, hmm-cov=1.0, evalue=1.9e-08, bitscore=28.9, name=ANAPC3
12:43:36.157 - INFO - CDS - pfam detected: seq=contig_1, start=472110, stop=472700, strand=+, pfam-id=PF12895.13, length=46, aa-start=115, aa-stop=160, aa-cov=0.2, hmm-cov=1.0, evalue=2.7e-08, bitscore=28.5, name=ANAPC3
12:43:36.159 - INFO - CDS - pfam detected: seq=contig_1, start=896237, stop=899041, strand=-, pfam-id=PF00023.36, length=29, aa-start=284, aa-stop=312, aa-cov=0.0, hmm-cov=1.0, evalue=3.2e-96, bitscore=304.3, name=Ank
12:43:36.159 - INFO - CDS - pfam detected: seq=contig_1, start=534098, stop=534994, strand=+, pfam-id=PF00023.36, length=28, aa-start=213, aa-stop=240, aa-cov=0.1, hmm-cov=1.0, evalue=1.3e-17, bitscore=57.5, name=Ank
12:43:36.168 - INFO - CDS - pfam detected: seq=contig_1, start=896237, stop=899041, strand=-, pfam-id=PF12796.13, length=75, aa-start=240, aa-stop=312, aa-cov=0.1, hmm-cov=1.0, evalue=3.3e-110, bitscore=355.4, name=Ank_2
12:43:36.168 - INFO - CDS - pfam detected: seq=contig_1, start=534098, stop=534994, strand=+, pfam-id=PF12796.13, length=88, aa-start=153, aa-stop=240, aa-cov=0.3, hmm-cov=1.0, evalue=5.8e-22, bitscore=72.5, name=Ank_2
12:43:36.168 - INFO - CDS - pfam detected: seq=contig_1, start=896237, stop=899041, strand=-, pfam-id=PF13606.12, length=28, aa-start=653, aa-stop=680, aa-cov=0.0, hmm-cov=1.0, evalue=4.4e-64, bitscore=198.6, name=Ank_3
12:43:36.168 - INFO - CDS - pfam detected: seq=contig_1, start=534098, stop=534994, strand=+, pfam-id=PF13606.12, length=28, aa-start=212, aa-stop=239, aa-cov=0.1, hmm-cov=1.0, evalue=2.2e-12, bitscore=40.6, name=Ank_3
12:43:36.168 - INFO - CDS - pfam detected: seq=contig_1, start=896237, stop=899041, strand=-, pfam-id=PF13637.12, length=50, aa-start=253, aa-stop=302, aa-cov=0.1, hmm-cov=1.0, evalue=1.0e-74, bitscore=239.3, name=Ank_4
12:43:36.168 - INFO - CDS - pfam detected: seq=contig_1, start=534098, stop=534994, strand=+, pfam-id=PF13637.12, length=31, aa-start=226, aa-stop=256, aa-cov=0.1, hmm-cov=1.0, evalue=5.7e-09, bitscore=30.6, name=Ank_4
12:43:36.170 - INFO - CDS - pfam detected: seq=contig_1, start=896237, stop=899041, strand=-, pfam-id=PF13857.12, length=55, aa-start=268, aa-stop=321, aa-cov=0.1, hmm-cov=1.0, evalue=5.2e-74, bitscore=237.9, name=Ank_5
12:43:36.170 - INFO - CDS - pfam detected: seq=contig_1, start=534098, stop=534994, strand=+, pfam-id=PF13857.12, length=57, aa-start=196, aa-stop=251, aa-cov=0.2, hmm-cov=1.0, evalue=2.3e-10, bitscore=35.1, name=Ank_5
12:43:36.238 - INFO - CDS - pfam detected: seq=contig_1, start=749937, stop=751319, strand=-, pfam-id=PF00025.27, length=176, aa-start=196, aa-stop=366, aa-cov=0.4, hmm-cov=0.9, evalue=3.3e-11, bitscore=37.4, name=Arf
12:43:36.247 - INFO - CDS - pfam detected: seq=contig_1, start=891447, stop=893216, strand=-, pfam-id=PF03485.21, length=89, aa-start=8, aa-stop=94, aa-cov=0.1, hmm-cov=0.9, evalue=7.3e-15, bitscore=49.8, name=Arg_tRNA_synt_N
12:43:36.272 - INFO - CDS - pfam detected: seq=contig_1, start=1029562, stop=1030998, strand=-, pfam-id=PF25058.1, length=79, aa-start=72, aa-stop=150, aa-cov=0.2, hmm-cov=1.0, evalue=5.3e-08, bitscore=27.4, name=ARM_TT21
12:43:36.272 - INFO - CDS - pfam detected: seq=contig_1, start=1029562, stop=1030998, strand=-, pfam-id=PF25060.1, length=45, aa-start=171, aa-stop=215, aa-cov=0.1, hmm-cov=1.0, evalue=2.2e-09, bitscore=31.6, name=ARM_TT21_2nd
12:43:36.319 - INFO - CDS - pfam detected: seq=contig_1, start=571752, stop=572048, strand=-, pfam-id=PF00137.26, length=60, aa-start=36, aa-stop=95, aa-cov=0.6, hmm-cov=1.0, evalue=1.3e-17, bitscore=58.2, name=ATP-synt_C
12:43:36.345 - INFO - CDS - pfam detected: seq=contig_1, start=14013, stop=15827, strand=+, pfam-id=PF03484.21, length=60, aa-start=334, aa-stop=392, aa-cov=0.1, hmm-cov=1.0, evalue=4.8e-15, bitscore=50.0, name=B5
12:43:36.353 - INFO - CDS - pfam detected: seq=contig_1, start=57137, stop=57568, strand=-, pfam-id=PF04519.19, length=97, aa-start=11, aa-stop=107, aa-cov=0.7, hmm-cov=1.0, evalue=8.5e-25, bitscore=81.3, name=Bactofilin
12:43:36.353 - INFO - CDS - pfam detected: seq=contig_1, start=265243, stop=265656, strand=+, pfam-id=PF04519.19, length=98, aa-start=13, aa-stop=110, aa-cov=0.7, hmm-cov=1.0, evalue=1.7e-23, bitscore=77.2, name=Bactofilin
12:43:36.357 - INFO - CDS - pfam detected: seq=contig_1, start=4, stop=1398, strand=+, pfam-id=PF00308.24, length=163, aa-start=119, aa-stop=280, aa-cov=0.3, hmm-cov=1.0, evalue=2.4e-63, bitscore=207.5, name=Bac_DnaA
12:43:36.357 - INFO - CDS - pfam detected: seq=contig_1, start=4, stop=1398, strand=+, pfam-id=PF08299.17, length=69, aa-start=370, aa-stop=438, aa-cov=0.1, hmm-cov=1.0, evalue=2.6e-31, bitscore=102.0, name=Bac_DnaA_C
12:43:36.359 - INFO - CDS - pfam detected: seq=contig_1, start=263305, stop=263622, strand=+, pfam-id=PF00216.26, length=88, aa-start=7, aa-stop=94, aa-cov=0.8, hmm-cov=1.0, evalue=8.2e-28, bitscore=91.0, name=Bac_DNA_binding
12:43:36.469 - INFO - CDS - pfam detected: seq=contig_1, start=375997, stop=377577, strand=-, pfam-id=PF09210.16, length=100, aa-start=423, aa-stop=522, aa-cov=0.2, hmm-cov=1.0, evalue=4.3e-30, bitscore=98.6, name=BE_C
12:43:36.529 - INFO - CDS - pfam detected: seq=contig_1, start=375333, stop=375992, strand=+, pfam-id=PF02237.23, length=47, aa-start=176, aa-stop=219, aa-cov=0.2, hmm-cov=1.0, evalue=2.6e-10, bitscore=34.5, name=BPL_C
12:43:36.529 - INFO - CDS - pfam detected: seq=contig_1, start=375333, stop=375992, strand=+, pfam-id=PF03099.24, length=113, aa-start=11, aa-stop=112, aa-cov=0.5, hmm-cov=1.0, evalue=2.4e-12, bitscore=41.3, name=BPL_LplA_LipB
12:43:36.568 - INFO - CDS - pfam detected: seq=contig_1, start=1029562, stop=1030998, strand=-, pfam-id=PF03704.23, length=66, aa-start=217, aa-stop=282, aa-cov=0.1, hmm-cov=1.0, evalue=1.8e-06, bitscore=22.8, name=BTAD
12:43:36.568 - INFO - CDS - pfam detected: seq=contig_1, start=412627, stop=413379, strand=+, pfam-id=PF03704.23, length=51, aa-start=168, aa-stop=218, aa-cov=0.2, hmm-cov=1.0, evalue=2.6e-06, bitscore=22.3, name=BTAD
12:43:36.667 - INFO - CDS - pfam detected: seq=contig_1, start=362128, stop=365574, strand=-, pfam-id=PF02559.22, length=57, aa-start=484, aa-stop=540, aa-cov=0.0, hmm-cov=1.0, evalue=1.0e-19, bitscore=64.9, name=CarD_TRCF_RID
12:43:36.746 - INFO - CDS - pfam detected: seq=contig_1, start=1012029, stop=1013039, strand=-, pfam-id=PF00571.33, length=48, aa-start=153, aa-stop=199, aa-cov=0.1, hmm-cov=1.0, evalue=1.2e-09, bitscore=32.8, name=CBS
12:43:36.875 - INFO - CDS - pfam detected: seq=contig_1, start=682844, stop=684118, strand=+, pfam-id=PF01339.22, length=182, aa-start=235, aa-stop=414, aa-cov=0.4, hmm-cov=1.0, evalue=3.0e-66, bitscore=216.8, name=CheB_methylest
12:43:36.878 - INFO - CDS - pfam detected: seq=contig_1, start=382725, stop=384059, strand=+, pfam-id=PF01739.24, length=192, aa-start=261, aa-stop=439, aa-cov=0.4, hmm-cov=1.0, evalue=2.4e-50, bitscore=165.1, name=CheR
12:43:36.878 - INFO - CDS - pfam detected: seq=contig_1, start=382725, stop=384059, strand=+, pfam-id=PF01584.24, length=137, aa-start=30, aa-stop=165, aa-cov=0.3, hmm-cov=1.0, evalue=2.4e-37, bitscore=122.1, name=CheW
12:43:36.951 - INFO - CDS - pfam detected: seq=contig_1, start=309936, stop=310571, strand=+, pfam-id=PF01121.26, length=167, aa-start=7, aa-stop=170, aa-cov=0.8, hmm-cov=0.9, evalue=7.8e-21, bitscore=68.9, name=CoaE
12:43:37.003 - INFO - CDS - pfam detected: seq=contig_1, start=1012029, stop=1013039, strand=-, pfam-id=PF03471.22, length=82, aa-start=218, aa-stop=297, aa-cov=0.2, hmm-cov=1.0, evalue=5.0e-18, bitscore=59.4, name=CorC_HlyC
12:43:37.027 - INFO - CDS - pfam detected: seq=contig_1, start=1098602, stop=1098868, strand=+, pfam-id=PF00166.26, length=93, aa-start=2, aa-stop=87, aa-cov=1.0, hmm-cov=1.0, evalue=1.2e-31, bitscore=103.1, name=Cpn10
12:43:37.108 - INFO - CDS - pfam detected: seq=contig_1, start=298261, stop=298821, strand=+, pfam-id=PF01467.32, length=133, aa-start=31, aa-stop=159, aa-cov=0.7, hmm-cov=1.0, evalue=2.2e-24, bitscore=80.6, name=CTP_transf_like
12:43:37.194 - INFO - CDS - pfam detected: seq=contig_1, start=891447, stop=893216, strand=-, pfam-id=PF05746.21, length=123, aa-start=467, aa-stop=589, aa-cov=0.2, hmm-cov=1.0, evalue=4.9e-34, bitscore=111.4, name=DALR_1
12:43:37.244 - INFO - CDS - pfam detected: seq=contig_1, start=362128, stop=365574, strand=-, pfam-id=PF00270.35, length=176, aa-start=609, aa-stop=770, aa-cov=0.1, hmm-cov=0.9, evalue=1.2e-26, bitscore=87.9, name=DEAD
12:43:37.244 - INFO - CDS - pfam detected: seq=contig_1, start=112603, stop=113247, strand=+, pfam-id=PF00270.35, length=79, aa-start=12, aa-stop=87, aa-cov=0.4, hmm-cov=0.9, evalue=3.8e-10, bitscore=34.1, name=DEAD
12:43:37.244 - INFO - CDS - pfam detected: seq=contig_1, start=111884, stop=112579, strand=+, pfam-id=PF00270.35, length=70, aa-start=123, aa-stop=182, aa-cov=0.3, hmm-cov=1.0, evalue=3.1e-09, bitscore=31.2, name=DEAD
12:43:37.257 - INFO - CDS - pfam detected: seq=contig_1, start=462215, stop=463366, strand=+, pfam-id=PF01041.23, length=263, aa-start=40, aa-stop=278, aa-cov=0.6, hmm-cov=1.0, evalue=1.2e-22, bitscore=75.0, name=DegT_DnrJ_EryC1
12:43:37.257 - INFO - CDS - pfam detected: seq=contig_1, start=663552, stop=664766, strand=+, pfam-id=PF01041.23, length=153, aa-start=83, aa-stop=231, aa-cov=0.4, hmm-cov=0.9, evalue=1.2e-06, bitscore=22.3, name=DegT_DnrJ_EryC1
12:43:37.276 - INFO - CDS - pfam detected: seq=contig_1, start=865157, stop=866365, strand=+, pfam-id=PF01368.27, length=139, aa-start=41, aa-stop=177, aa-cov=0.3, hmm-cov=0.7, evalue=4.8e-11, bitscore=37.5, name=DHH
12:43:37.307 - INFO - CDS - pfam detected: seq=contig_1, start=198981, stop=199424, strand=+, pfam-id=PF04977.20, length=78, aa-start=16, aa-stop=92, aa-cov=0.5, hmm-cov=1.0, evalue=3.8e-18, bitscore=59.5, name=DivIC
12:43:37.307 - INFO - CDS - pfam detected: seq=contig_1, start=467960, stop=468589, strand=+, pfam-id=PF01965.30, length=189, aa-start=4, aa-stop=191, aa-cov=0.9, hmm-cov=0.9, evalue=1.2e-44, bitscore=146.4, name=DJ-1_PfpI
12:43:37.322 - INFO - CDS - pfam detected: seq=contig_1, start=4, stop=1398, strand=+, pfam-id=PF11638.13, length=58, aa-start=9, aa-stop=65, aa-cov=0.1, hmm-cov=1.0, evalue=3.1e-09, bitscore=30.9, name=DnaA_N
12:43:37.337 - INFO - CDS - pfam detected: seq=contig_1, start=1087654, stop=1089372, strand=-, pfam-id=PF22608.2, length=44, aa-start=187, aa-stop=230, aa-cov=0.1, hmm-cov=1.0, evalue=2.0e-10, bitscore=34.7, name=DNAX_ATPase_lid
12:43:37.338 - INFO - CDS - pfam detected: seq=contig_1, start=162295, stop=162828, strand=+, pfam-id=PF01035.26, length=80, aa-start=92, aa-stop=171, aa-cov=0.5, hmm-cov=1.0, evalue=2.5e-29, bitscore=95.4, name=DNA_binding_1
12:43:37.350 - INFO - CDS - pfam detected: seq=contig_1, start=1087654, stop=1089372, strand=-, pfam-id=PF13177.12, length=157, aa-start=21, aa-stop=176, aa-cov=0.3, hmm-cov=1.0, evalue=1.5e-46, bitscore=152.7, name=DNA_pol3_delta2
12:43:37.350 - INFO - CDS - pfam detected: seq=contig_1, start=636200, stop=637222, strand=-, pfam-id=PF21694.2, length=108, aa-start=192, aa-stop=299, aa-cov=0.3, hmm-cov=1.0, evalue=7.1e-09, bitscore=30.2, name=DNA_pol3_delta_C
12:43:37.355 - INFO - CDS - pfam detected: seq=contig_1, start=373653, stop=374279, strand=+, pfam-id=PF01712.25, length=91, aa-start=113, aa-stop=202, aa-cov=0.4, hmm-cov=1.0, evalue=3.5e-08, bitscore=27.8, name=dNK
12:43:37.378 - INFO - CDS - pfam detected: seq=contig_1, start=109014, stop=109808, strand=+, pfam-id=PF02683.22, length=218, aa-start=8, aa-stop=219, aa-cov=0.8, hmm-cov=1.0, evalue=6.6e-15, bitscore=49.4, name=DsbD_TM
12:43:37.389 - INFO - CDS - pfam detected: seq=contig_1, start=871837, stop=872601, strand=+, pfam-id=PF00035.32, length=67, aa-start=182, aa-stop=248, aa-cov=0.3, hmm-cov=1.0, evalue=5.4e-17, bitscore=56.6, name=dsrm
12:43:37.408 - INFO - CDS - pfam detected: seq=contig_1, start=965987, stop=966457, strand=-, pfam-id=PF17384.8, length=68, aa-start=94, aa-stop=153, aa-cov=0.4, hmm-cov=1.0, evalue=2.8e-14, bitscore=47.6, name=DUF150_C
12:43:37.522 - INFO - CDS - pfam detected: seq=contig_1, start=367754, stop=368464, strand=+, pfam-id=PF10895.14, length=227, aa-start=20, aa-stop=236, aa-cov=0.9, hmm-cov=0.7, evalue=7.1e-50, bitscore=163.2, name=DUF2715
12:43:37.522 - INFO - CDS - pfam detected: seq=contig_1, start=666071, stop=666343, strand=-, pfam-id=PF10895.14, length=58, aa-start=33, aa-stop=90, aa-cov=0.6, hmm-cov=0.9, evalue=1.7e-20, bitscore=67.8, name=DUF2715
12:43:37.531 - INFO - CDS - pfam detected: seq=contig_1, start=967660, stop=968187, strand=-, pfam-id=PF03625.19, length=61, aa-start=85, aa-stop=144, aa-cov=0.3, hmm-cov=1.0, evalue=2.3e-13, bitscore=44.3, name=DUF302
12:43:37.586 - INFO - CDS - pfam detected: seq=contig_1, start=903720, stop=904727, strand=-, pfam-id=PF13349.12, length=123, aa-start=186, aa-stop=305, aa-cov=0.4, hmm-cov=1.0, evalue=1.6e-09, bitscore=31.9, name=DUF4097
12:43:37.648 - INFO - CDS - pfam detected: seq=contig_1, start=914415, stop=916583, strand=+, pfam-id=PF16314.11, length=449, aa-start=40, aa-stop=481, aa-cov=0.6, hmm-cov=1.0, evalue=3.6e-60, bitscore=198.2, name=DUF4954
12:43:37.814 - INFO - CDS - pfam detected: seq=contig_1, start=914415, stop=916583, strand=+, pfam-id=PF20683.2, length=65, aa-start=572, aa-stop=636, aa-cov=0.1, hmm-cov=1.0, evalue=9.1e-08, bitscore=26.4, name=DUF6819
12:43:38.198 - INFO - CDS - pfam detected: seq=contig_1, start=1057404, stop=1058459, strand=+, pfam-id=PF01207.24, length=304, aa-start=34, aa-stop=334, aa-cov=0.9, hmm-cov=1.0, evalue=2.3e-72, bitscore=238.1, name=Dus
12:43:38.210 - INFO - CDS - pfam detected: seq=contig_1, start=749937, stop=751319, strand=-, pfam-id=PF00350.29, length=34, aa-start=200, aa-stop=233, aa-cov=0.1, hmm-cov=1.0, evalue=8.6e-15, bitscore=49.6, name=Dynamin_N
12:43:38.249 - INFO - CDS - pfam detected: seq=contig_1, start=961776, stop=964472, strand=-, pfam-id=PF22042.2, length=82, aa-start=560, aa-stop=638, aa-cov=0.1, hmm-cov=1.0, evalue=2.2e-27, bitscore=89.4, name=EF-G_D2
12:43:38.388 - INFO - CDS - pfam detected: seq=contig_1, start=582251, stop=584125, strand=-, pfam-id=PF03372.29, length=323, aa-start=304, aa-stop=615, aa-cov=0.5, hmm-cov=0.7, evalue=1.9e-14, bitscore=48.3, name=Exo_endo_phos
12:43:38.414 - INFO - CDS - pfam detected: seq=contig_1, start=89831, stop=90679, strand=+, pfam-id=PF00941.27, length=167, aa-start=12, aa-stop=177, aa-cov=0.6, hmm-cov=1.0, evalue=3.9e-39, bitscore=128.6, name=FAD_binding_5
12:43:38.476 - INFO - CDS - pfam detected: seq=contig_1, start=749937, stop=751319, strand=-, pfam-id=PF02421.24, length=163, aa-start=199, aa-stop=361, aa-cov=0.4, hmm-cov=0.9, evalue=2.5e-27, bitscore=89.7, name=FeoB_N
12:43:38.476 - INFO - CDS - pfam detected: seq=contig_1, start=89357, stop=89824, strand=+, pfam-id=PF01799.25, length=65, aa-start=83, aa-stop=146, aa-cov=0.4, hmm-cov=1.0, evalue=3.4e-20, bitscore=66.4, name=Fer2_2
12:43:38.499 - INFO - CDS - pfam detected: seq=contig_1, start=617678, stop=618760, strand=-, pfam-id=PF01794.25, length=109, aa-start=71, aa-stop=177, aa-cov=0.3, hmm-cov=1.0, evalue=2.9e-08, bitscore=28.3, name=Ferric_reduct
12:43:38.530 - INFO - CDS - pfam detected: seq=contig_1, start=933434, stop=934201, strand=-, pfam-id=PF00254.34, length=91, aa-start=160, aa-stop=244, aa-cov=0.3, hmm-cov=1.0, evalue=4.2e-27, bitscore=88.8, name=FKBP_C
12:43:38.531 - INFO - CDS - pfam detected: seq=contig_1, start=369578, stop=370108, strand=-, pfam-id=PF00254.34, length=142, aa-start=4, aa-stop=135, aa-cov=0.8, hmm-cov=0.6, evalue=1.2e-11, bitscore=39.2, name=FKBP_C
12:43:38.531 - INFO - CDS - pfam detected: seq=contig_1, start=933434, stop=934201, strand=-, pfam-id=PF01346.23, length=98, aa-start=58, aa-stop=152, aa-cov=0.4, hmm-cov=1.0, evalue=2.1e-23, bitscore=77.4, name=FKBP_N
12:43:38.547 - INFO - CDS - pfam detected: seq=contig_1, start=995739, stop=997097, strand=-, pfam-id=PF13860.12, length=68, aa-start=123, aa-stop=187, aa-cov=0.1, hmm-cov=1.0, evalue=3.6e-09, bitscore=31.0, name=FlgD_ig
12:43:38.563 - INFO - CDS - pfam detected: seq=contig_1, start=33046, stop=34068, strand=-, pfam-id=PF01706.21, length=105, aa-start=234, aa-stop=337, aa-cov=0.3, hmm-cov=1.0, evalue=9.9e-24, bitscore=78.2, name=FliG_C
12:43:38.564 - INFO - CDS - pfam detected: seq=contig_1, start=424119, stop=424571, strand=+, pfam-id=PF02050.21, length=118, aa-start=24, aa-stop=141, aa-cov=0.8, hmm-cov=1.0, evalue=5.0e-11, bitscore=37.3, name=FliJ
12:43:38.588 - INFO - CDS - pfam detected: seq=contig_1, start=617678, stop=618760, strand=-, pfam-id=PF04205.19, length=78, aa-start=284, aa-stop=356, aa-cov=0.2, hmm-cov=1.0, evalue=1.3e-13, bitscore=45.9, name=FMN_bind
12:43:38.610 - INFO - CDS - pfam detected: seq=contig_1, start=814309, stop=815268, strand=-, pfam-id=PF02911.23, length=97, aa-start=213, aa-stop=309, aa-cov=0.3, hmm-cov=1.0, evalue=2.1e-25, bitscore=83.3, name=Formyl_trans_C
12:43:38.610 - INFO - CDS - pfam detected: seq=contig_1, start=814309, stop=815268, strand=-, pfam-id=PF00551.24, length=172, aa-start=9, aa-stop=176, aa-cov=0.5, hmm-cov=0.9, evalue=7.4e-35, bitscore=114.7, name=Formyl_trans_N
12:43:38.635 - INFO - CDS - pfam detected: seq=contig_1, start=1080469, stop=1082868, strand=+, pfam-id=PF17854.6, length=98, aa-start=339, aa-stop=436, aa-cov=0.1, hmm-cov=1.0, evalue=2.6e-30, bitscore=99.1, name=FtsK_alpha
12:43:38.638 - INFO - CDS - pfam detected: seq=contig_1, start=1080469, stop=1082868, strand=+, pfam-id=PF09397.16, length=61, aa-start=738, aa-stop=798, aa-cov=0.1, hmm-cov=1.0, evalue=3.0e-31, bitscore=101.4, name=FtsK_gamma
12:43:38.639 - INFO - CDS - pfam detected: seq=contig_1, start=1080469, stop=1082868, strand=+, pfam-id=PF01580.24, length=217, aa-start=446, aa-stop=635, aa-cov=0.2, hmm-cov=1.0, evalue=3.2e-62, bitscore=204.2, name=FtsK_SpoIIIE
12:43:38.644 - INFO - CDS - pfam detected: seq=contig_1, start=1037698, stop=1038930, strand=-, pfam-id=PF02687.27, length=119, aa-start=286, aa-stop=404, aa-cov=0.3, hmm-cov=1.0, evalue=1.4e-19, bitscore=64.8, name=FtsX
12:43:38.763 - INFO - CDS - pfam detected: seq=contig_1, start=749937, stop=751319, strand=-, pfam-id=PF02263.25, length=29, aa-start=194, aa-stop=222, aa-cov=0.1, hmm-cov=1.0, evalue=1.6e-06, bitscore=21.8, name=GBP
12:43:38.792 - INFO - CDS - pfam detected: seq=contig_1, start=893239, stop=894045, strand=-, pfam-id=PF10646.14, length=114, aa-start=141, aa-stop=248, aa-cov=0.4, hmm-cov=1.0, evalue=2.1e-21, bitscore=71.1, name=Germane
12:43:38.853 - INFO - CDS - pfam detected: seq=contig_1, start=503042, stop=503746, strand=-, pfam-id=PF01182.26, length=217, aa-start=9, aa-stop=220, aa-cov=0.9, hmm-cov=1.0, evalue=4.4e-67, bitscore=220.6, name=Glucosamine_iso
12:43:38.860 - INFO - CDS - pfam detected: seq=contig_1, start=78843, stop=79115, strand=+, pfam-id=PF00462.30, length=34, aa-start=6, aa-stop=39, aa-cov=0.4, hmm-cov=1.0, evalue=1.1e-08, bitscore=29.7, name=Glutaredoxin
12:43:38.900 - INFO - CDS - pfam detected: seq=contig_1, start=375997, stop=377577, strand=-, pfam-id=PF03065.20, length=226, aa-start=10, aa-stop=223, aa-cov=0.4, hmm-cov=0.8, evalue=1.1e-19, bitscore=65.2, name=Glyco_hydro_57
12:43:39.052 - INFO - CDS - pfam detected: seq=contig_1, start=961776, stop=964472, strand=-, pfam-id=PF00009.33, length=179, aa-start=389, aa-stop=545, aa-cov=0.2, hmm-cov=1.0, evalue=4.5e-37, bitscore=121.8, name=GTP_EFTU
12:43:39.052 - INFO - CDS - pfam detected: seq=contig_1, start=749937, stop=751319, strand=-, pfam-id=PF00009.33, length=194, aa-start=197, aa-stop=368, aa-cov=0.4, hmm-cov=0.9, evalue=3.3e-22, bitscore=73.4, name=GTP_EFTU
12:43:39.052 - INFO - CDS - pfam detected: seq=contig_1, start=749937, stop=751319, strand=-, pfam-id=PF04670.18, length=143, aa-start=202, aa-stop=335, aa-cov=0.3, hmm-cov=1.0, evalue=1.1e-06, bitscore=22.6, name=Gtr1_RagA
12:43:39.052 - INFO - CDS - pfam detected: seq=contig_1, start=512069, stop=513913, strand=-, pfam-id=PF00211.25, length=180, aa-start=390, aa-stop=567, aa-cov=0.3, hmm-cov=0.9, evalue=2.5e-25, bitscore=83.5, name=Guanylate_cyc
12:43:39.114 - INFO - CDS - pfam detected: seq=contig_1, start=512069, stop=513913, strand=-, pfam-id=PF00672.30, length=51, aa-start=306, aa-stop=356, aa-cov=0.1, hmm-cov=1.0, evalue=1.0e-11, bitscore=39.4, name=HAMP
12:43:39.124 - INFO - CDS - pfam detected: seq=contig_1, start=316317, stop=318263, strand=-, pfam-id=PF02518.31, length=60, aa-start=55, aa-stop=111, aa-cov=0.1, hmm-cov=1.0, evalue=1.0e-09, bitscore=33.3, name=HATPase_c
12:43:39.127 - INFO - CDS - pfam detected: seq=contig_1, start=316317, stop=318263, strand=-, pfam-id=PF13589.12, length=100, aa-start=58, aa-stop=153, aa-cov=0.1, hmm-cov=1.0, evalue=9.7e-13, bitscore=42.7, name=HATPase_c_3
12:43:39.155 - INFO - CDS - pfam detected: seq=contig_1, start=904832, stop=907081, strand=+, pfam-id=PF13646.12, length=65, aa-start=521, aa-stop=584, aa-cov=0.1, hmm-cov=1.0, evalue=4.2e-11, bitscore=37.5, name=HEAT_2
12:43:39.168 - INFO - CDS - pfam detected: seq=contig_1, start=362128, stop=365574, strand=-, pfam-id=PF00271.37, length=107, aa-start=809, aa-stop=913, aa-cov=0.1, hmm-cov=1.0, evalue=6.5e-23, bitscore=75.5, name=Helicase_C
12:43:39.168 - INFO - CDS - pfam detected: seq=contig_1, start=112603, stop=113247, strand=+, pfam-id=PF00271.37, length=79, aa-start=124, aa-stop=201, aa-cov=0.4, hmm-cov=1.0, evalue=4.2e-09, bitscore=31.1, name=Helicase_C
12:43:39.216 - INFO - CDS - pfam detected: seq=contig_1, start=581526, stop=582209, strand=-, pfam-id=PF00633.29, length=14, aa-start=110, aa-stop=123, aa-cov=0.1, hmm-cov=1.0, evalue=2.0e-08, bitscore=28.3, name=HHH
12:43:39.218 - INFO - CDS - pfam detected: seq=contig_1, start=581526, stop=582209, strand=-, pfam-id=PF14520.12, length=59, aa-start=72, aa-stop=129, aa-cov=0.3, hmm-cov=0.9, evalue=9.2e-18, bitscore=59.0, name=HHH_5
12:43:39.250 - INFO - CDS - pfam detected: seq=contig_1, start=1125942, stop=1128320, strand=+, pfam-id=PF00403.32, length=64, aa-start=6, aa-stop=69, aa-cov=0.1, hmm-cov=0.9, evalue=1.6e-10, bitscore=35.7, name=HMA
12:43:39.285 - INFO - CDS - pfam detected: seq=contig_1, start=813567, stop=814256, strand=-, pfam-id=PF12728.13, length=47, aa-start=17, aa-stop=63, aa-cov=0.2, hmm-cov=1.0, evalue=1.1e-20, bitscore=68.1, name=HTH_17
12:43:39.286 - INFO - CDS - pfam detected: seq=contig_1, start=395926, stop=396285, strand=-, pfam-id=PF13309.12, length=61, aa-start=54, aa-stop=114, aa-cov=0.5, hmm-cov=1.0, evalue=1.0e-14, bitscore=48.7, name=HTH_22
12:43:39.289 - INFO - CDS - pfam detected: seq=contig_1, start=487019, stop=487375, strand=+, pfam-id=PF01381.28, length=45, aa-start=9, aa-stop=53, aa-cov=0.4, hmm-cov=1.0, evalue=2.1e-07, bitscore=25.4, name=HTH_3
12:43:39.339 - INFO - CDS - pfam detected: seq=contig_1, start=263305, stop=263622, strand=+, pfam-id=PF18291.6, length=77, aa-start=20, aa-stop=96, aa-cov=0.7, hmm-cov=1.0, evalue=5.7e-09, bitscore=30.5, name=HU-HIG
12:43:39.345 - INFO - CDS - pfam detected: seq=contig_1, start=1125942, stop=1128320, strand=+, pfam-id=PF00702.32, length=234, aa-start=470, aa-stop=689, aa-cov=0.3, hmm-cov=0.8, evalue=3.8e-32, bitscore=106.6, name=Hydrolase
12:43:39.345 - INFO - CDS - pfam detected: seq=contig_1, start=304161, stop=304994, strand=+, pfam-id=PF00702.32, length=49, aa-start=192, aa-stop=238, aa-cov=0.2, hmm-cov=1.0, evalue=5.6e-12, bitscore=40.8, name=Hydrolase
12:43:39.345 - INFO - CDS - pfam detected: seq=contig_1, start=304161, stop=304994, strand=+, pfam-id=PF08282.18, length=263, aa-start=9, aa-stop=270, aa-cov=0.9, hmm-cov=1.0, evalue=1.7e-64, bitscore=212.4, name=Hydrolase_3
12:43:39.345 - INFO - CDS - pfam detected: seq=contig_1, start=978081, stop=978962, strand=-, pfam-id=PF12146.15, length=232, aa-start=64, aa-stop=277, aa-cov=0.7, hmm-cov=1.0, evalue=1.9e-12, bitscore=41.4, name=Hydrolase_4
12:43:39.373 - INFO - CDS - pfam detected: seq=contig_1, start=961776, stop=964472, strand=-, pfam-id=PF11987.13, length=116, aa-start=660, aa-stop=775, aa-cov=0.1, hmm-cov=1.0, evalue=9.7e-43, bitscore=139.3, name=IF-2
12:43:39.373 - INFO - CDS - pfam detected: seq=contig_1, start=961776, stop=964472, strand=-, pfam-id=PF04760.21, length=52, aa-start=309, aa-stop=359, aa-cov=0.1, hmm-cov=1.0, evalue=5.3e-19, bitscore=62.2, name=IF2_N
12:43:39.507 - INFO - CDS - pfam detected: seq=contig_1, start=4, stop=1398, strand=+, pfam-id=PF01695.23, length=108, aa-start=155, aa-stop=262, aa-cov=0.2, hmm-cov=1.0, evalue=4.6e-08, bitscore=27.2, name=IstB_IS21
12:43:39.514 - INFO - CDS - pfam detected: seq=contig_1, start=1023617, stop=1024312, strand=-, pfam-id=PF14804.11, length=51, aa-start=5, aa-stop=52, aa-cov=0.2, hmm-cov=1.0, evalue=6.4e-13, bitscore=43.4, name=Jag_N
12:43:39.543 - INFO - CDS - pfam detected: seq=contig_1, start=1023617, stop=1024312, strand=-, pfam-id=PF07650.23, length=47, aa-start=107, aa-stop=153, aa-cov=0.2, hmm-cov=1.0, evalue=1.1e-07, bitscore=26.1, name=KH_2
12:43:39.544 - INFO - CDS - pfam detected: seq=contig_1, start=964480, stop=965937, strand=-, pfam-id=PF13184.12, length=68, aa-start=229, aa-stop=296, aa-cov=0.1, hmm-cov=1.0, evalue=3.2e-30, bitscore=98.5, name=KH_5
12:43:39.550 - INFO - CDS - pfam detected: seq=contig_1, start=749937, stop=751319, strand=-, pfam-id=PF14714.11, length=81, aa-start=375, aa-stop=454, aa-cov=0.2, hmm-cov=1.0, evalue=5.3e-26, bitscore=85.2, name=KH_dom-like
12:43:39.558 - INFO - CDS - pfam detected: seq=contig_1, start=1023617, stop=1024312, strand=-, pfam-id=PF13083.13, length=69, aa-start=86, aa-stop=153, aa-cov=0.3, hmm-cov=1.0, evalue=1.9e-11, bitscore=38.2, name=KH_KhpA-B
12:43:39.682 - INFO - CDS - pfam detected: seq=contig_1, start=263612, stop=265252, strand=+, pfam-id=PF20154.4, length=150, aa-start=34, aa-stop=173, aa-cov=0.3, hmm-cov=1.0, evalue=9.6e-19, bitscore=62.5, name=LNT_N
12:43:39.684 - INFO - CDS - pfam detected: seq=contig_1, start=848229, stop=849005, strand=-, pfam-id=PF17131.11, length=186, aa-start=70, aa-stop=254, aa-cov=0.7, hmm-cov=1.0, evalue=1.7e-53, bitscore=175.4, name=LolA_like
12:43:39.711 - INFO - CDS - pfam detected: seq=contig_1, start=229563, stop=230303, strand=+, pfam-id=PF13306.12, length=127, aa-start=80, aa-stop=206, aa-cov=0.5, hmm-cov=1.0, evalue=3.7e-51, bitscore=166.7, name=LRR_5
12:43:39.745 - INFO - CDS - pfam detected: seq=contig_1, start=466796, stop=467824, strand=+, pfam-id=PF01476.26, length=44, aa-start=113, aa-stop=156, aa-cov=0.1, hmm-cov=1.0, evalue=1.7e-31, bitscore=102.4, name=LysM
12:43:39.745 - INFO - CDS - pfam detected: seq=contig_1, start=671217, stop=672809, strand=+, pfam-id=PF01476.26, length=44, aa-start=358, aa-stop=401, aa-cov=0.1, hmm-cov=1.0, evalue=5.2e-31, bitscore=100.8, name=LysM
12:43:39.745 - INFO - CDS - pfam detected: seq=contig_1, start=49597, stop=50529, strand=+, pfam-id=PF01476.26, length=47, aa-start=262, aa-stop=308, aa-cov=0.2, hmm-cov=0.9, evalue=1.1e-13, bitscore=45.4, name=LysM
12:43:39.748 - INFO - CDS - pfam detected: seq=contig_1, start=466796, stop=467824, strand=+, pfam-id=PF23473.1, length=44, aa-start=113, aa-stop=156, aa-cov=0.1, hmm-cov=1.0, evalue=2.9e-09, bitscore=31.4, name=LysM3_LYK4_5
12:43:39.760 - INFO - CDS - pfam detected: seq=contig_1, start=1037698, stop=1038930, strand=-, pfam-id=PF12704.14, length=237, aa-start=19, aa-stop=249, aa-cov=0.6, hmm-cov=0.9, evalue=5.1e-29, bitscore=96.4, name=MacB_PCD
12:43:39.872 - INFO - CDS - pfam detected: seq=contig_1, start=1013274, stop=1013909, strand=-, pfam-id=PF00149.33, length=123, aa-start=30, aa-stop=119, aa-cov=0.4, hmm-cov=0.9, evalue=4.8e-09, bitscore=31.3, name=Metallophos
12:43:39.875 - INFO - CDS - pfam detected: seq=contig_1, start=1013274, stop=1013909, strand=-, pfam-id=PF12850.12, length=170, aa-start=29, aa-stop=184, aa-cov=0.7, hmm-cov=0.9, evalue=1.9e-23, bitscore=77.6, name=Metallophos_2
12:43:39.877 - INFO - CDS - pfam detected: seq=contig_1, start=301533, stop=304106, strand=+, pfam-id=PF08241.18, length=113, aa-start=642, aa-stop=754, aa-cov=0.1, hmm-cov=0.8, evalue=2.6e-11, bitscore=38.5, name=Methyltransf_11
12:43:39.877 - INFO - CDS - pfam detected: seq=contig_1, start=301533, stop=304106, strand=+, pfam-id=PF08242.18, length=118, aa-start=642, aa-stop=752, aa-cov=0.1, hmm-cov=0.8, evalue=5.6e-12, bitscore=40.7, name=Methyltransf_12
12:43:39.879 - INFO - CDS - pfam detected: seq=contig_1, start=301533, stop=304106, strand=+, pfam-id=PF13489.12, length=167, aa-start=635, aa-stop=799, aa-cov=0.2, hmm-cov=0.9, evalue=2.8e-24, bitscore=80.1, name=Methyltransf_23
12:43:39.882 - INFO - CDS - pfam detected: seq=contig_1, start=301533, stop=304106, strand=+, pfam-id=PF13649.12, length=114, aa-start=641, aa-stop=750, aa-cov=0.1, hmm-cov=0.9, evalue=2.4e-10, bitscore=35.5, name=Methyltransf_25
12:43:39.887 - INFO - CDS - pfam detected: seq=contig_1, start=40343, stop=41167, strand=-, pfam-id=PF04452.19, length=165, aa-start=78, aa-stop=240, aa-cov=0.6, hmm-cov=1.0, evalue=3.1e-35, bitscore=115.6, name=Methyltrans_RNA
12:43:39.887 - INFO - CDS - pfam detected: seq=contig_1, start=291878, stop=292762, strand=-, pfam-id=PF04452.19, length=195, aa-start=91, aa-stop=277, aa-cov=0.6, hmm-cov=0.8, evalue=3.8e-31, bitscore=102.3, name=Methyltrans_RNA
12:43:39.983 - INFO - CDS - pfam detected: seq=contig_1, start=87207, stop=89360, strand=+, pfam-id=PF02738.23, length=233, aa-start=123, aa-stop=350, aa-cov=0.3, hmm-cov=1.0, evalue=3.9e-28, bitscore=92.5, name=MoCoBD_1
12:43:39.998 - INFO - CDS - pfam detected: seq=contig_1, start=328858, stop=330600, strand=+, pfam-id=PF02722.21, length=205, aa-start=377, aa-stop=580, aa-cov=0.4, hmm-cov=1.0, evalue=3.8e-97, bitscore=318.3, name=MOSP_C
12:43:39.998 - INFO - CDS - pfam detected: seq=contig_1, start=666942, stop=668684, strand=-, pfam-id=PF02722.21, length=205, aa-start=377, aa-stop=580, aa-cov=0.4, hmm-cov=1.0, evalue=3.8e-97, bitscore=318.3, name=MOSP_C
12:43:39.998 - INFO - CDS - pfam detected: seq=contig_1, start=134842, stop=136089, strand=-, pfam-id=PF02722.21, length=206, aa-start=217, aa-stop=415, aa-cov=0.5, hmm-cov=1.0, evalue=6.6e-93, bitscore=304.5, name=MOSP_C
12:43:39.998 - INFO - CDS - pfam detected: seq=contig_1, start=152668, stop=153915, strand=-, pfam-id=PF02722.21, length=206, aa-start=217, aa-stop=415, aa-cov=0.5, hmm-cov=1.0, evalue=6.6e-93, bitscore=304.5, name=MOSP_C
12:43:39.998 - INFO - CDS - pfam detected: seq=contig_1, start=149141, stop=149749, strand=-, pfam-id=PF02722.21, length=79, aa-start=75, aa-stop=152, aa-cov=0.4, hmm-cov=1.0, evalue=6.9e-37, bitscore=121.5, name=MOSP_C
12:43:40.067 - INFO - CDS - pfam detected: seq=contig_1, start=978964, stop=980562, strand=+, pfam-id=PF02875.26, length=94, aa-start=393, aa-stop=474, aa-cov=0.2, hmm-cov=1.0, evalue=2.0e-08, bitscore=29.5, name=Mur_ligase_C
12:43:40.067 - INFO - CDS - pfam detected: seq=contig_1, start=978964, stop=980562, strand=+, pfam-id=PF08245.18, length=161, aa-start=122, aa-stop=270, aa-cov=0.3, hmm-cov=0.9, evalue=7.9e-14, bitscore=46.5, name=Mur_ligase_M
12:43:40.071 - INFO - CDS - pfam detected: seq=contig_1, start=316317, stop=318263, strand=-, pfam-id=PF08676.16, length=141, aa-start=474, aa-stop=604, aa-cov=0.2, hmm-cov=1.0, evalue=3.6e-32, bitscore=105.4, name=MutL_C
12:43:40.126 - INFO - CDS - pfam detected: seq=contig_1, start=857201, stop=857992, strand=-, pfam-id=PF03446.21, length=80, aa-start=2, aa-stop=80, aa-cov=0.3, hmm-cov=0.9, evalue=1.3e-08, bitscore=29.5, name=NAD_binding_2
12:43:40.130 - INFO - CDS - pfam detected: seq=contig_1, start=463420, stop=464280, strand=+, pfam-id=PF01513.26, length=59, aa-start=46, aa-stop=104, aa-cov=0.2, hmm-cov=1.0, evalue=4.2e-15, bitscore=50.6, name=NAD_kinase
12:43:40.130 - INFO - CDS - pfam detected: seq=contig_1, start=463420, stop=464280, strand=+, pfam-id=PF20143.4, length=126, aa-start=130, aa-stop=255, aa-cov=0.4, hmm-cov=1.0, evalue=3.3e-30, bitscore=98.9, name=NAD_kinase_C
12:43:40.278 - INFO - CDS - pfam detected: seq=contig_1, start=994743, stop=995795, strand=+, pfam-id=PF12804.13, length=142, aa-start=8, aa-stop=148, aa-cov=0.4, hmm-cov=0.8, evalue=1.2e-08, bitscore=29.7, name=NTP_transf_3
12:43:40.293 - INFO - CDS - pfam detected: seq=contig_1, start=790734, stop=791354, strand=+, pfam-id=PF00293.34, length=124, aa-start=69, aa-stop=179, aa-cov=0.5, hmm-cov=0.9, evalue=9.2e-20, bitscore=65.4, name=NUDIX
12:43:40.335 - INFO - CDS - pfam detected: seq=contig_1, start=964480, stop=965937, strand=-, pfam-id=PF08529.16, length=116, aa-start=9, aa-stop=122, aa-cov=0.2, hmm-cov=1.0, evalue=1.8e-22, bitscore=74.2, name=NusA_N
12:43:40.352 - INFO - CDS - pfam detected: seq=contig_1, start=966631, stop=967653, strand=-, pfam-id=PF01936.24, length=146, aa-start=4, aa-stop=137, aa-cov=0.4, hmm-cov=1.0, evalue=1.6e-26, bitscore=87.9, name=NYN
12:43:40.404 - INFO - CDS - pfam detected: seq=contig_1, start=966631, stop=967653, strand=-, pfam-id=PF12872.13, length=55, aa-start=190, aa-stop=243, aa-cov=0.2, hmm-cov=1.0, evalue=6.2e-17, bitscore=55.7, name=OST-HTH
12:43:40.423 - INFO - CDS - pfam detected: seq=contig_1, start=857201, stop=857992, strand=-, pfam-id=PF14748.11, length=97, aa-start=165, aa-stop=261, aa-cov=0.4, hmm-cov=1.0, evalue=1.6e-35, bitscore=116.0, name=P5CR_dimer
12:43:40.477 - INFO - CDS - pfam detected: seq=contig_1, start=323917, stop=324945, strand=+, pfam-id=PF03793.24, length=62, aa-start=40, aa-stop=100, aa-cov=0.2, hmm-cov=1.0, evalue=2.2e-22, bitscore=73.3, name=PASTA
12:43:40.574 - INFO - CDS - pfam detected: seq=contig_1, start=834571, stop=835770, strand=-, pfam-id=PF00595.29, length=36, aa-start=346, aa-stop=381, aa-cov=0.1, hmm-cov=1.0, evalue=4.3e-08, bitscore=27.9, name=PDZ
12:43:40.574 - INFO - CDS - pfam detected: seq=contig_1, start=834571, stop=835770, strand=-, pfam-id=PF13180.12, length=88, aa-start=305, aa-stop=392, aa-cov=0.2, hmm-cov=0.8, evalue=1.3e-13, bitscore=45.5, name=PDZ_2
12:43:40.574 - INFO - CDS - pfam detected: seq=contig_1, start=834571, stop=835770, strand=-, pfam-id=PF17820.7, length=37, aa-start=346, aa-stop=382, aa-cov=0.1, hmm-cov=1.0, evalue=3.0e-10, bitscore=34.2, name=PDZ_6
12:43:40.630 - INFO - CDS - pfam detected: seq=contig_1, start=761340, stop=762572, strand=-, pfam-id=PF01551.29, length=95, aa-start=275, aa-stop=369, aa-cov=0.2, hmm-cov=1.0, evalue=1.2e-29, bitscore=96.8, name=Peptidase_M23
12:43:40.630 - INFO - CDS - pfam detected: seq=contig_1, start=466796, stop=467824, strand=+, pfam-id=PF01551.29, length=94, aa-start=242, aa-stop=335, aa-cov=0.3, hmm-cov=1.0, evalue=7.7e-20, bitscore=65.4, name=Peptidase_M23
12:43:40.644 - INFO - CDS - pfam detected: seq=contig_1, start=1000708, stop=1002543, strand=-, pfam-id=PF10502.14, length=143, aa-start=156, aa-stop=298, aa-cov=0.2, hmm-cov=0.7, evalue=4.4e-30, bitscore=99.2, name=Peptidase_S26
12:43:40.644 - INFO - CDS - pfam detected: seq=contig_1, start=201448, stop=202155, strand=+, pfam-id=PF10502.14, length=204, aa-start=27, aa-stop=226, aa-cov=0.9, hmm-cov=0.8, evalue=1.1e-25, bitscore=84.9, name=Peptidase_S26
12:43:40.645 - INFO - CDS - pfam detected: seq=contig_1, start=748923, stop=749915, strand=-, pfam-id=PF02016.21, length=123, aa-start=12, aa-stop=131, aa-cov=0.4, hmm-cov=1.0, evalue=1.0e-35, bitscore=117.0, name=Peptidase_S66
12:43:40.647 - INFO - CDS - pfam detected: seq=contig_1, start=748923, stop=749915, strand=-, pfam-id=PF17676.7, length=120, aa-start=197, aa-stop=310, aa-cov=0.3, hmm-cov=1.0, evalue=1.4e-29, bitscore=97.5, name=Peptidase_S66C
12:43:40.648 - INFO - CDS - pfam detected: seq=contig_1, start=1096819, stop=1097427, strand=-, pfam-id=PF01195.25, length=177, aa-start=5, aa-stop=181, aa-cov=0.9, hmm-cov=1.0, evalue=2.0e-55, bitscore=181.9, name=Pept_tRNA_hydro
12:43:40.685 - INFO - CDS - pfam detected: seq=contig_1, start=434580, stop=436478, strand=-, pfam-id=PF02878.22, length=112, aa-start=52, aa-stop=161, aa-cov=0.2, hmm-cov=1.0, evalue=4.4e-24, bitscore=79.2, name=PGM_PMM_I
12:43:40.687 - INFO - CDS - pfam detected: seq=contig_1, start=434580, stop=436478, strand=-, pfam-id=PF02880.22, length=89, aa-start=364, aa-stop=452, aa-cov=0.1, hmm-cov=0.9, evalue=1.4e-07, bitscore=26.0, name=PGM_PMM_III
12:43:40.848 - INFO - CDS - pfam detected: seq=contig_1, start=740822, stop=741955, strand=+, pfam-id=PF00348.22, length=255, aa-start=56, aa-stop=305, aa-cov=0.7, hmm-cov=0.9, evalue=2.1e-52, bitscore=172.2, name=polyprenyl_synt
12:43:40.869 - INFO - CDS - pfam detected: seq=contig_1, start=408346, stop=409161, strand=+, pfam-id=PF08478.15, length=67, aa-start=57, aa-stop=123, aa-cov=0.2, hmm-cov=1.0, evalue=1.3e-18, bitscore=61.5, name=POTRA_1
12:43:40.889 - INFO - CDS - pfam detected: seq=contig_1, start=515594, stop=517615, strand=-, pfam-id=PF13360.12, length=199, aa-start=185, aa-stop=373, aa-cov=0.3, hmm-cov=0.7, evalue=4.0e-09, bitscore=30.8, name=PQQ_2
12:43:40.891 - INFO - CDS - pfam detected: seq=contig_1, start=981442, stop=981978, strand=+, pfam-id=PF24986.1, length=65, aa-start=112, aa-stop=175, aa-cov=0.4, hmm-cov=1.0, evalue=2.2e-12, bitscore=40.9, name=PRC_RimM
12:43:40.896 - INFO - CDS - pfam detected: seq=contig_1, start=58912, stop=59520, strand=-, pfam-id=PF00156.33, length=44, aa-start=91, aa-stop=134, aa-cov=0.2, hmm-cov=1.0, evalue=1.2e-08, bitscore=28.8, name=Pribosyltran
12:43:40.900 - INFO - CDS - pfam detected: seq=contig_1, start=60697, stop=61764, strand=+, pfam-id=PF17827.6, length=61, aa-start=34, aa-stop=91, aa-cov=0.2, hmm-cov=1.0, evalue=8.7e-10, bitscore=33.5, name=PrmC_N
12:43:40.952 - INFO - CDS - pfam detected: seq=contig_1, start=637310, stop=637576, strand=-, pfam-id=PF00381.24, length=79, aa-start=4, aa-stop=82, aa-cov=0.9, hmm-cov=1.0, evalue=2.0e-31, bitscore=102.3, name=PTS-HPr
12:43:40.953 - INFO - CDS - pfam detected: seq=contig_1, start=813567, stop=814256, strand=-, pfam-id=PF00359.27, length=142, aa-start=85, aa-stop=225, aa-cov=0.6, hmm-cov=1.0, evalue=1.4e-27, bitscore=90.8, name=PTS_EIIA_2
12:43:40.956 - INFO - CDS - pfam detected: seq=contig_1, start=291878, stop=292762, strand=-, pfam-id=PF20260.4, length=38, aa-start=33, aa-stop=70, aa-cov=0.1, hmm-cov=1.0, evalue=1.4e-08, bitscore=29.2, name=PUA_4
12:43:40.956 - INFO - CDS - pfam detected: seq=contig_1, start=40343, stop=41167, strand=-, pfam-id=PF20260.4, length=46, aa-start=21, aa-stop=66, aa-cov=0.2, hmm-cov=1.0, evalue=9.5e-08, bitscore=26.5, name=PUA_4
12:43:40.982 - INFO - CDS - pfam detected: seq=contig_1, start=1023617, stop=1024312, strand=-, pfam-id=PF01424.28, length=60, aa-start=166, aa-stop=225, aa-cov=0.3, hmm-cov=1.0, evalue=2.1e-18, bitscore=60.6, name=R3H
12:43:40.987 - INFO - CDS - pfam detected: seq=contig_1, start=812155, stop=813525, strand=-, pfam-id=PF04055.27, length=195, aa-start=156, aa-stop=333, aa-cov=0.4, hmm-cov=0.8, evalue=5.4e-29, bitscore=95.9, name=Radical_SAM
12:43:40.987 - INFO - CDS - pfam detected: seq=contig_1, start=284922, stop=286370, strand=+, pfam-id=PF04055.27, length=172, aa-start=207, aa-stop=374, aa-cov=0.3, hmm-cov=1.0, evalue=8.2e-25, bitscore=82.3, name=Radical_SAM
12:43:40.987 - INFO - CDS - pfam detected: seq=contig_1, start=74108, stop=75130, strand=+, pfam-id=PF04055.27, length=165, aa-start=107, aa-stop=266, aa-cov=0.5, hmm-cov=1.0, evalue=2.5e-17, bitscore=57.9, name=Radical_SAM
12:43:40.995 - INFO - CDS - pfam detected: seq=contig_1, start=749937, stop=751319, strand=-, pfam-id=PF00071.28, length=175, aa-start=200, aa-stop=366, aa-cov=0.4, hmm-cov=0.9, evalue=1.8e-12, bitscore=41.5, name=Ras
12:43:41.026 - INFO - CDS - pfam detected: seq=contig_1, start=581526, stop=582209, strand=-, pfam-id=PF21176.3, length=19, aa-start=109, aa-stop=127, aa-cov=0.1, hmm-cov=1.0, evalue=7.9e-09, bitscore=29.7, name=RecR_HhH
12:43:41.027 - INFO - CDS - pfam detected: seq=contig_1, start=1110849, stop=1111547, strand=-, pfam-id=PF21982.2, length=32, aa-start=84, aa-stop=115, aa-cov=0.1, hmm-cov=1.0, evalue=4.3e-13, bitscore=43.5, name=RecX_HTH1
12:43:41.030 - INFO - CDS - pfam detected: seq=contig_1, start=1110849, stop=1111547, strand=-, pfam-id=PF02631.22, length=42, aa-start=126, aa-stop=167, aa-cov=0.2, hmm-cov=1.0, evalue=6.6e-14, bitscore=46.4, name=RecX_HTH2
12:43:41.031 - INFO - CDS - pfam detected: seq=contig_1, start=108419, stop=109021, strand=+, pfam-id=PF08534.16, length=114, aa-start=81, aa-stop=184, aa-cov=0.5, hmm-cov=1.0, evalue=2.6e-23, bitscore=76.8, name=Redoxin
12:43:41.059 - INFO - CDS - pfam detected: seq=contig_1, start=682844, stop=684118, strand=+, pfam-id=PF00072.30, length=108, aa-start=30, aa-stop=137, aa-cov=0.3, hmm-cov=1.0, evalue=1.4e-26, bitscore=87.2, name=Response_reg
12:43:41.117 - INFO - CDS - pfam detected: seq=contig_1, start=391344, stop=392081, strand=+, pfam-id=PF01386.24, length=88, aa-start=55, aa-stop=142, aa-cov=0.4, hmm-cov=0.9, evalue=3.3e-21, bitscore=70.0, name=Ribosomal_L25p
12:43:41.118 - INFO - CDS - pfam detected: seq=contig_1, start=215470, stop=215583, strand=+, pfam-id=PF00444.23, length=38, aa-start=1, aa-stop=37, aa-cov=1.0, hmm-cov=1.0, evalue=6.7e-20, bitscore=65.4, name=Ribosomal_L36
12:43:41.119 - INFO - CDS - pfam detected: seq=contig_1, start=69269, stop=69739, strand=-, pfam-id=PF03948.19, length=85, aa-start=64, aa-stop=146, aa-cov=0.5, hmm-cov=1.0, evalue=3.4e-22, bitscore=73.2, name=Ribosomal_L9_C
12:43:41.120 - INFO - CDS - pfam detected: seq=contig_1, start=69269, stop=69739, strand=-, pfam-id=PF01281.25, length=45, aa-start=1, aa-stop=45, aa-cov=0.3, hmm-cov=1.0, evalue=1.3e-20, bitscore=67.2, name=Ribosomal_L9_N
12:43:41.128 - INFO - CDS - pfam detected: seq=contig_1, start=70800, stop=71081, strand=-, pfam-id=PF01250.22, length=90, aa-start=3, aa-stop=90, aa-cov=0.9, hmm-cov=1.0, evalue=2.0e-19, bitscore=64.1, name=Ribosomal_S6
12:43:41.128 - INFO - CDS - pfam detected: seq=contig_1, start=391344, stop=392081, strand=+, pfam-id=PF14693.11, length=80, aa-start=151, aa-stop=230, aa-cov=0.3, hmm-cov=1.0, evalue=1.8e-20, bitscore=67.6, name=Ribosomal_TL5_C
12:43:41.147 - INFO - CDS - pfam detected: seq=contig_1, start=981442, stop=981978, strand=+, pfam-id=PF01782.24, length=93, aa-start=6, aa-stop=98, aa-cov=0.5, hmm-cov=0.9, evalue=6.8e-14, bitscore=46.4, name=RimM
12:43:41.147 - INFO - CDS - pfam detected: seq=contig_1, start=965987, stop=966457, strand=-, pfam-id=PF02576.22, length=77, aa-start=14, aa-stop=89, aa-cov=0.5, hmm-cov=0.9, evalue=3.3e-13, bitscore=44.3, name=RimP_N
12:43:41.155 - INFO - CDS - pfam detected: seq=contig_1, start=74108, stop=75130, strand=+, pfam-id=PF21016.3, length=40, aa-start=23, aa-stop=61, aa-cov=0.1, hmm-cov=1.0, evalue=1.3e-10, bitscore=35.4, name=RlmN_N
12:43:41.176 - INFO - CDS - pfam detected: seq=contig_1, start=749937, stop=751319, strand=-, pfam-id=PF00910.28, length=21, aa-start=202, aa-stop=222, aa-cov=0.0, hmm-cov=1.0, evalue=1.5e-06, bitscore=23.1, name=RNA_helicase
12:43:41.177 - INFO - CDS - pfam detected: seq=contig_1, start=4, stop=1398, strand=+, pfam-id=PF00910.28, length=93, aa-start=156, aa-stop=244, aa-cov=0.2, hmm-cov=0.8, evalue=2.3e-06, bitscore=22.5, name=RNA_helicase
12:43:41.198 - INFO - CDS - pfam detected: seq=contig_1, start=749937, stop=751319, strand=-, pfam-id=PF08477.19, length=70, aa-start=22, aa-stop=82, aa-cov=0.1, hmm-cov=1.0, evalue=6.2e-10, bitscore=33.8, name=Roc
12:43:41.208 - INFO - CDS - pfam detected: seq=contig_1, start=1003083, stop=1004552, strand=+, pfam-id=PF13145.12, length=128, aa-start=193, aa-stop=311, aa-cov=0.2, hmm-cov=0.9, evalue=3.0e-08, bitscore=28.9, name=Rotamase_2
12:43:41.260 - INFO - CDS - pfam detected: seq=contig_1, start=355323, stop=356180, strand=+, pfam-id=PF00398.26, length=264, aa-start=22, aa-stop=278, aa-cov=0.9, hmm-cov=1.0, evalue=6.6e-42, bitscore=137.8, name=RrnaAD
12:43:41.265 - INFO - CDS - pfam detected: seq=contig_1, start=749937, stop=751319, strand=-, pfam-id=PF03193.22, length=61, aa-start=23, aa-stop=79, aa-cov=0.1, hmm-cov=1.0, evalue=1.9e-12, bitscore=41.8, name=RsgA_GTPase
12:43:41.274 - INFO - CDS - pfam detected: seq=contig_1, start=1071120, stop=1071266, strand=+, pfam-id=PF00301.25, length=45, aa-start=1, aa-stop=45, aa-cov=0.9, hmm-cov=1.0, evalue=3.5e-24, bitscore=79.1, name=Rubredoxin
12:43:41.276 - INFO - CDS - pfam detected: seq=contig_1, start=581526, stop=582209, strand=-, pfam-id=PF01330.27, length=62, aa-start=1, aa-stop=62, aa-cov=0.3, hmm-cov=1.0, evalue=5.1e-16, bitscore=53.0, name=RuvA_N
12:43:41.277 - INFO - CDS - pfam detected: seq=contig_1, start=1087654, stop=1089372, strand=-, pfam-id=PF05496.18, length=69, aa-start=11, aa-stop=75, aa-cov=0.1, hmm-cov=1.0, evalue=3.4e-08, bitscore=27.8, name=RuvB_N
12:43:41.317 - INFO - CDS - pfam detected: seq=contig_1, start=52682, stop=54574, strand=+, pfam-id=PF13932.14, length=56, aa-start=570, aa-stop=625, aa-cov=0.1, hmm-cov=1.0, evalue=1.4e-21, bitscore=70.5, name=SAM_GIDA_C
12:43:41.437 - INFO - CDS - pfam detected: seq=contig_1, start=271225, stop=272505, strand=-, pfam-id=PF08239.17, length=66, aa-start=91, aa-stop=156, aa-cov=0.2, hmm-cov=0.8, evalue=1.2e-11, bitscore=39.1, name=SH3_3
12:43:41.469 - INFO - CDS - pfam detected: seq=contig_1, start=1097462, stop=1098352, strand=-, pfam-id=PF04542.20, length=70, aa-start=49, aa-stop=118, aa-cov=0.2, hmm-cov=1.0, evalue=3.4e-20, bitscore=66.1, name=Sigma70_r2
12:43:41.470 - INFO - CDS - pfam detected: seq=contig_1, start=1097462, stop=1098352, strand=-, pfam-id=PF04545.22, length=52, aa-start=232, aa-stop=283, aa-cov=0.2, hmm-cov=0.9, evalue=1.1e-17, bitscore=57.7, name=Sigma70_r4
12:43:41.495 - INFO - CDS - pfam detected: seq=contig_1, start=671217, stop=672809, strand=+, pfam-id=PF01464.25, length=113, aa-start=131, aa-stop=242, aa-cov=0.2, hmm-cov=1.0, evalue=3.7e-32, bitscore=104.8, name=SLT
12:43:41.507 - INFO - CDS - pfam detected: seq=contig_1, start=733831, stop=734439, strand=+, pfam-id=PF01713.27, length=81, aa-start=116, aa-stop=196, aa-cov=0.4, hmm-cov=1.0, evalue=8.0e-23, bitscore=74.9, name=Smr
12:43:41.591 - INFO - CDS - pfam detected: seq=contig_1, start=310574, stop=311347, strand=+, pfam-id=PF05036.18, length=73, aa-start=178, aa-stop=250, aa-cov=0.3, hmm-cov=1.0, evalue=2.9e-16, bitscore=54.0, name=SPOR
12:43:41.592 - INFO - CDS - pfam detected: seq=contig_1, start=63060, stop=64019, strand=+, pfam-id=PF08032.17, length=75, aa-start=28, aa-stop=101, aa-cov=0.2, hmm-cov=1.0, evalue=2.9e-17, bitscore=57.3, name=SpoU_sub_bind
12:43:41.614 - INFO - CDS - pfam detected: seq=contig_1, start=625261, stop=626142, strand=+, pfam-id=PF00448.28, length=200, aa-start=90, aa-stop=289, aa-cov=0.7, hmm-cov=1.0, evalue=2.9e-69, bitscore=227.0, name=SRP54
12:43:41.617 - INFO - CDS - pfam detected: seq=contig_1, start=625261, stop=626142, strand=+, pfam-id=PF02881.24, length=73, aa-start=6, aa-stop=70, aa-cov=0.2, hmm-cov=1.0, evalue=7.0e-10, bitscore=33.5, name=SRP54_N
12:43:41.618 - INFO - CDS - pfam detected: seq=contig_1, start=749937, stop=751319, strand=-, pfam-id=PF09439.16, length=114, aa-start=21, aa-stop=129, aa-cov=0.2, hmm-cov=0.8, evalue=4.8e-08, bitscore=27.0, name=SRPRB
12:43:41.619 - INFO - CDS - pfam detected: seq=contig_1, start=326792, stop=327154, strand=+, pfam-id=PF00436.31, length=103, aa-start=4, aa-stop=103, aa-cov=0.8, hmm-cov=1.0, evalue=1.4e-23, bitscore=77.4, name=SSB
12:43:41.642 - INFO - CDS - pfam detected: seq=contig_1, start=226381, stop=226557, strand=+, pfam-id=PF01740.26, length=55, aa-start=2, aa-stop=56, aa-cov=0.9, hmm-cov=1.0, evalue=8.7e-13, bitscore=42.4, name=STAS
12:43:41.679 - INFO - CDS - pfam detected: seq=contig_1, start=442648, stop=443400, strand=+, pfam-id=PF01975.23, length=194, aa-start=3, aa-stop=188, aa-cov=0.7, hmm-cov=1.0, evalue=1.3e-51, bitscore=169.4, name=SurE
12:43:41.751 - INFO - CDS - pfam detected: seq=contig_1, start=1073038, stop=1073853, strand=+, pfam-id=PF01026.27, length=225, aa-start=28, aa-stop=250, aa-cov=0.8, hmm-cov=0.9, evalue=1.1e-48, bitscore=160.2, name=TatD_DNase
12:43:41.856 - INFO - CDS - pfam detected: seq=contig_1, start=108419, stop=109021, strand=+, pfam-id=PF00085.26, length=65, aa-start=86, aa-stop=150, aa-cov=0.3, hmm-cov=1.0, evalue=7.5e-10, bitscore=33.2, name=Thioredoxin
12:43:41.859 - INFO - CDS - pfam detected: seq=contig_1, start=108419, stop=109021, strand=+, pfam-id=PF13098.12, length=107, aa-start=84, aa-stop=187, aa-cov=0.5, hmm-cov=0.9, evalue=1.0e-10, bitscore=36.3, name=Thioredoxin_2
12:43:41.860 - INFO - CDS - pfam detected: seq=contig_1, start=108419, stop=109021, strand=+, pfam-id=PF13905.12, length=94, aa-start=85, aa-stop=175, aa-cov=0.5, hmm-cov=1.0, evalue=1.5e-14, bitscore=48.6, name=Thioredoxin_8
12:43:41.865 - INFO - CDS - pfam detected: seq=contig_1, start=373653, stop=374279, strand=+, pfam-id=PF02223.23, length=193, aa-start=10, aa-stop=197, aa-cov=0.9, hmm-cov=1.0, evalue=1.8e-45, bitscore=149.3, name=Thymidylate_kin
12:43:41.987 - INFO - CDS - pfam detected: seq=contig_1, start=605094, stop=605945, strand=-, pfam-id=PF04536.20, length=107, aa-start=74, aa-stop=180, aa-cov=0.4, hmm-cov=1.0, evalue=1.7e-30, bitscore=100.0, name=TPM_phosphatase
12:43:41.993 - INFO - CDS - pfam detected: seq=contig_1, start=491683, stop=493635, strand=-, pfam-id=PF00515.34, length=32, aa-start=502, aa-stop=533, aa-cov=0.0, hmm-cov=1.0, evalue=4.7e-30, bitscore=96.7, name=TPR_1
12:43:41.993 - INFO - CDS - pfam detected: seq=contig_1, start=1029562, stop=1030998, strand=-, pfam-id=PF00515.34, length=32, aa-start=286, aa-stop=317, aa-cov=0.1, hmm-cov=1.0, evalue=1.9e-29, bitscore=94.8, name=TPR_1
12:43:41.993 - INFO - CDS - pfam detected: seq=contig_1, start=493628, stop=494785, strand=-, pfam-id=PF00515.34, length=30, aa-start=111, aa-stop=140, aa-cov=0.1, hmm-cov=1.0, evalue=1.3e-16, bitscore=54.2, name=TPR_1
12:43:41.993 - INFO - CDS - pfam detected: seq=contig_1, start=486338, stop=486958, strand=+, pfam-id=PF00515.34, length=31, aa-start=128, aa-stop=158, aa-cov=0.2, hmm-cov=1.0, evalue=7.4e-15, bitscore=48.6, name=TPR_1
12:43:41.993 - INFO - CDS - pfam detected: seq=contig_1, start=412627, stop=413379, strand=+, pfam-id=PF00515.34, length=26, aa-start=193, aa-stop=218, aa-cov=0.1, hmm-cov=1.0, evalue=1.3e-14, bitscore=47.8, name=TPR_1
12:43:41.994 - INFO - CDS - pfam detected: seq=contig_1, start=1029562, stop=1030998, strand=-, pfam-id=PF13374.12, length=24, aa-start=187, aa-stop=210, aa-cov=0.1, hmm-cov=1.0, evalue=3.7e-09, bitscore=30.8, name=TPR_10
12:43:41.994 - INFO - CDS - pfam detected: seq=contig_1, start=491683, stop=493635, strand=-, pfam-id=PF13414.12, length=39, aa-start=509, aa-stop=547, aa-cov=0.1, hmm-cov=1.0, evalue=3.1e-26, bitscore=85.3, name=TPR_11
12:43:41.994 - INFO - CDS - pfam detected: seq=contig_1, start=1029562, stop=1030998, strand=-, pfam-id=PF13414.12, length=42, aa-start=155, aa-stop=196, aa-cov=0.1, hmm-cov=1.0, evalue=2.5e-23, bitscore=75.9, name=TPR_11
12:43:41.994 - INFO - CDS - pfam detected: seq=contig_1, start=486338, stop=486958, strand=+, pfam-id=PF13414.12, length=37, aa-start=101, aa-stop=137, aa-cov=0.2, hmm-cov=1.0, evalue=4.3e-12, bitscore=40.0, name=TPR_11
12:43:41.994 - INFO - CDS - pfam detected: seq=contig_1, start=412627, stop=413379, strand=+, pfam-id=PF13414.12, length=18, aa-start=199, aa-stop=216, aa-cov=0.1, hmm-cov=1.0, evalue=1.3e-10, bitscore=35.3, name=TPR_11
12:43:41.994 - INFO - CDS - pfam detected: seq=contig_1, start=493628, stop=494785, strand=-, pfam-id=PF13414.12, length=37, aa-start=114, aa-stop=150, aa-cov=0.1, hmm-cov=1.0, evalue=7.6e-09, bitscore=29.6, name=TPR_11
12:43:41.994 - INFO - CDS - pfam detected: seq=contig_1, start=1029562, stop=1030998, strand=-, pfam-id=PF13424.12, length=52, aa-start=323, aa-stop=372, aa-cov=0.1, hmm-cov=1.0, evalue=2.4e-21, bitscore=70.2, name=TPR_12
12:43:41.994 - INFO - CDS - pfam detected: seq=contig_1, start=491683, stop=493635, strand=-, pfam-id=PF13424.12, length=69, aa-start=362, aa-stop=428, aa-cov=0.1, hmm-cov=1.0, evalue=2.2e-18, bitscore=60.7, name=TPR_12
12:43:41.994 - INFO - CDS - pfam detected: seq=contig_1, start=486338, stop=486958, strand=+, pfam-id=PF13424.12, length=61, aa-start=127, aa-stop=179, aa-cov=0.3, hmm-cov=1.0, evalue=3.9e-15, bitscore=50.3, name=TPR_12
12:43:41.994 - INFO - CDS - pfam detected: seq=contig_1, start=412627, stop=413379, strand=+, pfam-id=PF13424.12, length=29, aa-start=189, aa-stop=217, aa-cov=0.1, hmm-cov=1.0, evalue=2.1e-11, bitscore=38.4, name=TPR_12
12:43:41.994 - INFO - CDS - pfam detected: seq=contig_1, start=297445, stop=298164, strand=+, pfam-id=PF13424.12, length=68, aa-start=116, aa-stop=178, aa-cov=0.3, hmm-cov=1.0, evalue=6.2e-10, bitscore=33.6, name=TPR_12
12:43:41.997 - INFO - CDS - pfam detected: seq=contig_1, start=491683, stop=493635, strand=-, pfam-id=PF13428.12, length=38, aa-start=576, aa-stop=613, aa-cov=0.1, hmm-cov=1.0, evalue=6.9e-22, bitscore=70.4, name=TPR_14
12:43:41.997 - INFO - CDS - pfam detected: seq=contig_1, start=1029562, stop=1030998, strand=-, pfam-id=PF13428.12, length=31, aa-start=287, aa-stop=317, aa-cov=0.1, hmm-cov=1.0, evalue=4.1e-20, bitscore=64.9, name=TPR_14
12:43:41.997 - INFO - CDS - pfam detected: seq=contig_1, start=486338, stop=486958, strand=+, pfam-id=PF13428.12, length=41, aa-start=128, aa-stop=168, aa-cov=0.2, hmm-cov=1.0, evalue=1.5e-11, bitscore=38.4, name=TPR_14
12:43:41.997 - INFO - CDS - pfam detected: seq=contig_1, start=412627, stop=413379, strand=+, pfam-id=PF13428.12, length=33, aa-start=192, aa-stop=224, aa-cov=0.1, hmm-cov=1.0, evalue=1.4e-09, bitscore=32.4, name=TPR_14
12:43:41.997 - INFO - CDS - pfam detected: seq=contig_1, start=472110, stop=472700, strand=+, pfam-id=PF13428.12, length=41, aa-start=32, aa-stop=71, aa-cov=0.2, hmm-cov=1.0, evalue=4.8e-09, bitscore=30.7, name=TPR_14
12:43:41.997 - INFO - CDS - pfam detected: seq=contig_1, start=1029562, stop=1030998, strand=-, pfam-id=PF13432.12, length=61, aa-start=153, aa-stop=213, aa-cov=0.1, hmm-cov=1.0, evalue=1.8e-30, bitscore=99.5, name=TPR_16
12:43:41.997 - INFO - CDS - pfam detected: seq=contig_1, start=491683, stop=493635, strand=-, pfam-id=PF13432.12, length=60, aa-start=475, aa-stop=534, aa-cov=0.1, hmm-cov=1.0, evalue=2.3e-28, bitscore=92.8, name=TPR_16
12:43:41.997 - INFO - CDS - pfam detected: seq=contig_1, start=493628, stop=494785, strand=-, pfam-id=PF13432.12, length=64, aa-start=111, aa-stop=174, aa-cov=0.2, hmm-cov=1.0, evalue=1.1e-13, bitscore=45.9, name=TPR_16
12:43:41.997 - INFO - CDS - pfam detected: seq=contig_1, start=486338, stop=486958, strand=+, pfam-id=PF13432.12, length=52, aa-start=140, aa-stop=190, aa-cov=0.2, hmm-cov=1.0, evalue=4.0e-13, bitscore=44.0, name=TPR_16
12:43:41.997 - INFO - CDS - pfam detected: seq=contig_1, start=297445, stop=298164, strand=+, pfam-id=PF13432.12, length=58, aa-start=159, aa-stop=216, aa-cov=0.2, hmm-cov=1.0, evalue=1.3e-09, bitscore=32.8, name=TPR_16
12:43:41.997 - INFO - CDS - pfam detected: seq=contig_1, start=491683, stop=493635, strand=-, pfam-id=PF13431.12, length=33, aa-start=422, aa-stop=454, aa-cov=0.1, hmm-cov=1.0, evalue=1.2e-23, bitscore=75.9, name=TPR_17
12:43:41.997 - INFO - CDS - pfam detected: seq=contig_1, start=486338, stop=486958, strand=+, pfam-id=PF13431.12, length=33, aa-start=114, aa-stop=146, aa-cov=0.2, hmm-cov=1.0, evalue=2.1e-20, bitscore=65.8, name=TPR_17
12:43:41.997 - INFO - CDS - pfam detected: seq=contig_1, start=1029562, stop=1030998, strand=-, pfam-id=PF13431.12, length=30, aa-start=240, aa-stop=269, aa-cov=0.1, hmm-cov=1.0, evalue=9.2e-19, bitscore=60.7, name=TPR_17
12:43:41.998 - INFO - CDS - pfam detected: seq=contig_1, start=493628, stop=494785, strand=-, pfam-id=PF13431.12, length=31, aa-start=63, aa-stop=93, aa-cov=0.1, hmm-cov=1.0, evalue=2.5e-07, bitscore=25.0, name=TPR_17
12:43:41.999 - INFO - CDS - pfam detected: seq=contig_1, start=1029562, stop=1030998, strand=-, pfam-id=PF14559.12, length=59, aa-start=195, aa-stop=253, aa-cov=0.1, hmm-cov=1.0, evalue=3.5e-29, bitscore=95.4, name=TPR_19
12:43:41.999 - INFO - CDS - pfam detected: seq=contig_1, start=491683, stop=493635, strand=-, pfam-id=PF14559.12, length=67, aa-start=581, aa-stop=647, aa-cov=0.1, hmm-cov=1.0, evalue=1.5e-27, bitscore=90.1, name=TPR_19
12:43:41.999 - INFO - CDS - pfam detected: seq=contig_1, start=486338, stop=486958, strand=+, pfam-id=PF14559.12, length=43, aa-start=138, aa-stop=180, aa-cov=0.2, hmm-cov=1.0, evalue=2.8e-12, bitscore=41.2, name=TPR_19
12:43:41.999 - INFO - CDS - pfam detected: seq=contig_1, start=493628, stop=494785, strand=-, pfam-id=PF14559.12, length=52, aa-start=48, aa-stop=99, aa-cov=0.1, hmm-cov=1.0, evalue=9.7e-12, bitscore=39.5, name=TPR_19
12:43:41.999 - INFO - CDS - pfam detected: seq=contig_1, start=412627, stop=413379, strand=+, pfam-id=PF14559.12, length=53, aa-start=169, aa-stop=221, aa-cov=0.2, hmm-cov=1.0, evalue=2.6e-11, bitscore=38.1, name=TPR_19
12:43:41.999 - INFO - CDS - pfam detected: seq=contig_1, start=472110, stop=472700, strand=+, pfam-id=PF14559.12, length=49, aa-start=108, aa-stop=156, aa-cov=0.2, hmm-cov=1.0, evalue=9.1e-10, bitscore=33.2, name=TPR_19
12:43:41.999 - INFO - CDS - pfam detected: seq=contig_1, start=491683, stop=493635, strand=-, pfam-id=PF07719.23, length=32, aa-start=503, aa-stop=534, aa-cov=0.0, hmm-cov=1.0, evalue=1.1e-35, bitscore=113.4, name=TPR_2
12:43:41.999 - INFO - CDS - pfam detected: seq=contig_1, start=1029562, stop=1030998, strand=-, pfam-id=PF07719.23, length=33, aa-start=285, aa-stop=317, aa-cov=0.1, hmm-cov=1.0, evalue=7.5e-32, bitscore=101.4, name=TPR_2
12:43:41.999 - INFO - CDS - pfam detected: seq=contig_1, start=486338, stop=486958, strand=+, pfam-id=PF07719.23, length=31, aa-start=128, aa-stop=158, aa-cov=0.2, hmm-cov=1.0, evalue=5.6e-21, bitscore=67.5, name=TPR_2
12:43:41.999 - INFO - CDS - pfam detected: seq=contig_1, start=493628, stop=494785, strand=-, pfam-id=PF07719.23, length=29, aa-start=109, aa-stop=137, aa-cov=0.1, hmm-cov=1.0, evalue=7.8e-16, bitscore=51.5, name=TPR_2
12:43:41.999 - INFO - CDS - pfam detected: seq=contig_1, start=412627, stop=413379, strand=+, pfam-id=PF07719.23, length=26, aa-start=193, aa-stop=218, aa-cov=0.1, hmm-cov=1.0, evalue=3.1e-14, bitscore=46.5, name=TPR_2
12:43:42.000 - INFO - CDS - pfam detected: seq=contig_1, start=297445, stop=298164, strand=+, pfam-id=PF07719.23, length=27, aa-start=151, aa-stop=177, aa-cov=0.1, hmm-cov=1.0, evalue=1.2e-08, bitscore=29.0, name=TPR_2
12:43:42.002 - INFO - CDS - pfam detected: seq=contig_1, start=1029562, stop=1030998, strand=-, pfam-id=PF13174.12, length=28, aa-start=289, aa-stop=316, aa-cov=0.1, hmm-cov=1.0, evalue=1.4e-16, bitscore=54.5, name=TPR_6
12:43:42.002 - INFO - CDS - pfam detected: seq=contig_1, start=412627, stop=413379, strand=+, pfam-id=PF13174.12, length=31, aa-start=193, aa-stop=223, aa-cov=0.1, hmm-cov=1.0, evalue=6.6e-08, bitscore=27.3, name=TPR_6
12:43:42.006 - INFO - CDS - pfam detected: seq=contig_1, start=1029562, stop=1030998, strand=-, pfam-id=PF13176.12, length=28, aa-start=187, aa-stop=214, aa-cov=0.1, hmm-cov=1.0, evalue=7.4e-13, bitscore=42.1, name=TPR_7
12:43:42.006 - INFO - CDS - pfam detected: seq=contig_1, start=491683, stop=493635, strand=-, pfam-id=PF13176.12, length=34, aa-start=540, aa-stop=571, aa-cov=0.0, hmm-cov=1.0, evalue=1.3e-12, bitscore=41.4, name=TPR_7
12:43:42.006 - INFO - CDS - pfam detected: seq=contig_1, start=412627, stop=413379, strand=+, pfam-id=PF13176.12, length=27, aa-start=193, aa-stop=219, aa-cov=0.1, hmm-cov=1.0, evalue=6.4e-09, bitscore=29.9, name=TPR_7
12:43:42.007 - INFO - CDS - pfam detected: seq=contig_1, start=1029562, stop=1030998, strand=-, pfam-id=PF13181.12, length=27, aa-start=290, aa-stop=316, aa-cov=0.1, hmm-cov=1.0, evalue=1.8e-23, bitscore=75.3, name=TPR_8
12:43:42.007 - INFO - CDS - pfam detected: seq=contig_1, start=486338, stop=486958, strand=+, pfam-id=PF13181.12, length=32, aa-start=93, aa-stop=124, aa-cov=0.2, hmm-cov=1.0, evalue=3.1e-20, bitscore=65.2, name=TPR_8
12:43:42.007 - INFO - CDS - pfam detected: seq=contig_1, start=491683, stop=493635, strand=-, pfam-id=PF13181.12, length=28, aa-start=503, aa-stop=530, aa-cov=0.0, hmm-cov=1.0, evalue=6.6e-20, bitscore=64.2, name=TPR_8
12:43:42.007 - INFO - CDS - pfam detected: seq=contig_1, start=412627, stop=413379, strand=+, pfam-id=PF13181.12, length=24, aa-start=193, aa-stop=216, aa-cov=0.1, hmm-cov=1.0, evalue=6.6e-12, bitscore=39.2, name=TPR_8
12:43:42.007 - INFO - CDS - pfam detected: seq=contig_1, start=493628, stop=494785, strand=-, pfam-id=PF13181.12, length=27, aa-start=111, aa-stop=137, aa-cov=0.1, hmm-cov=1.0, evalue=5.1e-08, bitscore=27.1, name=TPR_8
12:43:42.008 - INFO - CDS - pfam detected: seq=contig_1, start=1029562, stop=1030998, strand=-, pfam-id=PF13371.12, length=55, aa-start=229, aa-stop=283, aa-cov=0.1, hmm-cov=1.0, evalue=6.1e-18, bitscore=59.1, name=TPR_9
12:43:42.011 - INFO - CDS - pfam detected: seq=contig_1, start=1029562, stop=1030998, strand=-, pfam-id=PF23914.1, length=94, aa-start=159, aa-stop=249, aa-cov=0.2, hmm-cov=1.0, evalue=7.5e-22, bitscore=72.3, name=TPR_CcmH_CycH
12:43:42.012 - INFO - CDS - pfam detected: seq=contig_1, start=486338, stop=486958, strand=+, pfam-id=PF23914.1, length=53, aa-start=80, aa-stop=132, aa-cov=0.3, hmm-cov=1.0, evalue=5.6e-13, bitscore=43.4, name=TPR_CcmH_CycH
12:43:42.042 - INFO - CDS - pfam detected: seq=contig_1, start=812155, stop=813525, strand=-, pfam-id=PF01938.26, length=64, aa-start=388, aa-stop=451, aa-cov=0.1, hmm-cov=0.9, evalue=8.7e-16, bitscore=52.0, name=TRAM
12:43:42.057 - INFO - CDS - pfam detected: seq=contig_1, start=362128, stop=365574, strand=-, pfam-id=PF03461.20, length=93, aa-start=1009, aa-stop=1101, aa-cov=0.1, hmm-cov=1.0, evalue=6.8e-25, bitscore=81.7, name=TRCF
12:43:42.062 - INFO - CDS - pfam detected: seq=contig_1, start=29157, stop=29867, strand=+, pfam-id=PF02080.26, length=64, aa-start=150, aa-stop=211, aa-cov=0.3, hmm-cov=1.0, evalue=5.7e-12, bitscore=39.9, name=TrkA_C
12:43:42.063 - INFO - CDS - pfam detected: seq=contig_1, start=29157, stop=29867, strand=+, pfam-id=PF02254.24, length=118, aa-start=4, aa-stop=119, aa-cov=0.5, hmm-cov=1.0, evalue=4.2e-19, bitscore=63.4, name=TrkA_N
12:43:42.073 - INFO - CDS - pfam detected: seq=contig_1, start=1050749, stop=1052410, strand=+, pfam-id=PF01409.25, length=275, aa-start=281, aa-stop=549, aa-cov=0.5, hmm-cov=0.9, evalue=1.2e-82, bitscore=271.5, name=tRNA-synt_2d
12:43:42.085 - INFO - CDS - pfam detected: seq=contig_1, start=14013, stop=15827, strand=+, pfam-id=PF17759.6, length=206, aa-start=409, aa-stop=599, aa-cov=0.3, hmm-cov=1.0, evalue=3.7e-32, bitscore=105.9, name=tRNA_synthFbeta
12:43:42.093 - INFO - CDS - pfam detected: seq=contig_1, start=834571, stop=835770, strand=-, pfam-id=PF00089.32, length=194, aa-start=107, aa-stop=269, aa-cov=0.4, hmm-cov=1.0, evalue=4.2e-22, bitscore=73.4, name=Trypsin
12:43:42.093 - INFO - CDS - pfam detected: seq=contig_1, start=834571, stop=835770, strand=-, pfam-id=PF13365.12, length=147, aa-start=106, aa-stop=244, aa-cov=0.3, hmm-cov=1.0, evalue=2.5e-35, bitscore=116.8, name=Trypsin_2
12:43:42.188 - INFO - CDS - pfam detected: seq=contig_1, start=237819, stop=238631, strand=+, pfam-id=PF03167.24, length=152, aa-start=107, aa-stop=253, aa-cov=0.5, hmm-cov=0.9, evalue=2.4e-41, bitscore=135.6, name=UDG
12:43:42.237 - INFO - CDS - pfam detected: seq=contig_1, start=362128, stop=365574, strand=-, pfam-id=PF17757.6, length=91, aa-start=148, aa-stop=238, aa-cov=0.1, hmm-cov=1.0, evalue=4.4e-16, bitscore=53.2, name=UvrB_inter
12:43:42.310 - INFO - CDS - pfam detected: seq=contig_1, start=839606, stop=840250, strand=-, pfam-id=PF09335.16, length=104, aa-start=57, aa-stop=157, aa-cov=0.5, hmm-cov=1.0, evalue=2.4e-12, bitscore=41.9, name=VTT_dom
12:43:42.310 - INFO - CDS - pfam detected: seq=contig_1, start=258196, stop=260148, strand=+, pfam-id=PF00092.34, length=165, aa-start=432, aa-stop=593, aa-cov=0.2, hmm-cov=0.9, evalue=6.8e-12, bitscore=40.3, name=VWA
12:43:42.310 - INFO - CDS - pfam detected: seq=contig_1, start=809092, stop=809763, strand=+, pfam-id=PF00092.34, length=119, aa-start=30, aa-stop=142, aa-cov=0.5, hmm-cov=1.0, evalue=5.3e-10, bitscore=34.2, name=VWA
12:43:42.311 - INFO - CDS - pfam detected: seq=contig_1, start=809092, stop=809763, strand=+, pfam-id=PF13519.12, length=112, aa-start=32, aa-stop=139, aa-cov=0.5, hmm-cov=0.9, evalue=7.7e-14, bitscore=46.7, name=VWA_2
12:43:42.438 - INFO - CDS - pfam detected: seq=contig_1, start=388453, stop=389991, strand=+, pfam-id=PF13525.12, length=86, aa-start=431, aa-stop=508, aa-cov=0.2, hmm-cov=1.0, evalue=3.0e-10, bitscore=34.6, name=YfiO
12:43:42.471 - INFO - CDS - pfam detected: seq=contig_1, start=912724, stop=913059, strand=-, pfam-id=PF06005.17, length=67, aa-start=4, aa-stop=70, aa-cov=0.6, hmm-cov=1.0, evalue=1.4e-09, bitscore=32.8, name=ZapB
12:43:42.498 - INFO - CDS - pfam detected: seq=contig_1, start=102191, stop=102838, strand=+, pfam-id=PF13490.11, length=26, aa-start=12, aa-stop=37, aa-cov=0.1, hmm-cov=1.0, evalue=1.3e-06, bitscore=22.9, name=zf-HC2
12:43:42.523 - INFO - CDS - pfam detected: seq=contig_1, start=479479, stop=479829, strand=+, pfam-id=PF13248.11, length=20, aa-start=20, aa-stop=38, aa-cov=0.2, hmm-cov=0.9, evalue=2.6e-08, bitscore=27.6, name=Zn_ribbon_3
12:43:42.523 - INFO - CDS - pfam detected: seq=contig_1, start=526341, stop=527162, strand=+, pfam-id=PF02591.20, length=33, aa-start=200, aa-stop=232, aa-cov=0.1, hmm-cov=1.0, evalue=5.8e-14, bitscore=46.4, name=Zn_ribbon_9
12:43:42.525 - INFO - CDS - predicted-pfams=314, CDS-w/-pfams=150
12:43:42.956 - INFO - S_ORF - predicted=11119
12:43:46.043 - INFO - S_ORF - sORF filter: # valid=989, # discarded=10130
12:43:46.079 - INFO - ORF - discarded=0
12:43:46.159 - INFO - UPS - looked-up=0
12:43:46.160 - INFO - IPS - looked-up=0
12:43:46.160 - INFO - ORF - write internal aa seqs: # seqs=989, path=/private/var/folders/fw/6q_csqnj4979y2v5d3nfpcth0000gn/T/tmp_qv1eskt/sorf.faa
12:43:46.194 - INFO - S_ORF - found=0
12:43:46.194 - INFO - PSC - looked-up=0
12:43:46.195 - INFO - PSCC - looked-up=0
12:43:46.892 - INFO - ORI - type=oriC, seq=contig_1, start=1399, stop=1641, nt=[GGCGTAGACA..GAAACTAACT]
12:43:46.937 - INFO - ORI - predicted=1
12:43:46.994 - INFO - ORI - predicted=0
12:43:46.996 - INFO - ANNOTATION - overlap: CDS (None/Serine hydroxymethyltransferase) [345961, 347502] overlapping tRNA (trnL) [347484, 347566], [347484,347502], seq=contig_1
12:43:46.996 - INFO - ANNOTATION - overlap: CDS (None/hypothetical protein) [391344, 392081] overlapping tRNA (trnQ) [391378, 391450], [391378,391450], seq=contig_1
12:43:46.996 - INFO - ANNOTATION - overlap: CDS (None/D-alanine--D-alanine ligase) [728261, 729448] overlapping tRNA (trnR) [728226, 728299], [728261,728299], seq=contig_1
12:43:46.997 - INFO - ANNOTATION - overlap: CDS (None/hypothetical protein) [999721, 999987] overlapping tRNA (trnT) [999852, 999924], [999852,999924], seq=contig_1
12:43:46.997 - INFO - ANNOTATION - overlap: CDS (None/Transposase) [1075292, 1076968] overlapping tRNA (trnA) [1076932, 1077005], [1076932,1076968], seq=contig_1
12:43:46.999 - INFO - UTILS - generated sequence tag prefix: prefix=OBIBPLMJLH, length=10, MD5=8B2B956351F94E0B1A3E2FC02DA68121
12:43:47.000 - INFO - MAIN - selected features=1028
12:43:47.002 - INFO - UTILS - generated sequence tag prefix: prefix=OBIBPL, length=6, MD5=8B2B956351F94E0B1A3E2FC02DA68121
12:43:47.002 - INFO - MAIN - locus tag prefix=OBIBPL
12:43:47.002 - INFO - UTILS - genome-size=1132489
12:43:47.007 - INFO - UTILS - GC=0.527
12:43:47.007 - INFO - UTILS - N=0.000
12:43:47.007 - INFO - UTILS - N50=1132489
12:43:47.007 - INFO - UTILS - N90=1132489
12:43:47.008 - INFO - UTILS - coding-ratio=0.932
12:43:47.008 - INFO - TSV - write feature tsv: path=/Users/kenjikono/Downloads/Archive 2/Treponema_paraluiscuniculi/intermediate_bakta/GCF_030436145.1/GCF_030436145.1.tsv
12:43:47.010 - INFO - GFF - write features: path=/Users/kenjikono/Downloads/Archive 2/Treponema_paraluiscuniculi/intermediate_bakta/GCF_030436145.1/GCF_030436145.1.gff3
12:43:47.021 - INFO - INSDC - write GenBank: path=/Users/kenjikono/Downloads/Archive 2/Treponema_paraluiscuniculi/intermediate_bakta/GCF_030436145.1/GCF_030436145.1.gbff
12:43:47.097 - INFO - INSDC - write EMBL: path=/Users/kenjikono/Downloads/Archive 2/Treponema_paraluiscuniculi/intermediate_bakta/GCF_030436145.1/GCF_030436145.1.embl
12:43:47.176 - INFO - FASTA - write genome sequences: path=/Users/kenjikono/Downloads/Archive 2/Treponema_paraluiscuniculi/intermediate_bakta/GCF_030436145.1/GCF_030436145.1.fna, description=True, wrap=True
12:43:47.180 - INFO - FASTA - write feature nucleotide sequences: path=/Users/kenjikono/Downloads/Archive 2/Treponema_paraluiscuniculi/intermediate_bakta/GCF_030436145.1/GCF_030436145.1.ffn
12:43:47.191 - INFO - FASTA - write translated CDS/sORF: path=/Users/kenjikono/Downloads/Archive 2/Treponema_paraluiscuniculi/intermediate_bakta/GCF_030436145.1/GCF_030436145.1.faa
12:43:47.196 - INFO - TSV - write tsv: path=/Users/kenjikono/Downloads/Archive 2/Treponema_paraluiscuniculi/intermediate_bakta/GCF_030436145.1/GCF_030436145.1.inference.tsv
12:43:48.470 - INFO - TSV - write hypothetical tsv: path=/Users/kenjikono/Downloads/Archive 2/Treponema_paraluiscuniculi/intermediate_bakta/GCF_030436145.1/GCF_030436145.1.hypotheticals.tsv
12:43:48.471 - INFO - FASTA - write translated CDS/sORF: path=/Users/kenjikono/Downloads/Archive 2/Treponema_paraluiscuniculi/intermediate_bakta/GCF_030436145.1/GCF_030436145.1.hypotheticals.faa
12:43:48.472 - INFO - JSON - write JSON: path=/Users/kenjikono/Downloads/Archive 2/Treponema_paraluiscuniculi/intermediate_bakta/GCF_030436145.1/GCF_030436145.1.json
12:43:48.545 - INFO - MAIN - removed tmp dir: /private/var/folders/fw/6q_csqnj4979y2v5d3nfpcth0000gn/T/tmp_qv1eskt
