12:41:51.662 - INFO - UTILS - version=1.11.4
12:41:51.663 - INFO - UTILS - developer: Oliver Schwengers, github.com/oschwengers
12:41:51.663 - INFO - UTILS - command: /Users/kenjikono/miniforge3/envs/bakta_env/bin/bakta --db /Users/kenjikono/bakta_db/db-light --output /Users/kenjikono/Downloads/Archive 2/Treponema_paraluiscuniculi/intermediate_bakta/GCF_000217655.1 --prefix GCF_000217655.1 --threads 8 --force /Users/kenjikono/Downloads/Archive 2/Treponema_paraluiscuniculi/input/GCF_000217655.1.fna
12:41:51.663 - INFO - UTILS - local time: 2026-06-16 12:41:51
12:41:51.673 - INFO - UTILS - machine: type=arm, cores=8
12:41:51.673 - INFO - UTILS - system: type=Darwin, release=24.6.0
12:41:51.673 - INFO - UTILS - python: version=3.11.15, implementation=CPython
12:41:51.673 - INFO - CONFIG - threads=8
12:41:51.673 - INFO - CONFIG - verbose=False
12:41:51.673 - INFO - CONFIG - debug=False
12:41:51.673 - INFO - CONFIG - database: type=parameter, path=/Users/kenjikono/bakta_db/db-light
12:41:51.674 - INFO - CONFIG - tmp-path=/private/var/folders/fw/6q_csqnj4979y2v5d3nfpcth0000gn/T/tmp9oev04fl
12:41:51.674 - INFO - CONFIG - genome-path=/Users/kenjikono/Downloads/Archive 2/Treponema_paraluiscuniculi/input/GCF_000217655.1.fna
12:41:51.674 - INFO - CONFIG - min_contig_length=1
12:41:51.674 - INFO - CONFIG - prefix=GCF_000217655.1
12:41:51.674 - INFO - CONFIG - output-path=/Users/kenjikono/Downloads/Archive 2/Treponema_paraluiscuniculi/intermediate_bakta/GCF_000217655.1
12:41:51.674 - INFO - CONFIG - force=True
12:41:51.674 - INFO - CONFIG - genus=None
12:41:51.674 - INFO - CONFIG - species=None
12:41:51.674 - INFO - CONFIG - strain=None
12:41:51.674 - INFO - CONFIG - plasmid=None
12:41:51.674 - INFO - CONFIG - complete=False
12:41:51.674 - INFO - CONFIG - prodigal_tf=None
12:41:51.674 - INFO - CONFIG - translation_table=11
12:41:51.674 - INFO - CONFIG - gram=?
12:41:51.674 - INFO - CONFIG - compliant=False
12:41:51.674 - INFO - CONFIG - meta=False
12:41:51.674 - INFO - CONFIG - locus=None
12:41:51.674 - INFO - CONFIG - locus-tag=None
12:41:51.675 - INFO - CONFIG - locus-tag-increment=1
12:41:51.675 - INFO - CONFIG - keep_contig_headers=False
12:41:51.675 - INFO - CONFIG - replicon-table=None
12:41:51.675 - INFO - CONFIG - regions=None
12:41:51.675 - INFO - CONFIG - skip-tRNA=False
12:41:51.675 - INFO - CONFIG - skip-tmRNA=False
12:41:51.675 - INFO - CONFIG - skip-rRNA=False
12:41:51.675 - INFO - CONFIG - skip-ncRNA=False
12:41:51.675 - INFO - CONFIG - skip-ncRNA-region=False
12:41:51.675 - INFO - CONFIG - skip-CRISPR=False
12:41:51.675 - INFO - CONFIG - skip-CDS=False
12:41:51.675 - INFO - CONFIG - skip-pseudo=False
12:41:51.675 - INFO - CONFIG - skip-sORF=False
12:41:51.675 - INFO - CONFIG - skip-gap=False
12:41:51.675 - INFO - CONFIG - skip-ori=False
12:41:51.675 - INFO - CONFIG - skip-filter=False
12:41:51.675 - INFO - CONFIG - skip-plot=False
12:41:51.675 - INFO - DB - detected: major=6, minor=0, type=light, date=2025-02-24
12:41:51.753 - INFO - UTILS - dependency: tool=tRNAscan-SE, version=v2.0.12, path=/Users/kenjikono/miniforge3/envs/bakta_env/bin/tRNAscan-SE
12:41:51.760 - INFO - UTILS - dependency: tool=Aragorn, version=v1.2.41, path=/Users/kenjikono/miniforge3/envs/bakta_env/bin/aragorn
12:41:51.770 - INFO - UTILS - dependency: tool=CMscan, version=v1.1.5, path=/Users/kenjikono/miniforge3/envs/bakta_env/bin/cmscan
12:41:51.778 - INFO - UTILS - dependency: tool=PilerCR, version=v1.6.0, path=/Users/kenjikono/miniforge3/envs/bakta_env/bin/pilercr
12:41:51.831 - INFO - UTILS - dependency: tool=Pyrodigal, version=v3.7.1, path=/Users/kenjikono/miniforge3/envs/bakta_env/bin/python3.11
12:41:51.839 - INFO - UTILS - dependency: tool=AMRFinderPlus, version=v4.2.7, path=/Users/kenjikono/miniforge3/envs/bakta_env/bin/amrfinder
12:41:51.897 - INFO - UTILS - dependency: tool=Pyhmmer, version=v0.10.15, path=/Users/kenjikono/miniforge3/envs/bakta_env/bin/python3.11
12:41:51.908 - INFO - UTILS - dependency: tool=Diamond, version=v2.2.1, path=/Users/kenjikono/miniforge3/envs/bakta_env/bin/diamond
12:41:51.921 - INFO - UTILS - dependency: tool=Blastn, version=v2.16.0, path=/Users/kenjikono/miniforge3/envs/bakta_env/bin/blastn
12:41:52.511 - INFO - UTILS - dependency: tool=pyCirclize, version=v1.10.1, path=/Users/kenjikono/miniforge3/envs/bakta_env/bin/python3.11
12:41:52.525 - INFO - FASTA - imported: id=NC_015714.1, length=1133390, description=Treponema paraluiscuniculi Cuniculi A, complete sequence, genomic=True, dna=True
12:41:52.526 - INFO - MAIN - imported sequences=1
12:41:52.526 - INFO - UTILS - qc: revised sequence: id=contig_1, orig-id=NC_015714.1, type=contig, complete=True, topology=circular, name=, description='[gcode=11] [completeness=complete] [topology=circular]', orig-description='Treponema paraluiscuniculi Cuniculi A, complete sequence'
12:41:52.526 - INFO - FASTA - write genome sequences: path=/private/var/folders/fw/6q_csqnj4979y2v5d3nfpcth0000gn/T/tmp9oev04fl/sequences.fna, description=False, wrap=False
12:41:57.291 - INFO - T_RNA - seq=contig_1, start=124844, stop=124914, strand=+, gene=trnQ, product=tRNA-Gln(ctg), score=46.6, nt=[TCCCTGGTTG..CCCTAGGGAA]
12:41:57.292 - INFO - T_RNA - seq=contig_1, start=124924, stop=124995, strand=+, gene=trnE, product=tRNA-Glu(ttc), score=51.6, nt=[GGTCCCTTCG..GTAGGGACTA]
12:41:57.292 - INFO - T_RNA - seq=contig_1, start=125032, stop=125103, strand=+, gene=trnE, product=tRNA-Glu(ctc), score=49.3, nt=[GGTCCCTTCG..GTAGGGACTA]
12:41:57.292 - INFO - T_RNA - seq=contig_1, start=155160, stop=155232, strand=+, gene=trnV, product=tRNA-Val(tac), score=70.1, nt=[GGGCGCTTAG..TTAGCGCCCA]
12:41:57.292 - INFO - T_RNA - seq=contig_1, start=188455, stop=188527, strand=+, gene=trnfM, product=tRNA-fMet(cat), score=70.4, nt=[CGCAGGGTGG..CTCCCTGCTA]
12:41:57.292 - INFO - T_RNA - seq=contig_1, start=230339, stop=230412, strand=+, gene=trnI, product=tRNA-Ile(gat), score=70.9, nt=[GGGCTTGTAG..ATCAAGCCCA]
12:41:57.292 - INFO - T_RNA - seq=contig_1, start=240468, stop=240540, strand=+, gene=trnT, product=tRNA-Thr(ggt), score=64.1, nt=[GCTTCTGTAG..CTCGGAAGCT]
12:41:57.292 - INFO - T_RNA - seq=contig_1, start=240794, stop=240866, strand=+, gene=trnW, product=tRNA-Trp(cca), score=66.5, nt=[GGGTCAGTAG..TCCTGGCCTG]
12:41:57.292 - INFO - T_RNA - seq=contig_1, start=278725, stop=278798, strand=+, gene=trnA, product=tRNA-Ala(tgc), score=66.5, nt=[GGGGGTATAG..CTTATCTCCA]
12:41:57.292 - INFO - T_RNA - seq=contig_1, start=392501, stop=392573, strand=+, gene=trnQ, product=tRNA-Gln(ttg), score=58.9, nt=[TGGGACGTCG..ACCGTCCCAG]
12:41:57.292 - INFO - T_RNA - seq=contig_1, start=521049, stop=521123, strand=+, gene=trnT, product=tRNA-Thr(tgt), score=68.3, nt=[GCCAACTTAG..TAAGTTGGCT]
12:41:57.292 - INFO - T_RNA - seq=contig_1, start=521133, stop=521214, strand=+, gene=trnY, product=tRNA-Tyr(gta), score=65.5, nt=[GGGGAGTTTC..TGACTCCCCA]
12:41:57.292 - INFO - T_RNA - seq=contig_1, start=538294, stop=538366, strand=+, gene=trnK, product=tRNA-Lys(ctt), score=77.9, nt=[GGGCCATTAG..GCATGGCTCA]
12:41:57.292 - INFO - T_RNA - seq=contig_1, start=538426, stop=538506, strand=+, gene=trnL, product=tRNA-Leu(tag), score=60.7, nt=[GCGAGAGTGG..TCCTCTCGCA]
12:41:57.292 - INFO - T_RNA - seq=contig_1, start=538517, stop=538588, strand=+, gene=trnG, product=tRNA-Gly(gcc), score=81.0, nt=[GCGGGAATAG..GTTTCCCGCT]
12:41:57.292 - INFO - T_RNA - seq=contig_1, start=578976, stop=579048, strand=+, gene=trnN, product=tRNA-Asn(gtt), score=64.8, nt=[TCCCCTGTAG..CGCGGGGGAG]
12:41:57.292 - INFO - T_RNA - seq=contig_1, start=639631, stop=639703, strand=+, gene=trnR, product=tRNA-Arg(cct), score=66.1, nt=[GATCCATTAG..CCATGGATCA]
12:41:57.292 - INFO - T_RNA - seq=contig_1, start=655777, stop=655850, strand=+, gene=trnR, product=tRNA-Arg(ccg), score=69.8, nt=[GGAAGATTAG..GCATCTTCCA]
12:41:57.292 - INFO - T_RNA - seq=contig_1, start=692542, stop=692614, strand=+, gene=trnF, product=tRNA-Phe(gaa), score=74.6, nt=[GCCGTTGTAG..TCCGACGGCA]
12:41:57.292 - INFO - T_RNA - seq=contig_1, start=724714, stop=724786, strand=+, gene=trnP, product=tRNA-Pro(tgg), score=64.8, nt=[CGGGACGTGG..TCCGTCCCGA]
12:41:57.292 - INFO - T_RNA - seq=contig_1, start=729104, stop=729177, strand=+, gene=trnR, product=tRNA-Arg(tct), score=67.6, nt=[GGGATCATAG..TCTGGTCCCA]
12:41:57.292 - INFO - T_RNA - seq=contig_1, start=737331, stop=737402, strand=+, gene=trnV, product=tRNA-Val(cac), score=65.5, nt=[GGACGATTAA..GTATCGTCCA]
12:41:57.292 - INFO - T_RNA - seq=contig_1, start=762128, stop=762201, strand=+, gene=trnP, product=tRNA-Pro(ggg), score=61.1, nt=[CGGGCAATGG..GGTTGCCCGA]
12:41:57.292 - INFO - T_RNA - seq=contig_1, start=836880, stop=836963, strand=+, gene=trnL, product=tRNA-Leu(cag), score=55.3, nt=[GCCTCGATGG..CCTCGAGGCA]
12:41:57.292 - INFO - T_RNA - seq=contig_1, start=998136, stop=998208, strand=+, gene=trnA, product=tRNA-Ala(cgc), score=71.2, nt=[GGGGAATTAG..CTATTCTCCA]
12:41:57.292 - INFO - T_RNA - seq=contig_1, start=1012842, stop=1012915, strand=+, gene=trnV, product=tRNA-Val(gac), score=67.7, nt=[GGGCAATTAG..GTATTGCCCA]
12:41:57.292 - INFO - T_RNA - seq=contig_1, start=1077832, stop=1077905, strand=-, gene=trnA, product=tRNA-Ala(ggc), score=77.2, nt=[GGGGATGTAG..CTCATCTCCA]
12:41:57.292 - INFO - T_RNA - seq=contig_1, start=1073700, stop=1073785, strand=-, gene=trnL, product=tRNA-Leu(taa), score=64.6, nt=[GCTGGAGTGA..GTCTCCAGCA]
12:41:57.292 - INFO - T_RNA - seq=contig_1, start=1000748, stop=1000820, strand=-, gene=trnT, product=tRNA-Thr(cgt), score=57.1, nt=[GCCAACTTAG..GGAGTTGGCT]
12:41:57.292 - INFO - T_RNA - seq=contig_1, start=836664, stop=836736, strand=-, gene=trnK, product=tRNA-Lys(ttt), score=78.3, nt=[GGGCTATTAG..TCATGGCTCA]
12:41:57.292 - INFO - T_RNA - seq=contig_1, start=754885, stop=754958, strand=-, gene=trnI, product=tRNA-Ile2(cat), score=73.3, nt=[GGGCCTATAG..GCTGGGCCCA]
12:41:57.292 - INFO - T_RNA - seq=contig_1, start=692334, stop=692405, strand=-, gene=trnH, product=tRNA-His(gtg), score=62.8, nt=[GTGGGTGTAG..ATCACTCACC]
12:41:57.292 - INFO - T_RNA - seq=contig_1, start=692246, stop=692319, strand=-, gene=trnR, product=tRNA-Arg(tcg), score=69.0, nt=[GCGCTCGTAG..GTCGGGCGCA]
12:41:57.292 - INFO - T_RNA - seq=contig_1, start=639983, stop=640055, strand=-, gene=trnM, product=tRNA-Met(cat), score=65.2, nt=[GGCGGCATAG..ATTGCCGCTA]
12:41:57.292 - INFO - T_RNA - seq=contig_1, start=639840, stop=639913, strand=-, gene=trnD, product=tRNA-Asp(gtc), score=61.4, nt=[GGGGGCGTAG..GTCGCTCCCG]
12:41:57.292 - INFO - T_RNA - seq=contig_1, start=639714, stop=639788, strand=-, gene=trnP, product=tRNA-Pro(cgg), score=76.2, nt=[CGGGTGGTAG..CGCCCGACCA]
12:41:57.292 - INFO - T_RNA - seq=contig_1, start=596266, stop=596337, strand=-, gene=trnC, product=tRNA-Cys(gca), score=67.2, nt=[GGCGCCGTGC..ATCGGCGCCT]
12:41:57.292 - INFO - T_RNA - seq=contig_1, start=350639, stop=350710, strand=-, gene=trnG, product=tRNA-Gly(tcc), score=64.2, nt=[GCGGATGTTG..ATCATCCGCT]
12:41:57.292 - INFO - T_RNA - seq=contig_1, start=348604, stop=348686, strand=-, gene=trnL, product=tRNA-Leu(caa), score=70.2, nt=[GCCGACGTGG..TTCGTCGGCA]
12:41:57.292 - INFO - T_RNA - seq=contig_1, start=166511, stop=166592, strand=-, gene=trnL, product=tRNA-Leu(gag), score=61.2, nt=[GCGGCGGTGG..GTCCGCCGCA]
12:41:57.292 - INFO - T_RNA - seq=contig_1, start=24948, stop=25032, strand=-, gene=trnS, product=tRNA-Ser(tga), score=67.2, nt=[GGAGTGGTGG..CCCTGCTCCG]
12:41:57.292 - INFO - T_RNA - seq=contig_1, start=24821, stop=24907, strand=-, gene=trnS, product=tRNA-Ser(gct), score=61.7, nt=[GGAGCGGTGC..CCCTGCTCCG]
12:41:57.292 - INFO - T_RNA - seq=contig_1, start=24716, stop=24789, strand=-, gene=trnR, product=tRNA-Arg(gcg), score=63.6, nt=[GAGACTATAG..CCTAGTCTCA]
12:41:57.292 - INFO - T_RNA - seq=contig_1, start=24570, stop=24658, strand=-, gene=trnS, product=tRNA-Ser(cga), score=74.2, nt=[GGAGAGATGC..TCTCTCTCCG]
12:41:57.292 - INFO - T_RNA - seq=contig_1, start=24426, stop=24513, strand=-, gene=trnS, product=tRNA-Ser(gga), score=61.4, nt=[GGAGAGATGT..TCTCTCTCCG]
12:41:57.293 - INFO - T_RNA - predicted=45
12:41:57.582 - INFO - TM_RNA - seq=contig_1, start=275081, stop=275432, strand=+, gene=ssrA, product=transfer-messenger RNA, SsrA, nt=[GGGGATGACT..CCATCTCCAC]
12:41:57.583 - INFO - TM_RNA - predicted=1
12:42:01.537 - INFO - R_RNA - seq=contig_1, start=228678, stop=230226, strand=+, gene=rrs, product=16S ribosomal RNA, length=1549, coverage=1.010, truncated=None, score=1526.5, evalue=4.8e-47, nt=[ATGATGGAGA..CACCTCCTTT]
12:42:01.538 - INFO - R_RNA - seq=contig_1, start=277065, stop=278613, strand=+, gene=rrs, product=16S ribosomal RNA, length=1549, coverage=1.010, truncated=None, score=1526.5, evalue=4.8e-47, nt=[ATGATGGAGA..CACCTCCTTT]
12:42:01.538 - INFO - R_RNA - seq=contig_1, start=233523, stop=233633, strand=+, gene=rrf, product=5S ribosomal RNA, length=111, coverage=0.933, truncated=None, score=85.0, evalue=1.5e-14, nt=[CCTGGTTGCC..GTAGCCAGGC]
12:42:01.538 - INFO - R_RNA - seq=contig_1, start=281920, stop=282030, strand=+, gene=rrf, product=5S ribosomal RNA, length=111, coverage=0.933, truncated=None, score=85.0, evalue=1.5e-14, nt=[CCTGGTTGCC..GTAGCCAGGC]
12:42:01.538 - INFO - R_RNA - seq=contig_1, start=230522, stop=233474, strand=+, gene=rrl, product=23S ribosomal RNA, length=2953, coverage=1.010, truncated=None, score=2723.4, evalue=2.7e-06, nt=[GGTCAAGCGA..GCTTGACCAT]
12:42:01.538 - INFO - R_RNA - seq=contig_1, start=278919, stop=281871, strand=+, gene=rrl, product=23S ribosomal RNA, length=2953, coverage=1.010, truncated=None, score=2723.4, evalue=2.7e-06, nt=[GGTCAAGCGA..GCTTGACCAT]
12:42:01.538 - INFO - R_RNA - predicted=6
12:42:13.673 - INFO - NC_RNA - seq=contig_1, start=528116, stop=528458, strand=+, gene=RNaseP_bact_a, product=Bacterial RNase P class A, length=343, truncated=None, score=243.4, evalue=1.9e-32, nt=[ACAGAGAACT..CTCTGTTTTT]
12:42:13.673 - INFO - NC_RNA - seq=contig_1, start=24330, stop=24424, strand=-, gene=Bacteria_small_SRP, product=Bacterial small signal recognition particle RNA, length=95, truncated=None, score=60.1, evalue=2.5e-10, nt=[TCCGGGGCCG..CCCCGGTTTT]
12:42:13.673 - INFO - NC_RNA - predicted=2
12:42:16.940 - INFO - NC_RNA_REGION - predicted=0
12:42:17.123 - INFO - CRISPR - predicted=0
12:42:17.124 - INFO - CDS - create prodigal training info object: meta=False, closed=True
12:42:17.550 - INFO - CDS - seq=contig_1, start=4, stop=1398, strand=+, frame=1, truncated=no, start-type=ATG, RBS-motif=None
12:42:17.550 - INFO - CDS - seq=contig_1, start=1642, stop=2757, strand=+, frame=1, truncated=no, start-type=GTG, RBS-motif=AGGAGG
12:42:17.550 - INFO - CDS - seq=contig_1, start=2846, stop=3835, strand=+, frame=2, truncated=no, start-type=GTG, RBS-motif=GGAG/GAGG
12:42:17.550 - INFO - CDS - seq=contig_1, start=3828, stop=4265, strand=+, frame=3, truncated=no, start-type=ATG, RBS-motif=GGA/GAG/AGG
12:42:17.550 - INFO - CDS - seq=contig_1, start=4392, stop=6833, strand=+, frame=3, truncated=no, start-type=ATG, RBS-motif=None
12:42:17.550 - INFO - CDS - seq=contig_1, start=6833, stop=7018, strand=+, frame=2, truncated=no, start-type=ATG, RBS-motif=None
12:42:17.550 - INFO - CDS - seq=contig_1, start=7162, stop=8262, strand=+, frame=1, truncated=no, start-type=ATG, RBS-motif=GGA/GAG/AGG
12:42:17.550 - INFO - CDS - seq=contig_1, start=8342, stop=10138, strand=-, frame=2, truncated=no, start-type=ATG, RBS-motif=None
12:42:17.550 - INFO - CDS - seq=contig_1, start=10443, stop=12425, strand=+, frame=3, truncated=no, start-type=ATG, RBS-motif=None
12:42:17.550 - INFO - CDS - seq=contig_1, start=12591, stop=13823, strand=+, frame=3, truncated=no, start-type=ATG, RBS-motif=GGA/GAG/AGG
12:42:17.550 - INFO - CDS - seq=contig_1, start=14014, stop=15828, strand=+, frame=1, truncated=no, start-type=ATG, RBS-motif=GGAGG
12:42:17.550 - INFO - CDS - seq=contig_1, start=15806, stop=18364, strand=+, frame=2, truncated=no, start-type=ATG, RBS-motif=GGA/GAG/AGG
12:42:17.550 - INFO - CDS - seq=contig_1, start=18489, stop=19436, strand=+, frame=3, truncated=no, start-type=ATG, RBS-motif=None
12:42:17.550 - INFO - CDS - seq=contig_1, start=19453, stop=22134, strand=+, frame=1, truncated=no, start-type=ATG, RBS-motif=GGAG/GAGG
12:42:17.550 - INFO - CDS - seq=contig_1, start=22149, stop=24257, strand=+, frame=3, truncated=no, start-type=ATG, RBS-motif=GGAG/GAGG
12:42:17.550 - INFO - CDS - seq=contig_1, start=24721, stop=25029, strand=-, frame=3, truncated=no, start-type=GTG, RBS-motif=GGAGG
12:42:17.550 - INFO - CDS - seq=contig_1, start=25196, stop=27586, strand=+, frame=2, truncated=no, start-type=ATG, RBS-motif=AGxAGG/AGGxGG
12:42:17.550 - INFO - CDS - seq=contig_1, start=27647, stop=28978, strand=+, frame=2, truncated=no, start-type=ATG, RBS-motif=GGA/GAG/AGG
12:42:17.550 - INFO - CDS - seq=contig_1, start=29158, stop=29868, strand=+, frame=1, truncated=no, start-type=GTG, RBS-motif=GGxGG
12:42:17.550 - INFO - CDS - seq=contig_1, start=29947, stop=33018, strand=-, frame=3, truncated=no, start-type=ATG, RBS-motif=AGGAG/GGAGG
12:42:17.550 - INFO - CDS - seq=contig_1, start=33047, stop=34069, strand=-, frame=2, truncated=no, start-type=ATG, RBS-motif=GGAG/GAGG
12:42:17.550 - INFO - CDS - seq=contig_1, start=34190, stop=35515, strand=+, frame=2, truncated=no, start-type=ATG, RBS-motif=AGGAG(G)/GGAGG
12:42:17.551 - INFO - CDS - seq=contig_1, start=35529, stop=36890, strand=+, frame=3, truncated=no, start-type=GTG, RBS-motif=AGxAGG/AGGxGG
12:42:17.551 - INFO - CDS - seq=contig_1, start=36999, stop=38276, strand=+, frame=3, truncated=no, start-type=ATG, RBS-motif=GGA/GAG/AGG
12:42:17.551 - INFO - CDS - seq=contig_1, start=38395, stop=40029, strand=+, frame=1, truncated=no, start-type=ATG, RBS-motif=AGGAG
12:42:17.551 - INFO - CDS - seq=contig_1, start=40344, stop=41168, strand=-, frame=1, truncated=no, start-type=ATG, RBS-motif=None
12:42:17.551 - INFO - CDS - seq=contig_1, start=41165, stop=41776, strand=-, frame=2, truncated=no, start-type=ATG, RBS-motif=GGA/GAG/AGG
12:42:17.551 - INFO - CDS - seq=contig_1, start=41877, stop=42833, strand=-, frame=1, truncated=no, start-type=ATG, RBS-motif=GGA/GAG/AGG
12:42:17.551 - INFO - CDS - seq=contig_1, start=43031, stop=43747, strand=+, frame=2, truncated=no, start-type=ATG, RBS-motif=GGA/GAG/AGG
12:42:17.551 - INFO - CDS - seq=contig_1, start=43747, stop=44547, strand=+, frame=1, truncated=no, start-type=ATG, RBS-motif=GGAG/GAGG
12:42:17.551 - INFO - CDS - seq=contig_1, start=44656, stop=45651, strand=-, frame=3, truncated=no, start-type=ATG, RBS-motif=AGGAGG
12:42:17.551 - INFO - CDS - seq=contig_1, start=45748, stop=46800, strand=-, frame=3, truncated=no, start-type=ATG, RBS-motif=AGGAG
12:42:17.551 - INFO - CDS - seq=contig_1, start=47061, stop=49478, strand=+, frame=3, truncated=no, start-type=ATG, RBS-motif=None
12:42:17.551 - INFO - CDS - seq=contig_1, start=49599, stop=50531, strand=+, frame=3, truncated=no, start-type=ATG, RBS-motif=GGxGG
12:42:17.551 - INFO - CDS - seq=contig_1, start=50635, stop=52644, strand=+, frame=1, truncated=no, start-type=GTG, RBS-motif=GGAGG
12:42:17.551 - INFO - CDS - seq=contig_1, start=52684, stop=54576, strand=+, frame=1, truncated=no, start-type=ATG, RBS-motif=None
12:42:17.551 - INFO - CDS - seq=contig_1, start=54632, stop=55531, strand=-, frame=2, truncated=no, start-type=ATG, RBS-motif=GGAG/GAGG
12:42:17.551 - INFO - CDS - seq=contig_1, start=55893, stop=56594, strand=-, frame=1, truncated=no, start-type=ATG, RBS-motif=AGGA
12:42:17.551 - INFO - CDS - seq=contig_1, start=56612, stop=57133, strand=-, frame=2, truncated=no, start-type=ATG, RBS-motif=AGGA
12:42:17.551 - INFO - CDS - seq=contig_1, start=57139, stop=57570, strand=-, frame=3, truncated=no, start-type=ATG, RBS-motif=AGGA
12:42:17.551 - INFO - CDS - seq=contig_1, start=57592, stop=58683, strand=-, frame=3, truncated=no, start-type=ATG, RBS-motif=GGAG/GAGG
12:42:17.551 - INFO - CDS - seq=contig_1, start=58914, stop=59522, strand=-, frame=1, truncated=no, start-type=GTG, RBS-motif=AGGAG
12:42:17.551 - INFO - CDS - seq=contig_1, start=59674, stop=60729, strand=+, frame=1, truncated=no, start-type=GTG, RBS-motif=GGAG/GAGG
12:42:17.551 - INFO - CDS - seq=contig_1, start=60699, stop=61766, strand=+, frame=3, truncated=no, start-type=GTG, RBS-motif=GGA/GAG/AGG
12:42:17.551 - INFO - CDS - seq=contig_1, start=61836, stop=62891, strand=-, frame=1, truncated=no, start-type=ATG, RBS-motif=AGGAGG
12:42:17.551 - INFO - CDS - seq=contig_1, start=63062, stop=64021, strand=+, frame=2, truncated=no, start-type=ATG, RBS-motif=AGGA
12:42:17.551 - INFO - CDS - seq=contig_1, start=64228, stop=64464, strand=+, frame=1, truncated=no, start-type=ATG, RBS-motif=AGGAG
12:42:17.551 - INFO - CDS - seq=contig_1, start=64461, stop=66242, strand=+, frame=3, truncated=no, start-type=ATG, RBS-motif=AGGAG
12:42:17.551 - INFO - CDS - seq=contig_1, start=66254, stop=67663, strand=+, frame=2, truncated=no, start-type=ATG, RBS-motif=GGAG/GAGG
12:42:17.551 - INFO - CDS - seq=contig_1, start=67738, stop=69054, strand=-, frame=3, truncated=no, start-type=GTG, RBS-motif=GGAGG
12:42:17.551 - INFO - CDS - seq=contig_1, start=69271, stop=69741, strand=-, frame=3, truncated=no, start-type=ATG, RBS-motif=AGGAG/GGAGG
12:42:17.551 - INFO - CDS - seq=contig_1, start=69847, stop=70146, strand=-, frame=3, truncated=no, start-type=ATG, RBS-motif=AGGAG
12:42:17.551 - INFO - CDS - seq=contig_1, start=70263, stop=70793, strand=-, frame=1, truncated=no, start-type=ATG, RBS-motif=GGA/GAG/AGG
12:42:17.551 - INFO - CDS - seq=contig_1, start=70802, stop=71083, strand=-, frame=2, truncated=no, start-type=ATG, RBS-motif=AGGAG
12:42:17.551 - INFO - CDS - seq=contig_1, start=71366, stop=71800, strand=+, frame=2, truncated=no, start-type=GTG, RBS-motif=GGAGG
12:42:17.551 - INFO - CDS - seq=contig_1, start=71856, stop=72401, strand=+, frame=3, truncated=no, start-type=GTG, RBS-motif=GGAGG
12:42:17.551 - INFO - CDS - seq=contig_1, start=72455, stop=72760, strand=+, frame=2, truncated=no, start-type=GTG, RBS-motif=GGA/GAG/AGG
12:42:17.551 - INFO - CDS - seq=contig_1, start=72781, stop=73929, strand=+, frame=1, truncated=no, start-type=ATG, RBS-motif=GGxGG
12:42:17.551 - INFO - CDS - seq=contig_1, start=74110, stop=75132, strand=+, frame=1, truncated=no, start-type=ATG, RBS-motif=AGxAGG/AGGxGG
12:42:17.551 - INFO - CDS - seq=contig_1, start=75188, stop=75571, strand=-, frame=2, truncated=no, start-type=ATG, RBS-motif=None
12:42:17.551 - INFO - CDS - seq=contig_1, start=75568, stop=75954, strand=-, frame=3, truncated=no, start-type=ATG, RBS-motif=AGGAG
12:42:17.551 - INFO - CDS - seq=contig_1, start=76005, stop=78641, strand=-, frame=1, truncated=no, start-type=ATG, RBS-motif=None
12:42:17.551 - INFO - CDS - seq=contig_1, start=78845, stop=79117, strand=+, frame=2, truncated=no, start-type=ATG, RBS-motif=GGAGG
12:42:17.551 - INFO - CDS - seq=contig_1, start=79187, stop=80677, strand=-, frame=2, truncated=no, start-type=ATG, RBS-motif=None
12:42:17.552 - INFO - CDS - seq=contig_1, start=81033, stop=82442, strand=+, frame=3, truncated=no, start-type=ATG, RBS-motif=GGA/GAG/AGG
12:42:17.552 - INFO - CDS - seq=contig_1, start=82572, stop=83450, strand=+, frame=3, truncated=no, start-type=ATG, RBS-motif=GGA/GAG/AGG
12:42:17.552 - INFO - CDS - seq=contig_1, start=83490, stop=84320, strand=+, frame=3, truncated=no, start-type=ATG, RBS-motif=AGGAG
12:42:17.552 - INFO - CDS - seq=contig_1, start=84467, stop=85969, strand=+, frame=2, truncated=no, start-type=GTG, RBS-motif=GGA/GAG/AGG
12:42:17.552 - INFO - CDS - seq=contig_1, start=85974, stop=87212, strand=+, frame=3, truncated=no, start-type=ATG, RBS-motif=GGAG/GAGG
12:42:17.552 - INFO - CDS - seq=contig_1, start=87209, stop=89362, strand=+, frame=2, truncated=no, start-type=ATG, RBS-motif=GGA/GAG/AGG
12:42:17.552 - INFO - CDS - seq=contig_1, start=89359, stop=89826, strand=+, frame=1, truncated=no, start-type=ATG, RBS-motif=None
12:42:17.552 - INFO - CDS - seq=contig_1, start=89833, stop=90681, strand=+, frame=1, truncated=no, start-type=ATG, RBS-motif=3Base/5BMM
12:42:17.552 - INFO - CDS - seq=contig_1, start=90728, stop=92314, strand=-, frame=2, truncated=no, start-type=ATG, RBS-motif=None
12:42:17.552 - INFO - CDS - seq=contig_1, start=92465, stop=94459, strand=+, frame=2, truncated=no, start-type=ATG, RBS-motif=GGA/GAG/AGG
12:42:17.552 - INFO - CDS - seq=contig_1, start=94539, stop=94772, strand=-, frame=1, truncated=no, start-type=ATG, RBS-motif=GGAGG
12:42:17.552 - INFO - CDS - seq=contig_1, start=94884, stop=95330, strand=-, frame=1, truncated=no, start-type=ATG, RBS-motif=None
12:42:17.552 - INFO - CDS - seq=contig_1, start=95447, stop=96355, strand=+, frame=2, truncated=no, start-type=ATG, RBS-motif=3Base/5BMM
12:42:17.552 - INFO - CDS - seq=contig_1, start=96358, stop=96744, strand=-, frame=3, truncated=no, start-type=GTG, RBS-motif=AGGAGG
12:42:17.552 - INFO - CDS - seq=contig_1, start=96881, stop=97495, strand=-, frame=2, truncated=no, start-type=ATG, RBS-motif=AGGAG/GGAGG
12:42:17.552 - INFO - CDS - seq=contig_1, start=97525, stop=98760, strand=-, frame=3, truncated=no, start-type=TTG, RBS-motif=AGGAG
12:42:17.552 - INFO - CDS - seq=contig_1, start=98843, stop=99907, strand=-, frame=2, truncated=no, start-type=ATG, RBS-motif=None
12:42:17.552 - INFO - CDS - seq=contig_1, start=100089, stop=101651, strand=+, frame=3, truncated=no, start-type=ATG, RBS-motif=GGA/GAG/AGG
12:42:17.552 - INFO - CDS - seq=contig_1, start=101671, stop=102210, strand=+, frame=1, truncated=no, start-type=TTG, RBS-motif=GGAG/GAGG
12:42:17.552 - INFO - CDS - seq=contig_1, start=102194, stop=102841, strand=+, frame=2, truncated=no, start-type=ATG, RBS-motif=AGGAG
12:42:17.552 - INFO - CDS - seq=contig_1, start=102979, stop=103989, strand=+, frame=1, truncated=no, start-type=ATG, RBS-motif=AGGAG
12:42:17.552 - INFO - CDS - seq=contig_1, start=103989, stop=105935, strand=+, frame=3, truncated=no, start-type=ATG, RBS-motif=GGA/GAG/AGG
12:42:17.552 - INFO - CDS - seq=contig_1, start=106009, stop=106371, strand=-, frame=3, truncated=no, start-type=GTG, RBS-motif=AGGAG
12:42:17.552 - INFO - CDS - seq=contig_1, start=106541, stop=106759, strand=+, frame=2, truncated=no, start-type=GTG, RBS-motif=GGAGG
12:42:17.552 - INFO - CDS - seq=contig_1, start=106812, stop=107468, strand=-, frame=1, truncated=no, start-type=ATG, RBS-motif=None
12:42:17.552 - INFO - CDS - seq=contig_1, start=107472, stop=108227, strand=-, frame=1, truncated=no, start-type=ATG, RBS-motif=GGAG/GAGG
12:42:17.552 - INFO - CDS - seq=contig_1, start=108422, stop=109024, strand=+, frame=2, truncated=no, start-type=ATG, RBS-motif=GGA/GAG/AGG
12:42:17.552 - INFO - CDS - seq=contig_1, start=109017, stop=109811, strand=+, frame=3, truncated=no, start-type=GTG, RBS-motif=AGGA
12:42:17.552 - INFO - CDS - seq=contig_1, start=109849, stop=111822, strand=-, frame=3, truncated=no, start-type=ATG, RBS-motif=None
12:42:17.552 - INFO - CDS - seq=contig_1, start=111887, stop=113251, strand=+, frame=2, truncated=no, start-type=GTG, RBS-motif=GGAGG
12:42:17.552 - INFO - CDS - seq=contig_1, start=113299, stop=113709, strand=+, frame=1, truncated=no, start-type=ATG, RBS-motif=AGxAGG/AGGxGG
12:42:17.552 - INFO - CDS - seq=contig_1, start=113956, stop=115584, strand=+, frame=1, truncated=no, start-type=ATG, RBS-motif=GGAGG
12:42:17.552 - INFO - CDS - seq=contig_1, start=115750, stop=118743, strand=+, frame=1, truncated=no, start-type=ATG, RBS-motif=None
12:42:17.552 - INFO - CDS - seq=contig_1, start=118775, stop=120307, strand=-, frame=2, truncated=no, start-type=ATG, RBS-motif=GGA/GAG/AGG
12:42:17.552 - INFO - CDS - seq=contig_1, start=120288, stop=122099, strand=-, frame=1, truncated=no, start-type=GTG, RBS-motif=None
12:42:17.552 - INFO - CDS - seq=contig_1, start=122219, stop=123604, strand=-, frame=2, truncated=no, start-type=ATG, RBS-motif=GGAGG
12:42:17.552 - INFO - CDS - seq=contig_1, start=123706, stop=124584, strand=-, frame=3, truncated=no, start-type=ATG, RBS-motif=AGGAG(G)/GGAGG
12:42:17.552 - INFO - CDS - seq=contig_1, start=125146, stop=126858, strand=+, frame=1, truncated=no, start-type=ATG, RBS-motif=None
12:42:17.552 - INFO - CDS - seq=contig_1, start=126918, stop=128345, strand=+, frame=3, truncated=no, start-type=ATG, RBS-motif=GGA/GAG/AGG
12:42:17.552 - INFO - CDS - seq=contig_1, start=128342, stop=129694, strand=-, frame=2, truncated=no, start-type=ATG, RBS-motif=GGAGG
12:42:17.552 - INFO - CDS - seq=contig_1, start=129836, stop=130822, strand=+, frame=2, truncated=no, start-type=ATG, RBS-motif=AGGA
12:42:17.552 - INFO - CDS - seq=contig_1, start=130827, stop=131822, strand=+, frame=3, truncated=no, start-type=ATG, RBS-motif=AGGAG
12:42:17.552 - INFO - CDS - seq=contig_1, start=131847, stop=132656, strand=-, frame=1, truncated=no, start-type=ATG, RBS-motif=GGAGG
12:42:17.552 - INFO - CDS - seq=contig_1, start=132781, stop=134814, strand=+, frame=1, truncated=no, start-type=ATG, RBS-motif=None
12:42:17.552 - INFO - CDS - seq=contig_1, start=134846, stop=136093, strand=-, frame=2, truncated=no, start-type=GTG, RBS-motif=GGAG/GAGG
12:42:17.552 - INFO - CDS - seq=contig_1, start=136047, stop=136637, strand=-, frame=1, truncated=no, start-type=GTG, RBS-motif=AGGAGG
12:42:17.552 - INFO - CDS - seq=contig_1, start=136716, stop=137981, strand=-, frame=1, truncated=no, start-type=ATG, RBS-motif=None
12:42:17.552 - INFO - CDS - seq=contig_1, start=138079, stop=138738, strand=-, frame=3, truncated=no, start-type=ATG, RBS-motif=GGA/GAG/AGG
12:42:17.552 - INFO - CDS - seq=contig_1, start=138738, stop=139547, strand=-, frame=1, truncated=no, start-type=ATG, RBS-motif=GGA/GAG/AGG
12:42:17.553 - INFO - CDS - seq=contig_1, start=139670, stop=140746, strand=+, frame=2, truncated=no, start-type=GTG, RBS-motif=AGGA
12:42:17.553 - INFO - CDS - seq=contig_1, start=140965, stop=142821, strand=-, frame=3, truncated=no, start-type=ATG, RBS-motif=AGGAG
12:42:17.553 - INFO - CDS - seq=contig_1, start=142954, stop=145497, strand=+, frame=1, truncated=no, start-type=ATG, RBS-motif=GGAG/GAGG
12:42:17.553 - INFO - CDS - seq=contig_1, start=145511, stop=146617, strand=+, frame=2, truncated=no, start-type=ATG, RBS-motif=AGxAGG/AGGxGG
12:42:17.553 - INFO - CDS - seq=contig_1, start=146694, stop=147488, strand=+, frame=3, truncated=no, start-type=ATG, RBS-motif=AGxAGG/AGGxGG
12:42:17.553 - INFO - CDS - seq=contig_1, start=147552, stop=148223, strand=-, frame=1, truncated=no, start-type=ATG, RBS-motif=GGAG/GAGG
12:42:17.553 - INFO - CDS - seq=contig_1, start=148277, stop=148915, strand=-, frame=2, truncated=no, start-type=TTG, RBS-motif=GGAG/GAGG
12:42:17.553 - INFO - CDS - seq=contig_1, start=148997, stop=149266, strand=+, frame=2, truncated=no, start-type=GTG, RBS-motif=GGxGG
12:42:17.553 - INFO - CDS - seq=contig_1, start=149144, stop=149602, strand=-, frame=2, truncated=no, start-type=ATG, RBS-motif=None
12:42:17.553 - INFO - CDS - seq=contig_1, start=149625, stop=150092, strand=-, frame=1, truncated=no, start-type=ATG, RBS-motif=AGGA/GGAG/GAGG
12:42:17.553 - INFO - CDS - seq=contig_1, start=150800, stop=152047, strand=-, frame=2, truncated=no, start-type=GTG, RBS-motif=GGAG/GAGG
12:42:17.553 - INFO - CDS - seq=contig_1, start=152001, stop=152591, strand=-, frame=1, truncated=no, start-type=GTG, RBS-motif=AGGAGG
12:42:17.553 - INFO - CDS - seq=contig_1, start=152831, stop=154093, strand=-, frame=2, truncated=no, start-type=ATG, RBS-motif=GGAGG
12:42:17.553 - INFO - CDS - seq=contig_1, start=154280, stop=155011, strand=+, frame=2, truncated=no, start-type=GTG, RBS-motif=GGAGG
12:42:17.553 - INFO - CDS - seq=contig_1, start=155468, stop=156682, strand=+, frame=2, truncated=no, start-type=ATG, RBS-motif=GGAGG
12:42:17.553 - INFO - CDS - seq=contig_1, start=157097, stop=157777, strand=-, frame=2, truncated=no, start-type=ATG, RBS-motif=AGGAGG
12:42:17.553 - INFO - CDS - seq=contig_1, start=157842, stop=158534, strand=-, frame=1, truncated=no, start-type=ATG, RBS-motif=AGGA
12:42:17.553 - INFO - CDS - seq=contig_1, start=158574, stop=160292, strand=-, frame=1, truncated=no, start-type=ATG, RBS-motif=None
12:42:17.553 - INFO - CDS - seq=contig_1, start=160472, stop=161005, strand=+, frame=2, truncated=no, start-type=ATG, RBS-motif=GGAG/GAGG
12:42:17.553 - INFO - CDS - seq=contig_1, start=160956, stop=161618, strand=-, frame=1, truncated=no, start-type=ATG, RBS-motif=AGGA
12:42:17.553 - INFO - CDS - seq=contig_1, start=161611, stop=163353, strand=-, frame=3, truncated=no, start-type=ATG, RBS-motif=None
12:42:17.553 - INFO - CDS - seq=contig_1, start=163350, stop=164357, strand=-, frame=1, truncated=no, start-type=ATG, RBS-motif=GGAGG
12:42:17.553 - INFO - CDS - seq=contig_1, start=164467, stop=166437, strand=+, frame=1, truncated=no, start-type=ATG, RBS-motif=None
12:42:17.553 - INFO - CDS - seq=contig_1, start=166777, stop=167256, strand=+, frame=1, truncated=no, start-type=ATG, RBS-motif=GGAG/GAGG
12:42:17.553 - INFO - CDS - seq=contig_1, start=167253, stop=167564, strand=+, frame=3, truncated=no, start-type=ATG, RBS-motif=None
12:42:17.553 - INFO - CDS - seq=contig_1, start=167528, stop=167830, strand=+, frame=2, truncated=no, start-type=ATG, RBS-motif=None
12:42:17.553 - INFO - CDS - seq=contig_1, start=167840, stop=169699, strand=-, frame=2, truncated=no, start-type=ATG, RBS-motif=GGA/GAG/AGG
12:42:17.553 - INFO - CDS - seq=contig_1, start=169696, stop=170271, strand=-, frame=3, truncated=no, start-type=GTG, RBS-motif=AGGAG
12:42:17.553 - INFO - CDS - seq=contig_1, start=170268, stop=170861, strand=-, frame=1, truncated=no, start-type=ATG, RBS-motif=None
12:42:17.553 - INFO - CDS - seq=contig_1, start=170854, stop=171321, strand=-, frame=3, truncated=no, start-type=ATG, RBS-motif=GGAGG
12:42:17.553 - INFO - CDS - seq=contig_1, start=171305, stop=172324, strand=-, frame=2, truncated=no, start-type=ATG, RBS-motif=GGAG/GAGG
12:42:17.553 - INFO - CDS - seq=contig_1, start=172311, stop=173795, strand=-, frame=1, truncated=no, start-type=ATG, RBS-motif=GGAG/GAGG
12:42:17.553 - INFO - CDS - seq=contig_1, start=173931, stop=174422, strand=-, frame=1, truncated=no, start-type=ATG, RBS-motif=AGGAG/GGAGG
12:42:17.553 - INFO - CDS - seq=contig_1, start=174584, stop=175684, strand=+, frame=2, truncated=no, start-type=ATG, RBS-motif=GGA/GAG/AGG
12:42:17.553 - INFO - CDS - seq=contig_1, start=175690, stop=176805, strand=+, frame=1, truncated=no, start-type=GTG, RBS-motif=AGGA
12:42:17.553 - INFO - CDS - seq=contig_1, start=176847, stop=177251, strand=-, frame=1, truncated=no, start-type=GTG, RBS-motif=GGA/GAG/AGG
12:42:17.553 - INFO - CDS - seq=contig_1, start=177248, stop=178150, strand=-, frame=2, truncated=no, start-type=GTG, RBS-motif=AGGAG
12:42:17.553 - INFO - CDS - seq=contig_1, start=178147, stop=178812, strand=-, frame=3, truncated=no, start-type=GTG, RBS-motif=GGAG/GAGG
12:42:17.553 - INFO - CDS - seq=contig_1, start=178837, stop=179865, strand=-, frame=3, truncated=no, start-type=GTG, RBS-motif=AGGA
12:42:17.553 - INFO - CDS - seq=contig_1, start=179981, stop=181840, strand=-, frame=2, truncated=no, start-type=GTG, RBS-motif=GGAGG
12:42:17.553 - INFO - CDS - seq=contig_1, start=181946, stop=182998, strand=-, frame=2, truncated=no, start-type=ATG, RBS-motif=None
12:42:17.553 - INFO - CDS - seq=contig_1, start=183174, stop=184100, strand=+, frame=3, truncated=no, start-type=TTG, RBS-motif=AGGAG
12:42:17.553 - INFO - CDS - seq=contig_1, start=184248, stop=185048, strand=+, frame=3, truncated=no, start-type=ATG, RBS-motif=GGA/GAG/AGG
12:42:17.553 - INFO - CDS - seq=contig_1, start=185020, stop=185916, strand=+, frame=1, truncated=no, start-type=ATG, RBS-motif=AGGAGG
12:42:17.553 - INFO - CDS - seq=contig_1, start=185920, stop=187023, strand=+, frame=1, truncated=no, start-type=ATG, RBS-motif=AGGAGG
12:42:17.553 - INFO - CDS - seq=contig_1, start=187033, stop=187494, strand=+, frame=1, truncated=no, start-type=ATG, RBS-motif=GGA/GAG/AGG
12:42:17.553 - INFO - CDS - seq=contig_1, start=187574, stop=188329, strand=+, frame=2, truncated=no, start-type=ATG, RBS-motif=AGGAG
12:42:17.553 - INFO - CDS - seq=contig_1, start=188648, stop=189457, strand=+, frame=2, truncated=no, start-type=GTG, RBS-motif=GGAGG
12:42:17.553 - INFO - CDS - seq=contig_1, start=189556, stop=189984, strand=+, frame=1, truncated=no, start-type=ATG, RBS-motif=GGxGG
12:42:17.553 - INFO - CDS - seq=contig_1, start=189974, stop=191341, strand=-, frame=2, truncated=no, start-type=GTG, RBS-motif=AGxAGG/AGGxGG
12:42:17.553 - INFO - CDS - seq=contig_1, start=191349, stop=192869, strand=-, frame=1, truncated=no, start-type=ATG, RBS-motif=3Base/5BMM
12:42:17.553 - INFO - CDS - seq=contig_1, start=192866, stop=194194, strand=-, frame=2, truncated=no, start-type=GTG, RBS-motif=AGxAGG/AGGxGG
12:42:17.553 - INFO - CDS - seq=contig_1, start=194269, stop=195195, strand=-, frame=3, truncated=no, start-type=ATG, RBS-motif=GGA/GAG/AGG
12:42:17.554 - INFO - CDS - seq=contig_1, start=195195, stop=197078, strand=-, frame=1, truncated=no, start-type=ATG, RBS-motif=GGA/GAG/AGG
12:42:17.554 - INFO - CDS - seq=contig_1, start=197172, stop=197615, strand=+, frame=3, truncated=no, start-type=ATG, RBS-motif=GGAG/GAGG
12:42:17.554 - INFO - CDS - seq=contig_1, start=197596, stop=198234, strand=+, frame=1, truncated=no, start-type=GTG, RBS-motif=None
12:42:17.554 - INFO - CDS - seq=contig_1, start=198237, stop=199082, strand=-, frame=1, truncated=no, start-type=ATG, RBS-motif=None
12:42:17.554 - INFO - CDS - seq=contig_1, start=199087, stop=199551, strand=-, frame=3, truncated=no, start-type=ATG, RBS-motif=None
12:42:17.554 - INFO - CDS - seq=contig_1, start=199639, stop=200346, strand=+, frame=1, truncated=no, start-type=ATG, RBS-motif=AGGAG/GGAGG
12:42:17.554 - INFO - CDS - seq=contig_1, start=200365, stop=201582, strand=+, frame=1, truncated=no, start-type=GTG, RBS-motif=GGA/GAG/AGG
12:42:17.554 - INFO - CDS - seq=contig_1, start=201946, stop=203133, strand=+, frame=1, truncated=no, start-type=ATG, RBS-motif=AGGAGG
12:42:17.554 - INFO - CDS - seq=contig_1, start=203205, stop=203513, strand=+, frame=3, truncated=no, start-type=ATG, RBS-motif=GGAGG
12:42:17.554 - INFO - CDS - seq=contig_1, start=203560, stop=204186, strand=+, frame=1, truncated=no, start-type=ATG, RBS-motif=GGAG/GAGG
12:42:17.554 - INFO - CDS - seq=contig_1, start=204176, stop=204850, strand=+, frame=2, truncated=no, start-type=GTG, RBS-motif=GGA/GAG/AGG
12:42:17.554 - INFO - CDS - seq=contig_1, start=204837, stop=205121, strand=+, frame=3, truncated=no, start-type=ATG, RBS-motif=AGGA/GGAG/GAGG
12:42:17.554 - INFO - CDS - seq=contig_1, start=205177, stop=205998, strand=+, frame=1, truncated=no, start-type=ATG, RBS-motif=AGGAG
12:42:17.554 - INFO - CDS - seq=contig_1, start=206008, stop=206295, strand=+, frame=1, truncated=no, start-type=ATG, RBS-motif=AGxAGG/AGGxGG
12:42:17.554 - INFO - CDS - seq=contig_1, start=206304, stop=206678, strand=+, frame=3, truncated=no, start-type=ATG, RBS-motif=GGA/GAG/AGG
12:42:17.554 - INFO - CDS - seq=contig_1, start=206662, stop=207405, strand=+, frame=1, truncated=no, start-type=ATG, RBS-motif=GGAG/GAGG
12:42:17.554 - INFO - CDS - seq=contig_1, start=207409, stop=207828, strand=+, frame=1, truncated=no, start-type=ATG, RBS-motif=GGAG/GAGG
12:42:17.554 - INFO - CDS - seq=contig_1, start=207843, stop=208061, strand=+, frame=3, truncated=no, start-type=ATG, RBS-motif=AGxAGG/AGGxGG
12:42:17.554 - INFO - CDS - seq=contig_1, start=208061, stop=208330, strand=+, frame=2, truncated=no, start-type=ATG, RBS-motif=AGGA/GGAG/GAGG
12:42:17.554 - INFO - CDS - seq=contig_1, start=208343, stop=208711, strand=+, frame=2, truncated=no, start-type=ATG, RBS-motif=GGA/GAG/AGG
12:42:17.554 - INFO - CDS - seq=contig_1, start=208723, stop=209034, strand=+, frame=1, truncated=no, start-type=ATG, RBS-motif=GGA/GAG/AGG
12:42:17.554 - INFO - CDS - seq=contig_1, start=209031, stop=209588, strand=+, frame=3, truncated=no, start-type=ATG, RBS-motif=AGGAG
12:42:17.554 - INFO - CDS - seq=contig_1, start=209801, stop=210199, strand=+, frame=2, truncated=no, start-type=ATG, RBS-motif=AGGAGG
12:42:17.554 - INFO - CDS - seq=contig_1, start=210209, stop=210748, strand=+, frame=2, truncated=no, start-type=GTG, RBS-motif=AGxAGG/AGGxGG
12:42:17.554 - INFO - CDS - seq=contig_1, start=210757, stop=211119, strand=+, frame=1, truncated=no, start-type=ATG, RBS-motif=GGAG/GAGG
12:42:17.554 - INFO - CDS - seq=contig_1, start=211128, stop=211646, strand=+, frame=3, truncated=no, start-type=ATG, RBS-motif=AGGAG
12:42:17.554 - INFO - CDS - seq=contig_1, start=211649, stop=211834, strand=+, frame=2, truncated=no, start-type=ATG, RBS-motif=GGxGG
12:42:17.554 - INFO - CDS - seq=contig_1, start=211834, stop=212295, strand=+, frame=1, truncated=no, start-type=GTG, RBS-motif=GGAGG
12:42:17.554 - INFO - CDS - seq=contig_1, start=212303, stop=213622, strand=+, frame=2, truncated=no, start-type=ATG, RBS-motif=GGA/GAG/AGG
12:42:17.554 - INFO - CDS - seq=contig_1, start=213661, stop=213774, strand=+, frame=1, truncated=no, start-type=ATG, RBS-motif=AGGAG
12:42:17.554 - INFO - CDS - seq=contig_1, start=213790, stop=214155, strand=+, frame=1, truncated=no, start-type=ATG, RBS-motif=AGxAGG/AGGxGG
12:42:17.554 - INFO - CDS - seq=contig_1, start=214174, stop=214554, strand=+, frame=1, truncated=no, start-type=GTG, RBS-motif=AGGAGG
12:42:17.554 - INFO - CDS - seq=contig_1, start=214569, stop=215624, strand=+, frame=3, truncated=no, start-type=ATG, RBS-motif=AGGAG
12:42:17.554 - INFO - CDS - seq=contig_1, start=215614, stop=216108, strand=+, frame=1, truncated=no, start-type=ATG, RBS-motif=AGxAGG/AGGxGG
12:42:17.554 - INFO - CDS - seq=contig_1, start=216132, stop=216329, strand=+, frame=3, truncated=no, start-type=ATG, RBS-motif=GGAGG
12:42:17.554 - INFO - CDS - seq=contig_1, start=216514, stop=217197, strand=+, frame=1, truncated=no, start-type=ATG, RBS-motif=GGAG/GAGG
12:42:17.554 - INFO - CDS - seq=contig_1, start=217313, stop=219220, strand=+, frame=2, truncated=no, start-type=ATG, RBS-motif=AGGAG
12:42:17.554 - INFO - CDS - seq=contig_1, start=219389, stop=220591, strand=+, frame=2, truncated=no, start-type=GTG, RBS-motif=GGA/GAG/AGG
12:42:17.554 - INFO - CDS - seq=contig_1, start=220768, stop=222237, strand=+, frame=1, truncated=no, start-type=GTG, RBS-motif=GGA/GAG/AGG
12:42:17.554 - INFO - CDS - seq=contig_1, start=222241, stop=224388, strand=+, frame=1, truncated=no, start-type=ATG, RBS-motif=GGAG/GAGG
12:42:17.554 - INFO - CDS - seq=contig_1, start=224417, stop=224575, strand=+, frame=2, truncated=no, start-type=ATG, RBS-motif=GGxGG
12:42:17.554 - INFO - CDS - seq=contig_1, start=224572, stop=224748, strand=+, frame=1, truncated=no, start-type=GTG, RBS-motif=GGA/GAG/AGG
12:42:17.554 - INFO - CDS - seq=contig_1, start=224735, stop=225532, strand=+, frame=2, truncated=no, start-type=ATG, RBS-motif=None
12:42:17.554 - INFO - CDS - seq=contig_1, start=225542, stop=225988, strand=+, frame=2, truncated=no, start-type=ATG, RBS-motif=AGGAG
12:42:17.554 - INFO - CDS - seq=contig_1, start=226125, stop=227564, strand=+, frame=3, truncated=no, start-type=ATG, RBS-motif=None
12:42:17.554 - INFO - CDS - seq=contig_1, start=227598, stop=227708, strand=+, frame=3, truncated=no, start-type=ATG, RBS-motif=AGGA/GGAG/GAGG
12:42:17.554 - INFO - CDS - seq=contig_1, start=227754, stop=228494, strand=+, frame=3, truncated=no, start-type=GTG, RBS-motif=AGGAG
12:42:17.554 - INFO - CDS - seq=contig_1, start=228538, stop=228645, strand=+, frame=1, truncated=no, start-type=ATG, RBS-motif=GGA/GAG/AGG
12:42:17.554 - INFO - CDS - seq=contig_1, start=233647, stop=234333, strand=-, frame=3, truncated=no, start-type=ATG, RBS-motif=AGGAG/GGAGG
12:42:17.554 - INFO - CDS - seq=contig_1, start=234386, stop=235153, strand=-, frame=2, truncated=no, start-type=ATG, RBS-motif=None
12:42:17.554 - INFO - CDS - seq=contig_1, start=235220, stop=235798, strand=-, frame=2, truncated=no, start-type=ATG, RBS-motif=AGGAG
12:42:17.554 - INFO - CDS - seq=contig_1, start=236000, stop=236812, strand=+, frame=2, truncated=no, start-type=ATG, RBS-motif=AGGA/GGAG/GAGG
12:42:17.554 - INFO - CDS - seq=contig_1, start=236817, stop=238790, strand=+, frame=3, truncated=no, start-type=ATG, RBS-motif=None
12:42:17.554 - INFO - CDS - seq=contig_1, start=238891, stop=239541, strand=+, frame=1, truncated=no, start-type=GTG, RBS-motif=AGGAG
12:42:17.554 - INFO - CDS - seq=contig_1, start=239788, stop=240333, strand=+, frame=1, truncated=no, start-type=ATG, RBS-motif=GGA/GAG/AGG
12:42:17.554 - INFO - CDS - seq=contig_1, start=240423, stop=240557, strand=+, frame=3, truncated=no, start-type=ATG, RBS-motif=GGAG/GAGG
12:42:17.555 - INFO - CDS - seq=contig_1, start=240569, stop=240739, strand=+, frame=2, truncated=no, start-type=ATG, RBS-motif=AGGAGG
12:42:17.555 - INFO - CDS - seq=contig_1, start=240889, stop=241068, strand=+, frame=1, truncated=no, start-type=ATG, RBS-motif=GGA/GAG/AGG
12:42:17.555 - INFO - CDS - seq=contig_1, start=241078, stop=241635, strand=+, frame=1, truncated=no, start-type=ATG, RBS-motif=GGAG/GAGG
12:42:17.555 - INFO - CDS - seq=contig_1, start=241742, stop=242182, strand=+, frame=2, truncated=no, start-type=ATG, RBS-motif=AGGAG
12:42:17.555 - INFO - CDS - seq=contig_1, start=242179, stop=242859, strand=+, frame=1, truncated=no, start-type=ATG, RBS-motif=GGA/GAG/AGG
12:42:17.555 - INFO - CDS - seq=contig_1, start=242861, stop=243403, strand=+, frame=2, truncated=no, start-type=ATG, RBS-motif=AGGAG
12:42:17.555 - INFO - CDS - seq=contig_1, start=243512, stop=243901, strand=+, frame=2, truncated=no, start-type=ATG, RBS-motif=AGGAG
12:42:17.555 - INFO - CDS - seq=contig_1, start=244165, stop=247701, strand=+, frame=1, truncated=no, start-type=ATG, RBS-motif=AGxAGG/AGGxGG
12:42:17.555 - INFO - CDS - seq=contig_1, start=247714, stop=251964, strand=+, frame=1, truncated=no, start-type=ATG, RBS-motif=GGA/GAG/AGG
12:42:17.555 - INFO - CDS - seq=contig_1, start=252067, stop=252441, strand=+, frame=1, truncated=no, start-type=ATG, RBS-motif=GGA/GAG/AGG
12:42:17.555 - INFO - CDS - seq=contig_1, start=252463, stop=252933, strand=+, frame=1, truncated=no, start-type=ATG, RBS-motif=AGGAG
12:42:17.555 - INFO - CDS - seq=contig_1, start=253067, stop=256390, strand=+, frame=2, truncated=no, start-type=GTG, RBS-motif=GGAGG
12:42:17.555 - INFO - CDS - seq=contig_1, start=256377, stop=258329, strand=+, frame=3, truncated=no, start-type=ATG, RBS-motif=None
12:42:17.555 - INFO - CDS - seq=contig_1, start=258422, stop=259453, strand=+, frame=2, truncated=no, start-type=ATG, RBS-motif=GGAG/GAGG
12:42:17.555 - INFO - CDS - seq=contig_1, start=259450, stop=259923, strand=+, frame=1, truncated=no, start-type=ATG, RBS-motif=GGA/GAG/AGG
12:42:17.555 - INFO - CDS - seq=contig_1, start=260002, stop=261054, strand=+, frame=1, truncated=no, start-type=ATG, RBS-motif=AGGAG
12:42:17.555 - INFO - CDS - seq=contig_1, start=261167, stop=261454, strand=+, frame=2, truncated=no, start-type=ATG, RBS-motif=GGAGG
12:42:17.555 - INFO - CDS - seq=contig_1, start=261486, stop=261803, strand=+, frame=3, truncated=no, start-type=GTG, RBS-motif=3Base/5BMM
12:42:17.555 - INFO - CDS - seq=contig_1, start=261793, stop=263433, strand=+, frame=1, truncated=no, start-type=GTG, RBS-motif=GGxGG
12:42:17.555 - INFO - CDS - seq=contig_1, start=263424, stop=263837, strand=+, frame=3, truncated=no, start-type=GTG, RBS-motif=AGGAGG
12:42:17.555 - INFO - CDS - seq=contig_1, start=264074, stop=265633, strand=+, frame=2, truncated=no, start-type=ATG, RBS-motif=None
12:42:17.555 - INFO - CDS - seq=contig_1, start=265752, stop=265955, strand=+, frame=3, truncated=no, start-type=ATG, RBS-motif=AGGAG
12:42:17.555 - INFO - CDS - seq=contig_1, start=266000, stop=266650, strand=+, frame=2, truncated=no, start-type=ATG, RBS-motif=GGA/GAG/AGG
12:42:17.555 - INFO - CDS - seq=contig_1, start=266747, stop=267817, strand=+, frame=2, truncated=no, start-type=ATG, RBS-motif=GGAGG
12:42:17.555 - INFO - CDS - seq=contig_1, start=267884, stop=268594, strand=-, frame=2, truncated=no, start-type=GTG, RBS-motif=GGA/GAG/AGG
12:42:17.555 - INFO - CDS - seq=contig_1, start=268673, stop=269275, strand=+, frame=2, truncated=no, start-type=ATG, RBS-motif=GGA/GAG/AGG
12:42:17.555 - INFO - CDS - seq=contig_1, start=269406, stop=270686, strand=-, frame=1, truncated=no, start-type=GTG, RBS-motif=None
12:42:17.555 - INFO - CDS - seq=contig_1, start=270915, stop=271910, strand=+, frame=3, truncated=no, start-type=GTG, RBS-motif=GGAGG
12:42:17.555 - INFO - CDS - seq=contig_1, start=271903, stop=272562, strand=+, frame=1, truncated=no, start-type=ATG, RBS-motif=AGGAGG
12:42:17.555 - INFO - CDS - seq=contig_1, start=272753, stop=274360, strand=+, frame=2, truncated=no, start-type=ATG, RBS-motif=None
12:42:17.555 - INFO - CDS - seq=contig_1, start=274365, stop=275021, strand=+, frame=3, truncated=no, start-type=ATG, RBS-motif=GGAGG
12:42:17.555 - INFO - CDS - seq=contig_1, start=275453, stop=276820, strand=-, frame=2, truncated=no, start-type=GTG, RBS-motif=GGAGG
12:42:17.555 - INFO - CDS - seq=contig_1, start=276890, stop=276979, strand=+, frame=2, truncated=no, start-type=ATG, RBS-motif=GGxGG
12:42:17.555 - INFO - CDS - seq=contig_1, start=276925, stop=277032, strand=+, frame=1, truncated=no, start-type=ATG, RBS-motif=GGA/GAG/AGG
12:42:17.555 - INFO - CDS - seq=contig_1, start=282088, stop=282453, strand=+, frame=1, truncated=no, start-type=GTG, RBS-motif=None
12:42:17.555 - INFO - CDS - seq=contig_1, start=282483, stop=283103, strand=+, frame=3, truncated=no, start-type=TTG, RBS-motif=GGAG/GAGG
12:42:17.555 - INFO - CDS - seq=contig_1, start=283113, stop=284561, strand=+, frame=3, truncated=no, start-type=GTG, RBS-motif=GGA/GAG/AGG
12:42:17.555 - INFO - CDS - seq=contig_1, start=284545, stop=286071, strand=+, frame=1, truncated=no, start-type=GTG, RBS-motif=GGA/GAG/AGG
12:42:17.555 - INFO - CDS - seq=contig_1, start=286068, stop=287042, strand=-, frame=1, truncated=no, start-type=ATG, RBS-motif=3Base/5BMM
12:42:17.555 - INFO - CDS - seq=contig_1, start=287029, stop=287790, strand=-, frame=3, truncated=no, start-type=ATG, RBS-motif=3Base/5BMM
12:42:17.555 - INFO - CDS - seq=contig_1, start=287923, stop=288714, strand=+, frame=1, truncated=no, start-type=GTG, RBS-motif=3Base/5BMM
12:42:17.555 - INFO - CDS - seq=contig_1, start=288752, stop=289252, strand=-, frame=2, truncated=no, start-type=ATG, RBS-motif=GGAG/GAGG
12:42:17.555 - INFO - CDS - seq=contig_1, start=289341, stop=290090, strand=-, frame=1, truncated=no, start-type=ATG, RBS-motif=GGAG/GAGG
12:42:17.555 - INFO - CDS - seq=contig_1, start=290069, stop=290953, strand=-, frame=2, truncated=no, start-type=GTG, RBS-motif=GGA/GAG/AGG
12:42:17.555 - INFO - CDS - seq=contig_1, start=291123, stop=292469, strand=-, frame=1, truncated=no, start-type=ATG, RBS-motif=AGGA
12:42:17.555 - INFO - CDS - seq=contig_1, start=292876, stop=295374, strand=+, frame=1, truncated=no, start-type=ATG, RBS-motif=None
12:42:17.555 - INFO - CDS - seq=contig_1, start=295637, stop=296356, strand=+, frame=2, truncated=no, start-type=ATG, RBS-motif=GGAGG
12:42:17.555 - INFO - CDS - seq=contig_1, start=296453, stop=297013, strand=+, frame=2, truncated=no, start-type=GTG, RBS-motif=AGGAG
12:42:17.555 - INFO - CDS - seq=contig_1, start=297118, stop=298797, strand=+, frame=1, truncated=no, start-type=ATG, RBS-motif=GGA/GAG/AGG
12:42:17.555 - INFO - CDS - seq=contig_1, start=298760, stop=299725, strand=+, frame=2, truncated=no, start-type=GTG, RBS-motif=GGA/GAG/AGG
12:42:17.555 - INFO - CDS - seq=contig_1, start=299725, stop=302298, strand=+, frame=1, truncated=no, start-type=ATG, RBS-motif=GGA/GAG/AGG
12:42:17.556 - INFO - CDS - seq=contig_1, start=302353, stop=303186, strand=+, frame=1, truncated=no, start-type=ATG, RBS-motif=GGAG/GAGG
12:42:17.556 - INFO - CDS - seq=contig_1, start=303223, stop=304104, strand=+, frame=1, truncated=no, start-type=ATG, RBS-motif=AGGA
12:42:17.556 - INFO - CDS - seq=contig_1, start=304131, stop=305348, strand=+, frame=3, truncated=no, start-type=ATG, RBS-motif=AGGA
12:42:17.556 - INFO - CDS - seq=contig_1, start=305514, stop=306779, strand=+, frame=3, truncated=no, start-type=ATG, RBS-motif=GGAG/GAGG
12:42:17.556 - INFO - CDS - seq=contig_1, start=306798, stop=308042, strand=+, frame=3, truncated=no, start-type=ATG, RBS-motif=None
12:42:17.556 - INFO - CDS - seq=contig_1, start=308128, stop=308763, strand=+, frame=1, truncated=no, start-type=GTG, RBS-motif=None
12:42:17.556 - INFO - CDS - seq=contig_1, start=308766, stop=309539, strand=+, frame=3, truncated=no, start-type=ATG, RBS-motif=GGA/GAG/AGG
12:42:17.556 - INFO - CDS - seq=contig_1, start=309672, stop=310703, strand=+, frame=3, truncated=no, start-type=ATG, RBS-motif=GGAGG
12:42:17.556 - INFO - CDS - seq=contig_1, start=310703, stop=312460, strand=+, frame=2, truncated=no, start-type=ATG, RBS-motif=None
12:42:17.556 - INFO - CDS - seq=contig_1, start=312457, stop=313590, strand=+, frame=1, truncated=no, start-type=GTG, RBS-motif=AGGA
12:42:17.556 - INFO - CDS - seq=contig_1, start=313581, stop=314522, strand=+, frame=3, truncated=no, start-type=ATG, RBS-motif=AGxAGG/AGGxGG
12:42:17.556 - INFO - CDS - seq=contig_1, start=314509, stop=316455, strand=-, frame=3, truncated=no, start-type=GTG, RBS-motif=AGGA
12:42:17.556 - INFO - CDS - seq=contig_1, start=316468, stop=319395, strand=-, frame=3, truncated=no, start-type=ATG, RBS-motif=None
12:42:17.556 - INFO - CDS - seq=contig_1, start=319466, stop=321244, strand=+, frame=2, truncated=no, start-type=GTG, RBS-motif=GGAG/GAGG
12:42:17.556 - INFO - CDS - seq=contig_1, start=321409, stop=322023, strand=+, frame=1, truncated=no, start-type=ATG, RBS-motif=GGAG/GAGG
12:42:17.556 - INFO - CDS - seq=contig_1, start=322109, stop=323137, strand=+, frame=2, truncated=no, start-type=ATG, RBS-motif=GGxGG
12:42:17.556 - INFO - CDS - seq=contig_1, start=323112, stop=324077, strand=+, frame=3, truncated=no, start-type=GTG, RBS-motif=GGAG/GAGG
12:42:17.556 - INFO - CDS - seq=contig_1, start=324143, stop=324361, strand=+, frame=2, truncated=no, start-type=ATG, RBS-motif=GGxGG
12:42:17.556 - INFO - CDS - seq=contig_1, start=324375, stop=324959, strand=+, frame=3, truncated=no, start-type=GTG, RBS-motif=GGA/GAG/AGG
12:42:17.556 - INFO - CDS - seq=contig_1, start=324982, stop=325344, strand=+, frame=1, truncated=no, start-type=GTG, RBS-motif=GGAGG
12:42:17.556 - INFO - CDS - seq=contig_1, start=325417, stop=326430, strand=+, frame=1, truncated=no, start-type=ATG, RBS-motif=AGxAGG/AGGxGG
12:42:17.556 - INFO - CDS - seq=contig_1, start=326609, stop=326905, strand=-, frame=2, truncated=no, start-type=GTG, RBS-motif=GGA/GAG/AGG
12:42:17.556 - INFO - CDS - seq=contig_1, start=327048, stop=328790, strand=+, frame=3, truncated=no, start-type=TTG, RBS-motif=AGxAGG/AGGxGG
12:42:17.556 - INFO - CDS - seq=contig_1, start=328849, stop=329121, strand=-, frame=3, truncated=no, start-type=GTG, RBS-motif=GGxGG
12:42:17.556 - INFO - CDS - seq=contig_1, start=329210, stop=329554, strand=-, frame=2, truncated=no, start-type=ATG, RBS-motif=GGA/GAG/AGG
12:42:17.556 - INFO - CDS - seq=contig_1, start=329624, stop=330928, strand=-, frame=2, truncated=no, start-type=GTG, RBS-motif=AGGA/GGAG/GAGG
12:42:17.556 - INFO - CDS - seq=contig_1, start=331101, stop=331397, strand=+, frame=3, truncated=no, start-type=GTG, RBS-motif=GGA/GAG/AGG
12:42:17.556 - INFO - CDS - seq=contig_1, start=331645, stop=332706, strand=+, frame=1, truncated=no, start-type=ATG, RBS-motif=GGAGG
12:42:17.556 - INFO - CDS - seq=contig_1, start=332947, stop=334548, strand=+, frame=1, truncated=no, start-type=ATG, RBS-motif=GGAGG
12:42:17.556 - INFO - CDS - seq=contig_1, start=334545, stop=335660, strand=+, frame=3, truncated=no, start-type=GTG, RBS-motif=None
12:42:17.556 - INFO - CDS - seq=contig_1, start=335657, stop=336607, strand=+, frame=2, truncated=no, start-type=ATG, RBS-motif=GGA/GAG/AGG
12:42:17.556 - INFO - CDS - seq=contig_1, start=336711, stop=341117, strand=+, frame=3, truncated=no, start-type=GTG, RBS-motif=None
12:42:17.556 - INFO - CDS - seq=contig_1, start=341147, stop=343630, strand=+, frame=2, truncated=no, start-type=ATG, RBS-motif=AGGAG
12:42:17.556 - INFO - CDS - seq=contig_1, start=343687, stop=344205, strand=+, frame=1, truncated=no, start-type=ATG, RBS-motif=AGGAG
12:42:17.556 - INFO - CDS - seq=contig_1, start=344261, stop=346963, strand=+, frame=2, truncated=no, start-type=GTG, RBS-motif=AGGAG
12:42:17.556 - INFO - CDS - seq=contig_1, start=347081, stop=348622, strand=+, frame=2, truncated=no, start-type=GTG, RBS-motif=AGGAG
12:42:17.556 - INFO - CDS - seq=contig_1, start=348778, stop=350574, strand=-, frame=3, truncated=no, start-type=GTG, RBS-motif=GGAGG
12:42:17.556 - INFO - CDS - seq=contig_1, start=350804, stop=352270, strand=-, frame=2, truncated=no, start-type=ATG, RBS-motif=AGGAGG
12:42:17.556 - INFO - CDS - seq=contig_1, start=352449, stop=353141, strand=+, frame=3, truncated=no, start-type=ATG, RBS-motif=None
12:42:17.556 - INFO - CDS - seq=contig_1, start=353166, stop=354383, strand=+, frame=3, truncated=no, start-type=ATG, RBS-motif=AGGA
12:42:17.556 - INFO - CDS - seq=contig_1, start=354380, stop=354844, strand=-, frame=2, truncated=no, start-type=ATG, RBS-motif=None
12:42:17.556 - INFO - CDS - seq=contig_1, start=354849, stop=356462, strand=+, frame=3, truncated=no, start-type=GTG, RBS-motif=AGGAG
12:42:17.556 - INFO - CDS - seq=contig_1, start=356443, stop=357300, strand=+, frame=1, truncated=no, start-type=ATG, RBS-motif=AGGA
12:42:17.556 - INFO - CDS - seq=contig_1, start=357318, stop=357806, strand=+, frame=3, truncated=no, start-type=ATG, RBS-motif=None
12:42:17.556 - INFO - CDS - seq=contig_1, start=357818, stop=358813, strand=+, frame=2, truncated=no, start-type=GTG, RBS-motif=GGA/GAG/AGG
12:42:17.556 - INFO - CDS - seq=contig_1, start=358799, stop=360271, strand=-, frame=2, truncated=no, start-type=ATG, RBS-motif=GGA/GAG/AGG
12:42:17.556 - INFO - CDS - seq=contig_1, start=360290, stop=361735, strand=+, frame=2, truncated=no, start-type=ATG, RBS-motif=3Base/5BMM
12:42:17.557 - INFO - CDS - seq=contig_1, start=361856, stop=362416, strand=+, frame=2, truncated=no, start-type=GTG, RBS-motif=GGAGG
12:42:17.557 - INFO - CDS - seq=contig_1, start=362410, stop=363243, strand=+, frame=1, truncated=no, start-type=TTG, RBS-motif=GGAG/GAGG
12:42:17.557 - INFO - CDS - seq=contig_1, start=363248, stop=366694, strand=-, frame=2, truncated=no, start-type=ATG, RBS-motif=None
12:42:17.557 - INFO - CDS - seq=contig_1, start=366823, stop=367914, strand=+, frame=1, truncated=no, start-type=ATG, RBS-motif=AGGAG(G)/GGAGG
12:42:17.557 - INFO - CDS - seq=contig_1, start=368071, stop=368772, strand=+, frame=1, truncated=no, start-type=GTG, RBS-motif=GGxGG
12:42:17.557 - INFO - CDS - seq=contig_1, start=368876, stop=369586, strand=+, frame=2, truncated=no, start-type=ATG, RBS-motif=AGxAGG/AGGxGG
12:42:17.557 - INFO - CDS - seq=contig_1, start=369607, stop=370722, strand=-, frame=3, truncated=no, start-type=GTG, RBS-motif=GGAGG
12:42:17.557 - INFO - CDS - seq=contig_1, start=370701, stop=371231, strand=-, frame=1, truncated=no, start-type=ATG, RBS-motif=None
12:42:17.557 - INFO - CDS - seq=contig_1, start=371444, stop=372730, strand=+, frame=2, truncated=no, start-type=ATG, RBS-motif=GGA/GAG/AGG
12:42:17.557 - INFO - CDS - seq=contig_1, start=372727, stop=373617, strand=+, frame=1, truncated=no, start-type=GTG, RBS-motif=GGA/GAG/AGG
12:42:17.557 - INFO - CDS - seq=contig_1, start=373749, stop=374006, strand=+, frame=3, truncated=no, start-type=ATG, RBS-motif=GGxGG
12:42:17.557 - INFO - CDS - seq=contig_1, start=374003, stop=374512, strand=-, frame=2, truncated=no, start-type=ATG, RBS-motif=GGA/GAG/AGG
12:42:17.557 - INFO - CDS - seq=contig_1, start=374776, stop=375402, strand=+, frame=1, truncated=no, start-type=ATG, RBS-motif=GGAG/GAGG
12:42:17.557 - INFO - CDS - seq=contig_1, start=375478, stop=375768, strand=+, frame=1, truncated=no, start-type=GTG, RBS-motif=GGAGG
12:42:17.557 - INFO - CDS - seq=contig_1, start=376004, stop=376273, strand=+, frame=2, truncated=no, start-type=ATG, RBS-motif=GGA/GAG/AGG
12:42:17.557 - INFO - CDS - seq=contig_1, start=376299, stop=376406, strand=+, frame=3, truncated=no, start-type=GTG, RBS-motif=GGAGG
12:42:17.557 - INFO - CDS - seq=contig_1, start=376456, stop=377115, strand=+, frame=1, truncated=no, start-type=ATG, RBS-motif=None
12:42:17.557 - INFO - CDS - seq=contig_1, start=377120, stop=378700, strand=-, frame=2, truncated=no, start-type=ATG, RBS-motif=GGA/GAG/AGG
12:42:17.557 - INFO - CDS - seq=contig_1, start=378712, stop=379347, strand=-, frame=3, truncated=no, start-type=GTG, RBS-motif=GGxGG
12:42:17.557 - INFO - CDS - seq=contig_1, start=379564, stop=379734, strand=+, frame=1, truncated=no, start-type=ATG, RBS-motif=AGGAGG
12:42:17.557 - INFO - CDS - seq=contig_1, start=379731, stop=380534, strand=-, frame=1, truncated=no, start-type=ATG, RBS-motif=AGGAG
12:42:17.557 - INFO - CDS - seq=contig_1, start=380655, stop=380891, strand=+, frame=3, truncated=no, start-type=ATG, RBS-motif=GGAG/GAGG
12:42:17.557 - INFO - CDS - seq=contig_1, start=381389, stop=383821, strand=+, frame=2, truncated=no, start-type=ATG, RBS-motif=GGA/GAG/AGG
12:42:17.557 - INFO - CDS - seq=contig_1, start=383848, stop=385182, strand=+, frame=1, truncated=no, start-type=ATG, RBS-motif=GGA/GAG/AGG
12:42:17.557 - INFO - CDS - seq=contig_1, start=385204, stop=385668, strand=+, frame=1, truncated=no, start-type=ATG, RBS-motif=AGGAG
12:42:17.557 - INFO - CDS - seq=contig_1, start=385681, stop=386115, strand=+, frame=1, truncated=no, start-type=ATG, RBS-motif=GGAGG
12:42:17.557 - INFO - CDS - seq=contig_1, start=386419, stop=389244, strand=+, frame=1, truncated=no, start-type=GTG, RBS-motif=GGAG/GAGG
12:42:17.557 - INFO - CDS - seq=contig_1, start=389244, stop=389579, strand=+, frame=3, truncated=no, start-type=ATG, RBS-motif=AGGAG
12:42:17.557 - INFO - CDS - seq=contig_1, start=389576, stop=391114, strand=+, frame=2, truncated=no, start-type=GTG, RBS-motif=GGAG/GAGG
12:42:17.557 - INFO - CDS - seq=contig_1, start=391182, stop=391445, strand=-, frame=1, truncated=no, start-type=ATG, RBS-motif=GGAG/GAGG
12:42:17.557 - INFO - CDS - seq=contig_1, start=391656, stop=392492, strand=+, frame=3, truncated=no, start-type=ATG, RBS-motif=GGA/GAG/AGG
12:42:17.557 - INFO - CDS - seq=contig_1, start=392614, stop=393204, strand=+, frame=1, truncated=no, start-type=GTG, RBS-motif=GGAGG
12:42:17.557 - INFO - CDS - seq=contig_1, start=393264, stop=394697, strand=+, frame=3, truncated=no, start-type=GTG, RBS-motif=None
12:42:17.557 - INFO - CDS - seq=contig_1, start=394690, stop=397008, strand=+, frame=1, truncated=no, start-type=ATG, RBS-motif=GGAG/GAGG
12:42:17.557 - INFO - CDS - seq=contig_1, start=397049, stop=397408, strand=-, frame=2, truncated=no, start-type=ATG, RBS-motif=None
12:42:17.557 - INFO - CDS - seq=contig_1, start=397692, stop=398588, strand=-, frame=1, truncated=no, start-type=GTG, RBS-motif=None
12:42:17.557 - INFO - CDS - seq=contig_1, start=398676, stop=399170, strand=+, frame=3, truncated=no, start-type=GTG, RBS-motif=GGA/GAG/AGG
12:42:17.558 - INFO - CDS - seq=contig_1, start=399245, stop=401995, strand=-, frame=2, truncated=no, start-type=ATG, RBS-motif=None
12:42:17.558 - INFO - CDS - seq=contig_1, start=402099, stop=403919, strand=-, frame=1, truncated=no, start-type=GTG, RBS-motif=None
12:42:17.558 - INFO - CDS - seq=contig_1, start=404059, stop=404775, strand=-, frame=3, truncated=no, start-type=ATG, RBS-motif=GGxGG
12:42:17.558 - INFO - CDS - seq=contig_1, start=405004, stop=405453, strand=+, frame=1, truncated=no, start-type=GTG, RBS-motif=GGA/GAG/AGG
12:42:17.558 - INFO - CDS - seq=contig_1, start=405450, stop=406589, strand=+, frame=3, truncated=no, start-type=GTG, RBS-motif=AGGA
12:42:17.558 - INFO - CDS - seq=contig_1, start=406602, stop=406976, strand=+, frame=3, truncated=no, start-type=ATG, RBS-motif=AGGAG
12:42:17.558 - INFO - CDS - seq=contig_1, start=406960, stop=408339, strand=+, frame=1, truncated=no, start-type=ATG, RBS-motif=AGGA/GGAG/GAGG
12:42:17.558 - INFO - CDS - seq=contig_1, start=408336, stop=409490, strand=+, frame=3, truncated=no, start-type=ATG, RBS-motif=GGAG/GAGG
12:42:17.558 - INFO - CDS - seq=contig_1, start=409468, stop=410283, strand=+, frame=1, truncated=no, start-type=GTG, RBS-motif=GGAGG
12:42:17.558 - INFO - CDS - seq=contig_1, start=410296, stop=411540, strand=+, frame=1, truncated=no, start-type=ATG, RBS-motif=GGAG/GAGG
12:42:17.558 - INFO - CDS - seq=contig_1, start=411589, stop=412842, strand=+, frame=1, truncated=no, start-type=ATG, RBS-motif=GGAGG
12:42:17.558 - INFO - CDS - seq=contig_1, start=412839, stop=413759, strand=+, frame=3, truncated=no, start-type=GTG, RBS-motif=AGGA
12:42:17.558 - INFO - CDS - seq=contig_1, start=413749, stop=414501, strand=+, frame=1, truncated=no, start-type=ATG, RBS-motif=AGxAGG/AGGxGG
12:42:17.558 - INFO - CDS - seq=contig_1, start=414498, stop=415406, strand=+, frame=3, truncated=no, start-type=ATG, RBS-motif=GGA/GAG/AGG
12:42:17.558 - INFO - CDS - seq=contig_1, start=415439, stop=417634, strand=+, frame=2, truncated=no, start-type=ATG, RBS-motif=AGxAGG/AGGxGG
12:42:17.558 - INFO - CDS - seq=contig_1, start=417627, stop=418520, strand=+, frame=3, truncated=no, start-type=ATG, RBS-motif=AGGAG/GGAGG
12:42:17.558 - INFO - CDS - seq=contig_1, start=418668, stop=419078, strand=+, frame=3, truncated=no, start-type=GTG, RBS-motif=GGxGG
12:42:17.558 - INFO - CDS - seq=contig_1, start=419096, stop=419551, strand=+, frame=2, truncated=no, start-type=ATG, RBS-motif=GGAG/GAGG
12:42:17.558 - INFO - CDS - seq=contig_1, start=419607, stop=419981, strand=+, frame=3, truncated=no, start-type=ATG, RBS-motif=GGAGG
12:42:17.558 - INFO - CDS - seq=contig_1, start=420098, stop=421801, strand=+, frame=2, truncated=no, start-type=GTG, RBS-motif=GGAGG
12:42:17.558 - INFO - CDS - seq=contig_1, start=421806, stop=422864, strand=+, frame=3, truncated=no, start-type=ATG, RBS-motif=GGAGG
12:42:17.558 - INFO - CDS - seq=contig_1, start=422912, stop=423841, strand=+, frame=2, truncated=no, start-type=ATG, RBS-motif=AGGA
12:42:17.558 - INFO - CDS - seq=contig_1, start=423869, stop=425212, strand=+, frame=2, truncated=no, start-type=ATG, RBS-motif=3Base/5BMM
12:42:17.558 - INFO - CDS - seq=contig_1, start=425241, stop=425693, strand=+, frame=3, truncated=no, start-type=GTG, RBS-motif=AGGAG
12:42:17.558 - INFO - CDS - seq=contig_1, start=425690, stop=426223, strand=-, frame=2, truncated=no, start-type=ATG, RBS-motif=GGA/GAG/AGG
12:42:17.558 - INFO - CDS - seq=contig_1, start=426445, stop=426687, strand=+, frame=1, truncated=no, start-type=ATG, RBS-motif=GGA/GAG/AGG
12:42:17.558 - INFO - CDS - seq=contig_1, start=426677, stop=427666, strand=+, frame=2, truncated=no, start-type=ATG, RBS-motif=3Base/5BMM
12:42:17.558 - INFO - CDS - seq=contig_1, start=427794, stop=428450, strand=+, frame=3, truncated=no, start-type=GTG, RBS-motif=GGAG/GAGG
12:42:17.558 - INFO - CDS - seq=contig_1, start=428546, stop=431800, strand=+, frame=2, truncated=no, start-type=ATG, RBS-motif=GGA/GAG/AGG
12:42:17.558 - INFO - CDS - seq=contig_1, start=431918, stop=432295, strand=+, frame=2, truncated=no, start-type=ATG, RBS-motif=AGGA
12:42:17.558 - INFO - CDS - seq=contig_1, start=432292, stop=434043, strand=+, frame=1, truncated=no, start-type=GTG, RBS-motif=AGGAG
12:42:17.558 - INFO - CDS - seq=contig_1, start=434040, stop=435302, strand=+, frame=3, truncated=no, start-type=ATG, RBS-motif=AGGAG/GGAGG
12:42:17.558 - INFO - CDS - seq=contig_1, start=435378, stop=435683, strand=-, frame=1, truncated=no, start-type=ATG, RBS-motif=AGxAGG/AGGxGG
12:42:17.558 - INFO - CDS - seq=contig_1, start=435702, stop=437600, strand=-, frame=1, truncated=no, start-type=ATG, RBS-motif=None
12:42:17.558 - INFO - CDS - seq=contig_1, start=437658, stop=439058, strand=+, frame=3, truncated=no, start-type=ATG, RBS-motif=GGxGG
12:42:17.558 - INFO - CDS - seq=contig_1, start=439075, stop=439599, strand=+, frame=1, truncated=no, start-type=ATG, RBS-motif=3Base/5BMM
12:42:17.558 - INFO - CDS - seq=contig_1, start=439520, stop=440881, strand=-, frame=2, truncated=no, start-type=ATG, RBS-motif=AGxAGG/AGGxGG
12:42:17.558 - INFO - CDS - seq=contig_1, start=440874, stop=442553, strand=-, frame=1, truncated=no, start-type=ATG, RBS-motif=GGA/GAG/AGG
12:42:17.558 - INFO - CDS - seq=contig_1, start=442607, stop=443773, strand=+, frame=2, truncated=no, start-type=ATG, RBS-motif=None
12:42:17.558 - INFO - CDS - seq=contig_1, start=443770, stop=444522, strand=+, frame=1, truncated=no, start-type=ATG, RBS-motif=GGA/GAG/AGG
12:42:17.558 - INFO - CDS - seq=contig_1, start=444707, stop=446725, strand=+, frame=2, truncated=no, start-type=GTG, RBS-motif=GGA/GAG/AGG
12:42:17.558 - INFO - CDS - seq=contig_1, start=446766, stop=447734, strand=+, frame=3, truncated=no, start-type=GTG, RBS-motif=GGAG/GAGG
12:42:17.558 - INFO - CDS - seq=contig_1, start=447759, stop=448565, strand=+, frame=3, truncated=no, start-type=ATG, RBS-motif=AGGA/GGAG/GAGG
12:42:17.558 - INFO - CDS - seq=contig_1, start=448691, stop=449305, strand=+, frame=2, truncated=no, start-type=GTG, RBS-motif=AGGAG
12:42:17.558 - INFO - CDS - seq=contig_1, start=449305, stop=449850, strand=+, frame=1, truncated=no, start-type=ATG, RBS-motif=AGGAG
12:42:17.559 - INFO - CDS - seq=contig_1, start=449847, stop=451616, strand=+, frame=3, truncated=no, start-type=ATG, RBS-motif=GGAG/GAGG
12:42:17.559 - INFO - CDS - seq=contig_1, start=451620, stop=452912, strand=+, frame=3, truncated=no, start-type=ATG, RBS-motif=GGAG/GAGG
12:42:17.559 - INFO - CDS - seq=contig_1, start=452924, stop=453544, strand=+, frame=2, truncated=no, start-type=ATG, RBS-motif=GGxGG
12:42:17.559 - INFO - CDS - seq=contig_1, start=453541, stop=455409, strand=+, frame=1, truncated=no, start-type=GTG, RBS-motif=GGAG/GAGG
12:42:17.559 - INFO - CDS - seq=contig_1, start=455446, stop=455868, strand=+, frame=1, truncated=no, start-type=ATG, RBS-motif=GGAGG
12:42:17.559 - INFO - CDS - seq=contig_1, start=455902, stop=456723, strand=+, frame=1, truncated=no, start-type=ATG, RBS-motif=None
12:42:17.559 - INFO - CDS - seq=contig_1, start=456784, stop=457317, strand=+, frame=1, truncated=no, start-type=GTG, RBS-motif=GGAGG
12:42:17.559 - INFO - CDS - seq=contig_1, start=457372, stop=459651, strand=+, frame=1, truncated=no, start-type=ATG, RBS-motif=GGAGG
12:42:17.559 - INFO - CDS - seq=contig_1, start=459749, stop=460219, strand=-, frame=2, truncated=no, start-type=ATG, RBS-motif=AGxAGG/AGGxGG
12:42:17.559 - INFO - CDS - seq=contig_1, start=460351, stop=461433, strand=-, frame=3, truncated=no, start-type=ATG, RBS-motif=None
12:42:17.559 - INFO - CDS - seq=contig_1, start=461399, stop=461863, strand=-, frame=2, truncated=no, start-type=ATG, RBS-motif=GGAGG
12:42:17.559 - INFO - CDS - seq=contig_1, start=462004, stop=462768, strand=+, frame=1, truncated=no, start-type=ATG, RBS-motif=None
12:42:17.559 - INFO - CDS - seq=contig_1, start=462894, stop=463367, strand=+, frame=3, truncated=no, start-type=ATG, RBS-motif=GGAGG
12:42:17.559 - INFO - CDS - seq=contig_1, start=463457, stop=464608, strand=+, frame=2, truncated=no, start-type=ATG, RBS-motif=GGA/GAG/AGG
12:42:17.559 - INFO - CDS - seq=contig_1, start=464662, stop=465522, strand=+, frame=1, truncated=no, start-type=GTG, RBS-motif=GGxGG
12:42:17.559 - INFO - CDS - seq=contig_1, start=465515, stop=467236, strand=+, frame=2, truncated=no, start-type=ATG, RBS-motif=GGA/GAG/AGG
12:42:17.559 - INFO - CDS - seq=contig_1, start=467229, stop=468032, strand=+, frame=3, truncated=no, start-type=GTG, RBS-motif=AGxAGG/AGGxGG
12:42:17.559 - INFO - CDS - seq=contig_1, start=468038, stop=469066, strand=+, frame=2, truncated=no, start-type=GTG, RBS-motif=AGxAGG/AGGxGG
12:42:17.559 - INFO - CDS - seq=contig_1, start=469202, stop=469831, strand=+, frame=2, truncated=no, start-type=GTG, RBS-motif=GGxGG
12:42:17.559 - INFO - CDS - seq=contig_1, start=469828, stop=471087, strand=+, frame=1, truncated=no, start-type=GTG, RBS-motif=GGxGG
12:42:17.559 - INFO - CDS - seq=contig_1, start=471084, stop=472208, strand=+, frame=3, truncated=no, start-type=ATG, RBS-motif=AGGA/GGAG/GAGG
12:42:17.559 - INFO - CDS - seq=contig_1, start=472266, stop=473348, strand=+, frame=3, truncated=no, start-type=ATG, RBS-motif=AGGAG
12:42:17.559 - INFO - CDS - seq=contig_1, start=473352, stop=473942, strand=+, frame=3, truncated=no, start-type=ATG, RBS-motif=3Base/5BMM
12:42:17.559 - INFO - CDS - seq=contig_1, start=474034, stop=476130, strand=+, frame=1, truncated=no, start-type=GTG, RBS-motif=GGAG/GAGG
12:42:17.559 - INFO - CDS - seq=contig_1, start=476391, stop=479855, strand=+, frame=3, truncated=no, start-type=GTG, RBS-motif=AGxAGG/AGGxGG
12:42:17.559 - INFO - CDS - seq=contig_1, start=479899, stop=480705, strand=+, frame=1, truncated=no, start-type=ATG, RBS-motif=3Base/5BMM
12:42:17.559 - INFO - CDS - seq=contig_1, start=480721, stop=481071, strand=+, frame=1, truncated=no, start-type=ATG, RBS-motif=GGAG/GAGG
12:42:17.559 - INFO - CDS - seq=contig_1, start=481055, stop=481744, strand=-, frame=2, truncated=no, start-type=ATG, RBS-motif=GGA/GAG/AGG
12:42:17.559 - INFO - CDS - seq=contig_1, start=481741, stop=482715, strand=-, frame=3, truncated=no, start-type=ATG, RBS-motif=GGA/GAG/AGG
12:42:17.559 - INFO - CDS - seq=contig_1, start=482802, stop=484118, strand=-, frame=1, truncated=no, start-type=ATG, RBS-motif=AGGAGG
12:42:17.560 - INFO - CDS - seq=contig_1, start=484270, stop=485967, strand=+, frame=1, truncated=no, start-type=ATG, RBS-motif=None
12:42:17.560 - INFO - CDS - seq=contig_1, start=486058, stop=486636, strand=+, frame=1, truncated=no, start-type=ATG, RBS-motif=3Base/5BMM
12:42:17.560 - INFO - CDS - seq=contig_1, start=486599, stop=487450, strand=+, frame=2, truncated=no, start-type=ATG, RBS-motif=3Base/5BMM
12:42:17.560 - INFO - CDS - seq=contig_1, start=487580, stop=488200, strand=+, frame=2, truncated=no, start-type=GTG, RBS-motif=AGGAGG
12:42:17.560 - INFO - CDS - seq=contig_1, start=488228, stop=488617, strand=+, frame=2, truncated=no, start-type=ATG, RBS-motif=None
12:42:17.560 - INFO - CDS - seq=contig_1, start=488669, stop=489940, strand=+, frame=2, truncated=no, start-type=ATG, RBS-motif=AGxAGG/AGGxGG
12:42:17.560 - INFO - CDS - seq=contig_1, start=489999, stop=490751, strand=-, frame=1, truncated=no, start-type=ATG, RBS-motif=GGA/GAG/AGG
12:42:17.560 - INFO - CDS - seq=contig_1, start=490748, stop=491545, strand=-, frame=2, truncated=no, start-type=ATG, RBS-motif=None
12:42:17.560 - INFO - CDS - seq=contig_1, start=491550, stop=492620, strand=-, frame=1, truncated=no, start-type=ATG, RBS-motif=AGGA
12:42:17.560 - INFO - CDS - seq=contig_1, start=492928, stop=494880, strand=-, frame=3, truncated=no, start-type=TTG, RBS-motif=AGGAGG
12:42:17.560 - INFO - CDS - seq=contig_1, start=494873, stop=495718, strand=-, frame=2, truncated=no, start-type=ATG, RBS-motif=AGxAGG/AGGxGG
12:42:17.560 - INFO - CDS - seq=contig_1, start=495746, stop=497119, strand=+, frame=2, truncated=no, start-type=ATG, RBS-motif=GGA/GAG/AGG
12:42:17.560 - INFO - CDS - seq=contig_1, start=497132, stop=499207, strand=-, frame=2, truncated=no, start-type=GTG, RBS-motif=GGxGG
12:42:17.560 - INFO - CDS - seq=contig_1, start=499282, stop=499908, strand=-, frame=3, truncated=no, start-type=GTG, RBS-motif=None
12:42:17.560 - INFO - CDS - seq=contig_1, start=499991, stop=500728, strand=-, frame=2, truncated=no, start-type=ATG, RBS-motif=GGA/GAG/AGG
12:42:17.560 - INFO - CDS - seq=contig_1, start=500869, stop=502476, strand=-, frame=3, truncated=no, start-type=GTG, RBS-motif=AGGAG
12:42:17.560 - INFO - CDS - seq=contig_1, start=502540, stop=503886, strand=-, frame=3, truncated=no, start-type=ATG, RBS-motif=GGAGG
12:42:17.560 - INFO - CDS - seq=contig_1, start=503975, stop=504679, strand=-, frame=2, truncated=no, start-type=ATG, RBS-motif=AGGAGG
12:42:17.560 - INFO - CDS - seq=contig_1, start=504740, stop=506287, strand=-, frame=2, truncated=no, start-type=ATG, RBS-motif=AGxAGG/AGGxGG
12:42:17.560 - INFO - CDS - seq=contig_1, start=506359, stop=506964, strand=-, frame=3, truncated=no, start-type=ATG, RBS-motif=None
12:42:17.560 - INFO - CDS - seq=contig_1, start=507146, stop=507634, strand=+, frame=2, truncated=no, start-type=GTG, RBS-motif=AGGAG
12:42:17.560 - INFO - CDS - seq=contig_1, start=507666, stop=509915, strand=+, frame=3, truncated=no, start-type=ATG, RBS-motif=GGAG/GAGG
12:42:17.560 - INFO - CDS - seq=contig_1, start=509982, stop=511106, strand=-, frame=1, truncated=no, start-type=ATG, RBS-motif=None
12:42:17.560 - INFO - CDS - seq=contig_1, start=511093, stop=513015, strand=-, frame=3, truncated=no, start-type=ATG, RBS-motif=None
12:42:17.560 - INFO - CDS - seq=contig_1, start=513002, stop=514846, strand=-, frame=2, truncated=no, start-type=ATG, RBS-motif=None
12:42:17.560 - INFO - CDS - seq=contig_1, start=514843, stop=516438, strand=-, frame=3, truncated=no, start-type=ATG, RBS-motif=AGxAGG/AGGxGG
12:42:17.560 - INFO - CDS - seq=contig_1, start=516527, stop=518548, strand=-, frame=2, truncated=no, start-type=GTG, RBS-motif=GGAGG
12:42:17.560 - INFO - CDS - seq=contig_1, start=518627, stop=520936, strand=+, frame=2, truncated=no, start-type=ATG, RBS-motif=GGA/GAG/AGG
12:42:17.560 - INFO - CDS - seq=contig_1, start=521396, stop=522364, strand=+, frame=2, truncated=no, start-type=GTG, RBS-motif=GGAGG
12:42:17.560 - INFO - CDS - seq=contig_1, start=522361, stop=522549, strand=+, frame=1, truncated=no, start-type=ATG, RBS-motif=AGGA
12:42:17.560 - INFO - CDS - seq=contig_1, start=522556, stop=523611, strand=+, frame=1, truncated=no, start-type=GTG, RBS-motif=GGA/GAG/AGG
12:42:17.560 - INFO - CDS - seq=contig_1, start=523615, stop=525432, strand=+, frame=1, truncated=no, start-type=GTG, RBS-motif=GGA/GAG/AGG
12:42:17.560 - INFO - CDS - seq=contig_1, start=525432, stop=527264, strand=+, frame=3, truncated=no, start-type=ATG, RBS-motif=GGAG/GAGG
12:42:17.560 - INFO - CDS - seq=contig_1, start=527274, stop=528095, strand=+, frame=3, truncated=no, start-type=ATG, RBS-motif=GGA/GAG/AGG
12:42:17.560 - INFO - CDS - seq=contig_1, start=528470, stop=529414, strand=+, frame=2, truncated=no, start-type=ATG, RBS-motif=GGA/GAG/AGG
12:42:17.560 - INFO - CDS - seq=contig_1, start=529427, stop=530461, strand=+, frame=2, truncated=no, start-type=ATG, RBS-motif=GGAGG
12:42:17.560 - INFO - CDS - seq=contig_1, start=530466, stop=531329, strand=+, frame=3, truncated=no, start-type=GTG, RBS-motif=None
12:42:17.560 - INFO - CDS - seq=contig_1, start=531326, stop=531832, strand=+, frame=2, truncated=no, start-type=ATG, RBS-motif=AGxAGG/AGGxGG
12:42:17.560 - INFO - CDS - seq=contig_1, start=531833, stop=533707, strand=+, frame=2, truncated=no, start-type=ATG, RBS-motif=AGGA/GGAG/GAGG
12:42:17.560 - INFO - CDS - seq=contig_1, start=533704, stop=535005, strand=+, frame=1, truncated=no, start-type=ATG, RBS-motif=AGGAG
12:42:17.560 - INFO - CDS - seq=contig_1, start=535031, stop=535927, strand=+, frame=2, truncated=no, start-type=ATG, RBS-motif=AGGA
12:42:17.560 - INFO - CDS - seq=contig_1, start=535927, stop=536469, strand=+, frame=1, truncated=no, start-type=GTG, RBS-motif=GGxGG
12:42:17.560 - INFO - CDS - seq=contig_1, start=536600, stop=537934, strand=-, frame=2, truncated=no, start-type=ATG, RBS-motif=GGAGG
12:42:17.560 - INFO - CDS - seq=contig_1, start=538219, stop=538656, strand=+, frame=1, truncated=no, start-type=GTG, RBS-motif=AGGAG
12:42:17.560 - INFO - CDS - seq=contig_1, start=538669, stop=539997, strand=+, frame=1, truncated=no, start-type=GTG, RBS-motif=AGGA
12:42:17.560 - INFO - CDS - seq=contig_1, start=539990, stop=540601, strand=+, frame=2, truncated=no, start-type=GTG, RBS-motif=AGGAG
12:42:17.561 - INFO - CDS - seq=contig_1, start=540588, stop=541835, strand=+, frame=3, truncated=no, start-type=ATG, RBS-motif=AGGAG
12:42:17.561 - INFO - CDS - seq=contig_1, start=541932, stop=542498, strand=+, frame=3, truncated=no, start-type=ATG, RBS-motif=GGAGG
12:42:17.561 - INFO - CDS - seq=contig_1, start=542679, stop=544487, strand=-, frame=1, truncated=no, start-type=ATG, RBS-motif=None
12:42:17.561 - INFO - CDS - seq=contig_1, start=544553, stop=545164, strand=+, frame=2, truncated=no, start-type=GTG, RBS-motif=None
12:42:17.561 - INFO - CDS - seq=contig_1, start=545161, stop=546408, strand=+, frame=1, truncated=no, start-type=GTG, RBS-motif=GGxGG
12:42:17.561 - INFO - CDS - seq=contig_1, start=546428, stop=547882, strand=+, frame=2, truncated=no, start-type=GTG, RBS-motif=GGA/GAG/AGG
12:42:17.561 - INFO - CDS - seq=contig_1, start=547948, stop=550878, strand=+, frame=1, truncated=no, start-type=ATG, RBS-motif=None
12:42:17.561 - INFO - CDS - seq=contig_1, start=550875, stop=553856, strand=+, frame=3, truncated=no, start-type=ATG, RBS-motif=None
12:42:17.561 - INFO - CDS - seq=contig_1, start=553870, stop=555450, strand=-, frame=3, truncated=no, start-type=ATG, RBS-motif=GGA/GAG/AGG
12:42:17.561 - INFO - CDS - seq=contig_1, start=555447, stop=556037, strand=-, frame=1, truncated=no, start-type=GTG, RBS-motif=GGA/GAG/AGG
12:42:17.561 - INFO - CDS - seq=contig_1, start=556019, stop=556711, strand=-, frame=2, truncated=no, start-type=ATG, RBS-motif=None
12:42:17.561 - INFO - CDS - seq=contig_1, start=556708, stop=558084, strand=-, frame=3, truncated=no, start-type=ATG, RBS-motif=AGGA
12:42:17.561 - INFO - CDS - seq=contig_1, start=558094, stop=559284, strand=-, frame=3, truncated=no, start-type=ATG, RBS-motif=None
12:42:17.561 - INFO - CDS - seq=contig_1, start=559281, stop=560552, strand=-, frame=1, truncated=no, start-type=GTG, RBS-motif=GGA/GAG/AGG
12:42:17.561 - INFO - CDS - seq=contig_1, start=560563, stop=561042, strand=-, frame=3, truncated=no, start-type=GTG, RBS-motif=GGAGG
12:42:17.561 - INFO - CDS - seq=contig_1, start=561039, stop=562193, strand=-, frame=1, truncated=no, start-type=ATG, RBS-motif=GGA/GAG/AGG
12:42:17.561 - INFO - CDS - seq=contig_1, start=562197, stop=564842, strand=-, frame=1, truncated=no, start-type=ATG, RBS-motif=3Base/5BMM
12:42:17.561 - INFO - CDS - seq=contig_1, start=564978, stop=565541, strand=+, frame=3, truncated=no, start-type=ATG, RBS-motif=GGAG/GAGG
12:42:17.561 - INFO - CDS - seq=contig_1, start=565689, stop=567695, strand=+, frame=3, truncated=no, start-type=ATG, RBS-motif=AGGAG
12:42:17.561 - INFO - CDS - seq=contig_1, start=567743, stop=568372, strand=-, frame=2, truncated=no, start-type=GTG, RBS-motif=GGAG/GAGG
12:42:17.561 - INFO - CDS - seq=contig_1, start=568467, stop=569909, strand=-, frame=1, truncated=no, start-type=ATG, RBS-motif=GGAG/GAGG
12:42:17.561 - INFO - CDS - seq=contig_1, start=569906, stop=571723, strand=-, frame=2, truncated=no, start-type=GTG, RBS-motif=GGAG/GAGG
12:42:17.561 - INFO - CDS - seq=contig_1, start=571720, stop=572346, strand=-, frame=3, truncated=no, start-type=ATG, RBS-motif=GGA/GAG/AGG
12:42:17.561 - INFO - CDS - seq=contig_1, start=572352, stop=572669, strand=-, frame=1, truncated=no, start-type=GTG, RBS-motif=None
12:42:17.561 - INFO - CDS - seq=contig_1, start=572691, stop=572987, strand=-, frame=1, truncated=no, start-type=ATG, RBS-motif=AGGAGG
12:42:17.561 - INFO - CDS - seq=contig_1, start=572989, stop=574674, strand=-, frame=3, truncated=no, start-type=ATG, RBS-motif=GGxGG
12:42:17.561 - INFO - CDS - seq=contig_1, start=574667, stop=575692, strand=-, frame=2, truncated=no, start-type=GTG, RBS-motif=None
12:42:17.561 - INFO - CDS - seq=contig_1, start=575696, stop=575980, strand=-, frame=2, truncated=no, start-type=ATG, RBS-motif=GGA/GAG/AGG
12:42:17.561 - INFO - CDS - seq=contig_1, start=576037, stop=576447, strand=-, frame=3, truncated=no, start-type=GTG, RBS-motif=GGAG/GAGG
12:42:17.561 - INFO - CDS - seq=contig_1, start=576602, stop=577351, strand=-, frame=2, truncated=no, start-type=ATG, RBS-motif=GGAGG
12:42:17.561 - INFO - CDS - seq=contig_1, start=577502, stop=578758, strand=-, frame=2, truncated=no, start-type=ATG, RBS-motif=AGGAGG
12:42:17.561 - INFO - CDS - seq=contig_1, start=579234, stop=579599, strand=+, frame=3, truncated=no, start-type=ATG, RBS-motif=AGxAGG/AGGxGG
12:42:17.561 - INFO - CDS - seq=contig_1, start=579729, stop=580688, strand=+, frame=3, truncated=no, start-type=ATG, RBS-motif=None
12:42:17.561 - INFO - CDS - seq=contig_1, start=580685, stop=582406, strand=-, frame=2, truncated=no, start-type=ATG, RBS-motif=AGGAG
12:42:17.561 - INFO - CDS - seq=contig_1, start=582465, stop=583148, strand=-, frame=1, truncated=no, start-type=ATG, RBS-motif=GGAG/GAGG
12:42:17.561 - INFO - CDS - seq=contig_1, start=583190, stop=585064, strand=-, frame=2, truncated=no, start-type=ATG, RBS-motif=AGGAG
12:42:17.561 - INFO - CDS - seq=contig_1, start=585089, stop=586036, strand=-, frame=2, truncated=no, start-type=GTG, RBS-motif=None
12:42:17.561 - INFO - CDS - seq=contig_1, start=586135, stop=587850, strand=-, frame=3, truncated=no, start-type=GTG, RBS-motif=GGA/GAG/AGG
12:42:17.561 - INFO - CDS - seq=contig_1, start=587847, stop=588908, strand=-, frame=1, truncated=no, start-type=ATG, RBS-motif=GGxGG
12:42:17.561 - INFO - CDS - seq=contig_1, start=589117, stop=590430, strand=+, frame=1, truncated=no, start-type=ATG, RBS-motif=None
12:42:17.561 - INFO - CDS - seq=contig_1, start=590580, stop=593024, strand=+, frame=3, truncated=no, start-type=GTG, RBS-motif=GGAGG
12:42:17.561 - INFO - CDS - seq=contig_1, start=593065, stop=594552, strand=-, frame=3, truncated=no, start-type=ATG, RBS-motif=GGA/GAG/AGG
12:42:17.561 - INFO - CDS - seq=contig_1, start=594556, stop=595644, strand=-, frame=3, truncated=no, start-type=ATG, RBS-motif=GGAG/GAGG
12:42:17.561 - INFO - CDS - seq=contig_1, start=595657, stop=596190, strand=-, frame=3, truncated=no, start-type=ATG, RBS-motif=GGAG/GAGG
12:42:17.561 - INFO - CDS - seq=contig_1, start=596434, stop=597645, strand=+, frame=1, truncated=no, start-type=ATG, RBS-motif=GGA/GAG/AGG
12:42:17.561 - INFO - CDS - seq=contig_1, start=597689, stop=598348, strand=+, frame=2, truncated=no, start-type=ATG, RBS-motif=None
12:42:17.561 - INFO - CDS - seq=contig_1, start=598422, stop=599603, strand=-, frame=1, truncated=no, start-type=ATG, RBS-motif=AGGAGG
12:42:17.561 - INFO - CDS - seq=contig_1, start=599826, stop=600818, strand=-, frame=1, truncated=no, start-type=ATG, RBS-motif=GGA/GAG/AGG
12:42:17.562 - INFO - CDS - seq=contig_1, start=600923, stop=601636, strand=+, frame=2, truncated=no, start-type=GTG, RBS-motif=GGAGG
12:42:17.562 - INFO - CDS - seq=contig_1, start=601666, stop=602574, strand=+, frame=1, truncated=no, start-type=ATG, RBS-motif=GGAG/GAGG
12:42:17.562 - INFO - CDS - seq=contig_1, start=602636, stop=603841, strand=+, frame=2, truncated=no, start-type=GTG, RBS-motif=None
12:42:17.562 - INFO - CDS - seq=contig_1, start=603894, stop=605879, strand=-, frame=1, truncated=no, start-type=ATG, RBS-motif=AGGAG
12:42:17.562 - INFO - CDS - seq=contig_1, start=605990, stop=606841, strand=-, frame=2, truncated=no, start-type=ATG, RBS-motif=GGAG/GAGG
12:42:17.562 - INFO - CDS - seq=contig_1, start=607012, stop=608148, strand=+, frame=1, truncated=no, start-type=ATG, RBS-motif=None
12:42:17.562 - INFO - CDS - seq=contig_1, start=608145, stop=608552, strand=+, frame=3, truncated=no, start-type=ATG, RBS-motif=AGGA
12:42:17.562 - INFO - CDS - seq=contig_1, start=608549, stop=610585, strand=+, frame=2, truncated=no, start-type=ATG, RBS-motif=None
12:42:17.562 - INFO - CDS - seq=contig_1, start=610467, stop=611684, strand=-, frame=1, truncated=no, start-type=ATG, RBS-motif=GGA/GAG/AGG
12:42:17.562 - INFO - CDS - seq=contig_1, start=611698, stop=613185, strand=-, frame=3, truncated=no, start-type=ATG, RBS-motif=None
12:42:17.562 - INFO - CDS - seq=contig_1, start=613217, stop=613837, strand=-, frame=2, truncated=no, start-type=GTG, RBS-motif=GGAGG
12:42:17.562 - INFO - CDS - seq=contig_1, start=613916, stop=614548, strand=-, frame=2, truncated=no, start-type=GTG, RBS-motif=AGGAGG
12:42:17.562 - INFO - CDS - seq=contig_1, start=614670, stop=616910, strand=-, frame=1, truncated=no, start-type=GTG, RBS-motif=AGGAG
12:42:17.562 - INFO - CDS - seq=contig_1, start=617019, stop=617804, strand=-, frame=1, truncated=no, start-type=GTG, RBS-motif=GGAG/GAGG
12:42:17.562 - INFO - CDS - seq=contig_1, start=617891, stop=618505, strand=-, frame=2, truncated=no, start-type=GTG, RBS-motif=GGxGG
12:42:17.562 - INFO - CDS - seq=contig_1, start=618574, stop=619656, strand=-, frame=3, truncated=no, start-type=ATG, RBS-motif=GGAG/GAGG
12:42:17.562 - INFO - CDS - seq=contig_1, start=619766, stop=621070, strand=-, frame=2, truncated=no, start-type=GTG, RBS-motif=GGAGG
12:42:17.562 - INFO - CDS - seq=contig_1, start=621182, stop=623239, strand=+, frame=2, truncated=no, start-type=ATG, RBS-motif=GGAGG
12:42:17.562 - INFO - CDS - seq=contig_1, start=623302, stop=624408, strand=+, frame=1, truncated=no, start-type=TTG, RBS-motif=GGA/GAG/AGG
12:42:17.562 - INFO - CDS - seq=contig_1, start=624375, stop=626120, strand=+, frame=3, truncated=no, start-type=GTG, RBS-motif=GGAG/GAGG
12:42:17.562 - INFO - CDS - seq=contig_1, start=626133, stop=627014, strand=+, frame=3, truncated=no, start-type=GTG, RBS-motif=AGGAG
12:42:17.562 - INFO - CDS - seq=contig_1, start=627011, stop=627787, strand=+, frame=2, truncated=no, start-type=ATG, RBS-motif=GGA/GAG/AGG
12:42:17.562 - INFO - CDS - seq=contig_1, start=627780, stop=629069, strand=+, frame=3, truncated=no, start-type=ATG, RBS-motif=AGGA
12:42:17.562 - INFO - CDS - seq=contig_1, start=629062, stop=629742, strand=+, frame=1, truncated=no, start-type=ATG, RBS-motif=GGAG/GAGG
12:42:17.562 - INFO - CDS - seq=contig_1, start=629739, stop=631226, strand=+, frame=3, truncated=no, start-type=ATG, RBS-motif=3Base/5BMM
12:42:17.562 - INFO - CDS - seq=contig_1, start=631322, stop=632731, strand=+, frame=2, truncated=no, start-type=ATG, RBS-motif=None
12:42:17.562 - INFO - CDS - seq=contig_1, start=632724, stop=634367, strand=+, frame=3, truncated=no, start-type=GTG, RBS-motif=GGA/GAG/AGG
12:42:17.562 - INFO - CDS - seq=contig_1, start=634456, stop=637092, strand=+, frame=1, truncated=no, start-type=ATG, RBS-motif=GGAG/GAGG
12:42:17.562 - INFO - CDS - seq=contig_1, start=637072, stop=638094, strand=-, frame=3, truncated=no, start-type=ATG, RBS-motif=GGA/GAG/AGG
12:42:17.562 - INFO - CDS - seq=contig_1, start=638182, stop=638448, strand=-, frame=3, truncated=no, start-type=ATG, RBS-motif=AGGA
12:42:17.562 - INFO - CDS - seq=contig_1, start=638493, stop=639527, strand=-, frame=1, truncated=no, start-type=GTG, RBS-motif=AGGA/GGAG/GAGG
12:42:17.562 - INFO - CDS - seq=contig_1, start=639930, stop=640085, strand=-, frame=1, truncated=no, start-type=ATG, RBS-motif=GGA/GAG/AGG
12:42:17.562 - INFO - CDS - seq=contig_1, start=640215, stop=641717, strand=+, frame=3, truncated=no, start-type=GTG, RBS-motif=GGA/GAG/AGG
12:42:17.562 - INFO - CDS - seq=contig_1, start=641768, stop=643687, strand=+, frame=2, truncated=no, start-type=ATG, RBS-motif=GGA/GAG/AGG
12:42:17.562 - INFO - CDS - seq=contig_1, start=643722, stop=644312, strand=-, frame=1, truncated=no, start-type=ATG, RBS-motif=GGxGG
12:42:17.562 - INFO - CDS - seq=contig_1, start=644416, stop=645051, strand=-, frame=3, truncated=no, start-type=ATG, RBS-motif=AGxAGG/AGGxGG
12:42:17.562 - INFO - CDS - seq=contig_1, start=645075, stop=646187, strand=-, frame=1, truncated=no, start-type=ATG, RBS-motif=GGxGG
12:42:17.562 - INFO - CDS - seq=contig_1, start=646295, stop=648415, strand=-, frame=2, truncated=no, start-type=ATG, RBS-motif=None
12:42:17.562 - INFO - CDS - seq=contig_1, start=648396, stop=649049, strand=-, frame=1, truncated=no, start-type=ATG, RBS-motif=AGGAG
12:42:17.562 - INFO - CDS - seq=contig_1, start=649059, stop=650411, strand=-, frame=1, truncated=no, start-type=GTG, RBS-motif=AGxAGG/AGGxGG
12:42:17.562 - INFO - CDS - seq=contig_1, start=650408, stop=651538, strand=-, frame=2, truncated=no, start-type=ATG, RBS-motif=GGA/GAG/AGG
12:42:17.562 - INFO - CDS - seq=contig_1, start=651535, stop=652398, strand=-, frame=3, truncated=no, start-type=ATG, RBS-motif=GGxGG
12:42:17.562 - INFO - CDS - seq=contig_1, start=652395, stop=653081, strand=-, frame=1, truncated=no, start-type=GTG, RBS-motif=GGA/GAG/AGG
12:42:17.562 - INFO - CDS - seq=contig_1, start=653087, stop=653638, strand=-, frame=2, truncated=no, start-type=ATG, RBS-motif=GGAG/GAGG
12:42:17.562 - INFO - CDS - seq=contig_1, start=653742, stop=654614, strand=-, frame=1, truncated=no, start-type=ATG, RBS-motif=AGGAGG
12:42:17.562 - INFO - CDS - seq=contig_1, start=654705, stop=655580, strand=-, frame=1, truncated=no, start-type=ATG, RBS-motif=GGAGG
12:42:17.562 - INFO - CDS - seq=contig_1, start=655945, stop=656673, strand=-, frame=3, truncated=no, start-type=ATG, RBS-motif=AGGAGG
12:42:17.562 - INFO - CDS - seq=contig_1, start=656937, stop=658724, strand=+, frame=3, truncated=no, start-type=ATG, RBS-motif=None
12:42:17.562 - INFO - CDS - seq=contig_1, start=658734, stop=660815, strand=+, frame=3, truncated=no, start-type=ATG, RBS-motif=AGGA
12:42:17.562 - INFO - CDS - seq=contig_1, start=660957, stop=661736, strand=+, frame=3, truncated=no, start-type=ATG, RBS-motif=AGGAG
12:42:17.563 - INFO - CDS - seq=contig_1, start=661817, stop=663256, strand=+, frame=2, truncated=no, start-type=ATG, RBS-motif=GGAG/GAGG
12:42:17.563 - INFO - CDS - seq=contig_1, start=663283, stop=664431, strand=+, frame=1, truncated=no, start-type=ATG, RBS-motif=AGGA/GGAG/GAGG
12:42:17.563 - INFO - CDS - seq=contig_1, start=664428, stop=665642, strand=+, frame=3, truncated=no, start-type=ATG, RBS-motif=AGGA
12:42:17.563 - INFO - CDS - seq=contig_1, start=665693, stop=666136, strand=+, frame=2, truncated=no, start-type=ATG, RBS-motif=AGGAG
12:42:17.563 - INFO - CDS - seq=contig_1, start=666133, stop=666921, strand=+, frame=1, truncated=no, start-type=GTG, RBS-motif=AGGA
12:42:17.563 - INFO - CDS - seq=contig_1, start=666946, stop=667650, strand=-, frame=3, truncated=no, start-type=ATG, RBS-motif=GGA/GAG/AGG
12:42:17.563 - INFO - CDS - seq=contig_1, start=667816, stop=669528, strand=-, frame=3, truncated=no, start-type=GTG, RBS-motif=AGGA/GGAG/GAGG
12:42:17.563 - INFO - CDS - seq=contig_1, start=669701, stop=669997, strand=+, frame=2, truncated=no, start-type=GTG, RBS-motif=GGA/GAG/AGG
12:42:17.563 - INFO - CDS - seq=contig_1, start=670144, stop=671925, strand=-, frame=3, truncated=no, start-type=ATG, RBS-motif=3Base/5BMM
12:42:17.563 - INFO - CDS - seq=contig_1, start=672089, stop=673681, strand=+, frame=2, truncated=no, start-type=ATG, RBS-motif=None
12:42:17.563 - INFO - CDS - seq=contig_1, start=673685, stop=675112, strand=+, frame=2, truncated=no, start-type=ATG, RBS-motif=GGA/GAG/AGG
12:42:17.563 - INFO - CDS - seq=contig_1, start=675226, stop=675864, strand=+, frame=1, truncated=no, start-type=ATG, RBS-motif=AGGAG
12:42:17.563 - INFO - CDS - seq=contig_1, start=675861, stop=677036, strand=+, frame=3, truncated=no, start-type=ATG, RBS-motif=AGxAG
12:42:17.563 - INFO - CDS - seq=contig_1, start=677033, stop=680176, strand=+, frame=2, truncated=no, start-type=GTG, RBS-motif=AGGA
12:42:17.563 - INFO - CDS - seq=contig_1, start=680173, stop=681654, strand=+, frame=1, truncated=no, start-type=ATG, RBS-motif=AGxAGG/AGGxGG
12:42:17.563 - INFO - CDS - seq=contig_1, start=681838, stop=682650, strand=+, frame=1, truncated=no, start-type=ATG, RBS-motif=AGGAG(G)/GGAGG
12:42:17.563 - INFO - CDS - seq=contig_1, start=682889, stop=683731, strand=+, frame=2, truncated=no, start-type=ATG, RBS-motif=AGxAGG/AGGxGG
12:42:17.563 - INFO - CDS - seq=contig_1, start=683716, stop=684990, strand=+, frame=1, truncated=no, start-type=ATG, RBS-motif=GGA/GAG/AGG
12:42:17.563 - INFO - CDS - seq=contig_1, start=685095, stop=686108, strand=+, frame=3, truncated=no, start-type=ATG, RBS-motif=None
12:42:17.563 - INFO - CDS - seq=contig_1, start=686249, stop=687124, strand=+, frame=2, truncated=no, start-type=ATG, RBS-motif=None
12:42:17.563 - INFO - CDS - seq=contig_1, start=687243, stop=689714, strand=+, frame=3, truncated=no, start-type=ATG, RBS-motif=None
12:42:17.563 - INFO - CDS - seq=contig_1, start=689749, stop=690519, strand=-, frame=3, truncated=no, start-type=ATG, RBS-motif=None
12:42:17.563 - INFO - CDS - seq=contig_1, start=690557, stop=691507, strand=-, frame=2, truncated=no, start-type=ATG, RBS-motif=None
12:42:17.563 - INFO - CDS - seq=contig_1, start=691731, stop=692165, strand=-, frame=1, truncated=no, start-type=GTG, RBS-motif=GGxGG
12:42:17.563 - INFO - CDS - seq=contig_1, start=692185, stop=692391, strand=-, frame=3, truncated=no, start-type=GTG, RBS-motif=GGxGG
12:42:17.563 - INFO - CDS - seq=contig_1, start=692585, stop=694549, strand=+, frame=2, truncated=no, start-type=GTG, RBS-motif=AGGA/GGAG/GAGG
12:42:17.563 - INFO - CDS - seq=contig_1, start=694573, stop=696417, strand=+, frame=1, truncated=no, start-type=ATG, RBS-motif=GGAG/GAGG
12:42:17.563 - INFO - CDS - seq=contig_1, start=696435, stop=697838, strand=-, frame=1, truncated=no, start-type=ATG, RBS-motif=GGAG/GAGG
12:42:17.563 - INFO - CDS - seq=contig_1, start=697904, stop=699664, strand=+, frame=2, truncated=no, start-type=ATG, RBS-motif=GGAG/GAGG
12:42:17.563 - INFO - CDS - seq=contig_1, start=699661, stop=700308, strand=+, frame=1, truncated=no, start-type=ATG, RBS-motif=None
12:42:17.563 - INFO - CDS - seq=contig_1, start=700305, stop=701891, strand=-, frame=1, truncated=no, start-type=ATG, RBS-motif=AGGA
12:42:17.563 - INFO - CDS - seq=contig_1, start=702157, stop=703299, strand=-, frame=3, truncated=no, start-type=ATG, RBS-motif=None
12:42:17.563 - INFO - CDS - seq=contig_1, start=703391, stop=704671, strand=-, frame=2, truncated=no, start-type=GTG, RBS-motif=GGAG/GAGG
12:42:17.563 - INFO - CDS - seq=contig_1, start=704721, stop=706697, strand=-, frame=1, truncated=no, start-type=ATG, RBS-motif=GGA/GAG/AGG
12:42:17.563 - INFO - CDS - seq=contig_1, start=706714, stop=707511, strand=-, frame=3, truncated=no, start-type=ATG, RBS-motif=None
12:42:17.563 - INFO - CDS - seq=contig_1, start=707499, stop=707981, strand=-, frame=1, truncated=no, start-type=ATG, RBS-motif=AGGAG
12:42:17.563 - INFO - CDS - seq=contig_1, start=707987, stop=710536, strand=-, frame=2, truncated=no, start-type=ATG, RBS-motif=3Base/5BMM
12:42:17.563 - INFO - CDS - seq=contig_1, start=710594, stop=711721, strand=+, frame=2, truncated=no, start-type=GTG, RBS-motif=AGGAG/GGAGG
12:42:17.563 - INFO - CDS - seq=contig_1, start=711718, stop=712617, strand=+, frame=1, truncated=no, start-type=GTG, RBS-motif=GGAG/GAGG
12:42:17.563 - INFO - CDS - seq=contig_1, start=712610, stop=713428, strand=+, frame=2, truncated=no, start-type=ATG, RBS-motif=AGGAG/GGAGG
12:42:17.563 - INFO - CDS - seq=contig_1, start=713464, stop=714510, strand=+, frame=1, truncated=no, start-type=ATG, RBS-motif=AGGAG
12:42:17.563 - INFO - CDS - seq=contig_1, start=714565, stop=714786, strand=-, frame=3, truncated=no, start-type=ATG, RBS-motif=GGA/GAG/AGG
12:42:17.563 - INFO - CDS - seq=contig_1, start=714780, stop=715232, strand=-, frame=1, truncated=no, start-type=ATG, RBS-motif=AGGAG
12:42:17.563 - INFO - CDS - seq=contig_1, start=715251, stop=716501, strand=-, frame=1, truncated=no, start-type=ATG, RBS-motif=GGAG/GAGG
12:42:17.563 - INFO - CDS - seq=contig_1, start=716535, stop=718412, strand=-, frame=1, truncated=no, start-type=ATG, RBS-motif=GGAG/GAGG
12:42:17.563 - INFO - CDS - seq=contig_1, start=718518, stop=719030, strand=-, frame=1, truncated=no, start-type=ATG, RBS-motif=GGAG/GAGG
12:42:17.563 - INFO - CDS - seq=contig_1, start=719153, stop=720151, strand=-, frame=2, truncated=no, start-type=ATG, RBS-motif=AGxAGG/AGGxGG
12:42:17.563 - INFO - CDS - seq=contig_1, start=720418, stop=721146, strand=+, frame=1, truncated=no, start-type=ATG, RBS-motif=AGGAG
12:42:17.563 - INFO - CDS - seq=contig_1, start=721143, stop=721868, strand=+, frame=3, truncated=no, start-type=ATG, RBS-motif=AGGAG
12:42:17.563 - INFO - CDS - seq=contig_1, start=721886, stop=722641, strand=-, frame=2, truncated=no, start-type=ATG, RBS-motif=None
12:42:17.564 - INFO - CDS - seq=contig_1, start=722638, stop=722814, strand=-, frame=3, truncated=no, start-type=ATG, RBS-motif=AGGAG
12:42:17.564 - INFO - CDS - seq=contig_1, start=722975, stop=724630, strand=-, frame=2, truncated=no, start-type=ATG, RBS-motif=GGAG/GAGG
12:42:17.564 - INFO - CDS - seq=contig_1, start=724873, stop=725475, strand=-, frame=3, truncated=no, start-type=ATG, RBS-motif=AGGAG
12:42:17.564 - INFO - CDS - seq=contig_1, start=725472, stop=728984, strand=-, frame=1, truncated=no, start-type=ATG, RBS-motif=None
12:42:17.564 - INFO - CDS - seq=contig_1, start=729139, stop=730326, strand=-, frame=3, truncated=no, start-type=GTG, RBS-motif=AGGAG
12:42:17.564 - INFO - CDS - seq=contig_1, start=730331, stop=731332, strand=-, frame=2, truncated=no, start-type=ATG, RBS-motif=AGGAG
12:42:17.564 - INFO - CDS - seq=contig_1, start=731396, stop=732871, strand=-, frame=2, truncated=no, start-type=GTG, RBS-motif=AGGA/GGAG/GAGG
12:42:17.564 - INFO - CDS - seq=contig_1, start=732919, stop=734622, strand=-, frame=3, truncated=no, start-type=GTG, RBS-motif=GGAGG
12:42:17.564 - INFO - CDS - seq=contig_1, start=734709, stop=735317, strand=+, frame=3, truncated=no, start-type=ATG, RBS-motif=3Base/5BMM
12:42:17.564 - INFO - CDS - seq=contig_1, start=735281, stop=736321, strand=+, frame=2, truncated=no, start-type=GTG, RBS-motif=GGA/GAG/AGG
12:42:17.564 - INFO - CDS - seq=contig_1, start=736333, stop=736611, strand=-, frame=3, truncated=no, start-type=ATG, RBS-motif=GGAGG
12:42:17.564 - INFO - CDS - seq=contig_1, start=736633, stop=737241, strand=-, frame=3, truncated=no, start-type=ATG, RBS-motif=AGxAG
12:42:17.564 - INFO - CDS - seq=contig_1, start=737495, stop=738418, strand=+, frame=2, truncated=no, start-type=ATG, RBS-motif=GGA/GAG/AGG
12:42:17.564 - INFO - CDS - seq=contig_1, start=738415, stop=738732, strand=+, frame=1, truncated=no, start-type=ATG, RBS-motif=AGGA
12:42:17.564 - INFO - CDS - seq=contig_1, start=738773, stop=739831, strand=-, frame=2, truncated=no, start-type=GTG, RBS-motif=GGAGG
12:42:17.564 - INFO - CDS - seq=contig_1, start=739882, stop=741015, strand=-, frame=3, truncated=no, start-type=GTG, RBS-motif=GGA/GAG/AGG
12:42:17.564 - INFO - CDS - seq=contig_1, start=741044, stop=741646, strand=-, frame=2, truncated=no, start-type=GTG, RBS-motif=GGA/GAG/AGG
12:42:17.564 - INFO - CDS - seq=contig_1, start=741700, stop=742833, strand=+, frame=1, truncated=no, start-type=GTG, RBS-motif=None
12:42:17.564 - INFO - CDS - seq=contig_1, start=743126, stop=744337, strand=+, frame=2, truncated=no, start-type=ATG, RBS-motif=AGGAGG
12:42:17.564 - INFO - CDS - seq=contig_1, start=744457, stop=745947, strand=+, frame=1, truncated=no, start-type=ATG, RBS-motif=AGGAG/GGAGG
12:42:17.564 - INFO - CDS - seq=contig_1, start=745962, stop=747557, strand=+, frame=3, truncated=no, start-type=ATG, RBS-motif=GGAGG
12:42:17.564 - INFO - CDS - seq=contig_1, start=747685, stop=749745, strand=-, frame=3, truncated=no, start-type=ATG, RBS-motif=None
12:42:17.564 - INFO - CDS - seq=contig_1, start=749801, stop=750793, strand=-, frame=2, truncated=no, start-type=ATG, RBS-motif=AGGAG
12:42:17.564 - INFO - CDS - seq=contig_1, start=750815, stop=752197, strand=-, frame=2, truncated=no, start-type=ATG, RBS-motif=AGGAG/GGAGG
12:42:17.564 - INFO - CDS - seq=contig_1, start=752233, stop=752814, strand=-, frame=3, truncated=no, start-type=ATG, RBS-motif=AGGA
12:42:17.564 - INFO - CDS - seq=contig_1, start=752807, stop=753565, strand=-, frame=2, truncated=no, start-type=ATG, RBS-motif=GGA/GAG/AGG
12:42:17.564 - INFO - CDS - seq=contig_1, start=753593, stop=754816, strand=-, frame=2, truncated=no, start-type=GTG, RBS-motif=GGAGG
12:42:17.564 - INFO - CDS - seq=contig_1, start=755077, stop=756399, strand=-, frame=3, truncated=no, start-type=ATG, RBS-motif=AGGA/GGAG/GAGG
12:42:17.564 - INFO - CDS - seq=contig_1, start=756559, stop=757236, strand=+, frame=1, truncated=no, start-type=ATG, RBS-motif=None
12:42:17.564 - INFO - CDS - seq=contig_1, start=757324, stop=759117, strand=+, frame=1, truncated=no, start-type=GTG, RBS-motif=AGGAGG
12:42:17.564 - INFO - CDS - seq=contig_1, start=759105, stop=759923, strand=-, frame=1, truncated=no, start-type=TTG, RBS-motif=GGA/GAG/AGG
12:42:17.564 - INFO - CDS - seq=contig_1, start=760003, stop=760638, strand=-, frame=3, truncated=no, start-type=ATG, RBS-motif=GGA/GAG/AGG
12:42:17.564 - INFO - CDS - seq=contig_1, start=760642, stop=761100, strand=-, frame=3, truncated=no, start-type=GTG, RBS-motif=GGA/GAG/AGG
12:42:17.564 - INFO - CDS - seq=contig_1, start=761314, stop=761706, strand=-, frame=3, truncated=no, start-type=ATG, RBS-motif=GGAGG
12:42:17.564 - INFO - CDS - seq=contig_1, start=761844, stop=762047, strand=-, frame=1, truncated=no, start-type=ATG, RBS-motif=None
12:42:17.564 - INFO - CDS - seq=contig_1, start=762218, stop=763450, strand=-, frame=2, truncated=no, start-type=ATG, RBS-motif=GGAGG
12:42:17.564 - INFO - CDS - seq=contig_1, start=763450, stop=765744, strand=-, frame=3, truncated=no, start-type=GTG, RBS-motif=AGGA/GGAG/GAGG
12:42:17.564 - INFO - CDS - seq=contig_1, start=765713, stop=768367, strand=-, frame=2, truncated=no, start-type=ATG, RBS-motif=None
12:42:17.564 - INFO - CDS - seq=contig_1, start=768664, stop=769704, strand=-, frame=3, truncated=no, start-type=GTG, RBS-motif=AGxAGG/AGGxGG
12:42:17.564 - INFO - CDS - seq=contig_1, start=769652, stop=770029, strand=-, frame=2, truncated=no, start-type=ATG, RBS-motif=GGAGG
12:42:17.564 - INFO - CDS - seq=contig_1, start=770196, stop=770711, strand=+, frame=3, truncated=no, start-type=GTG, RBS-motif=None
12:42:17.564 - INFO - CDS - seq=contig_1, start=770767, stop=771555, strand=+, frame=1, truncated=no, start-type=ATG, RBS-motif=GGAG/GAGG
12:42:17.564 - INFO - CDS - seq=contig_1, start=771564, stop=773534, strand=+, frame=3, truncated=no, start-type=ATG, RBS-motif=None
12:42:17.564 - INFO - CDS - seq=contig_1, start=773571, stop=774146, strand=+, frame=3, truncated=no, start-type=ATG, RBS-motif=GGAG/GAGG
12:42:17.564 - INFO - CDS - seq=contig_1, start=774161, stop=775075, strand=-, frame=2, truncated=no, start-type=ATG, RBS-motif=AGGAG(G)/GGAGG
12:42:17.564 - INFO - CDS - seq=contig_1, start=775047, stop=776360, strand=-, frame=1, truncated=no, start-type=GTG, RBS-motif=GGAGG
12:42:17.564 - INFO - CDS - seq=contig_1, start=776395, stop=778518, strand=-, frame=3, truncated=no, start-type=ATG, RBS-motif=AGGA/GGAG/GAGG
12:42:17.564 - INFO - CDS - seq=contig_1, start=778527, stop=779657, strand=-, frame=1, truncated=no, start-type=ATG, RBS-motif=GGA/GAG/AGG
12:42:17.564 - INFO - CDS - seq=contig_1, start=779654, stop=780451, strand=-, frame=2, truncated=no, start-type=ATG, RBS-motif=GGA/GAG/AGG
12:42:17.564 - INFO - CDS - seq=contig_1, start=780464, stop=780745, strand=-, frame=2, truncated=no, start-type=ATG, RBS-motif=GGAG/GAGG
12:42:17.564 - INFO - CDS - seq=contig_1, start=780767, stop=781582, strand=-, frame=2, truncated=no, start-type=GTG, RBS-motif=AGGA
12:42:17.565 - INFO - CDS - seq=contig_1, start=781579, stop=782349, strand=-, frame=3, truncated=no, start-type=GTG, RBS-motif=None
12:42:17.565 - INFO - CDS - seq=contig_1, start=782303, stop=783349, strand=-, frame=2, truncated=no, start-type=ATG, RBS-motif=AGGAGG
12:42:17.565 - INFO - CDS - seq=contig_1, start=783342, stop=784376, strand=-, frame=1, truncated=no, start-type=ATG, RBS-motif=None
12:42:17.565 - INFO - CDS - seq=contig_1, start=784398, stop=784946, strand=-, frame=1, truncated=no, start-type=ATG, RBS-motif=GGAGG
12:42:17.565 - INFO - CDS - seq=contig_1, start=784925, stop=785056, strand=-, frame=2, truncated=no, start-type=ATG, RBS-motif=GGAG/GAGG
12:42:17.565 - INFO - CDS - seq=contig_1, start=785056, stop=785772, strand=-, frame=3, truncated=no, start-type=ATG, RBS-motif=AGGA
12:42:17.565 - INFO - CDS - seq=contig_1, start=785778, stop=786557, strand=-, frame=1, truncated=no, start-type=ATG, RBS-motif=GGxGG
12:42:17.565 - INFO - CDS - seq=contig_1, start=786573, stop=786770, strand=-, frame=1, truncated=no, start-type=ATG, RBS-motif=GGA/GAG/AGG
12:42:17.565 - INFO - CDS - seq=contig_1, start=786828, stop=788219, strand=-, frame=1, truncated=no, start-type=ATG, RBS-motif=AGGAG/GGAGG
12:42:17.565 - INFO - CDS - seq=contig_1, start=788290, stop=788751, strand=-, frame=3, truncated=no, start-type=ATG, RBS-motif=AGGAGG
12:42:17.565 - INFO - CDS - seq=contig_1, start=788829, stop=790472, strand=-, frame=1, truncated=no, start-type=ATG, RBS-motif=GGxGG
12:42:17.565 - INFO - CDS - seq=contig_1, start=790687, stop=791538, strand=+, frame=1, truncated=no, start-type=ATG, RBS-motif=None
12:42:17.565 - INFO - CDS - seq=contig_1, start=791612, stop=792232, strand=+, frame=2, truncated=no, start-type=ATG, RBS-motif=GGA/GAG/AGG
12:42:17.565 - INFO - CDS - seq=contig_1, start=792234, stop=793259, strand=-, frame=1, truncated=no, start-type=GTG, RBS-motif=GGA/GAG/AGG
12:42:17.565 - INFO - CDS - seq=contig_1, start=793277, stop=793915, strand=+, frame=2, truncated=no, start-type=ATG, RBS-motif=None
12:42:17.565 - INFO - CDS - seq=contig_1, start=793948, stop=794649, strand=-, frame=3, truncated=no, start-type=ATG, RBS-motif=GGAGG
12:42:17.565 - INFO - CDS - seq=contig_1, start=794731, stop=796137, strand=-, frame=3, truncated=no, start-type=ATG, RBS-motif=GGA/GAG/AGG
12:42:17.565 - INFO - CDS - seq=contig_1, start=796289, stop=797131, strand=-, frame=2, truncated=no, start-type=GTG, RBS-motif=AGGAGG
12:42:17.565 - INFO - CDS - seq=contig_1, start=797365, stop=798675, strand=+, frame=1, truncated=no, start-type=ATG, RBS-motif=GGAGG
12:42:17.565 - INFO - CDS - seq=contig_1, start=798721, stop=799056, strand=-, frame=3, truncated=no, start-type=GTG, RBS-motif=GGAGG
12:42:17.565 - INFO - CDS - seq=contig_1, start=799053, stop=800249, strand=-, frame=1, truncated=no, start-type=ATG, RBS-motif=GGAG/GAGG
12:42:17.565 - INFO - CDS - seq=contig_1, start=800323, stop=801036, strand=-, frame=3, truncated=no, start-type=GTG, RBS-motif=3Base/5BMM
12:42:17.565 - INFO - CDS - seq=contig_1, start=801017, stop=801631, strand=-, frame=2, truncated=no, start-type=ATG, RBS-motif=None
12:42:17.565 - INFO - CDS - seq=contig_1, start=801628, stop=802758, strand=-, frame=3, truncated=no, start-type=ATG, RBS-motif=GGA/GAG/AGG
12:42:17.565 - INFO - CDS - seq=contig_1, start=802877, stop=803140, strand=-, frame=2, truncated=no, start-type=ATG, RBS-motif=GGxGG
12:42:17.565 - INFO - CDS - seq=contig_1, start=803170, stop=803496, strand=-, frame=3, truncated=no, start-type=GTG, RBS-motif=GGA/GAG/AGG
12:42:17.565 - INFO - CDS - seq=contig_1, start=803509, stop=803826, strand=-, frame=3, truncated=no, start-type=GTG, RBS-motif=GGAGG
12:42:17.565 - INFO - CDS - seq=contig_1, start=803933, stop=806638, strand=-, frame=2, truncated=no, start-type=ATG, RBS-motif=AGGAG
12:42:17.565 - INFO - CDS - seq=contig_1, start=806648, stop=807682, strand=-, frame=2, truncated=no, start-type=GTG, RBS-motif=AGGAG
12:42:17.565 - INFO - CDS - seq=contig_1, start=807771, stop=809807, strand=-, frame=1, truncated=no, start-type=ATG, RBS-motif=AGGAG
12:42:17.565 - INFO - CDS - seq=contig_1, start=809976, stop=810647, strand=+, frame=3, truncated=no, start-type=ATG, RBS-motif=GGAG/GAGG
12:42:17.565 - INFO - CDS - seq=contig_1, start=810684, stop=811397, strand=+, frame=3, truncated=no, start-type=GTG, RBS-motif=AGGA
12:42:17.565 - INFO - CDS - seq=contig_1, start=811535, stop=812650, strand=-, frame=2, truncated=no, start-type=ATG, RBS-motif=None
12:42:17.565 - INFO - CDS - seq=contig_1, start=812758, stop=813042, strand=-, frame=3, truncated=no, start-type=ATG, RBS-motif=AGGAG
12:42:17.565 - INFO - CDS - seq=contig_1, start=813039, stop=814376, strand=-, frame=1, truncated=no, start-type=ATG, RBS-motif=None
12:42:17.565 - INFO - CDS - seq=contig_1, start=814451, stop=815140, strand=-, frame=2, truncated=no, start-type=GTG, RBS-motif=None
12:42:17.565 - INFO - CDS - seq=contig_1, start=815193, stop=816152, strand=-, frame=1, truncated=no, start-type=ATG, RBS-motif=3Base/5BMM
12:42:17.565 - INFO - CDS - seq=contig_1, start=816156, stop=816644, strand=-, frame=1, truncated=no, start-type=GTG, RBS-motif=GGA/GAG/AGG
12:42:17.565 - INFO - CDS - seq=contig_1, start=816685, stop=816894, strand=-, frame=3, truncated=no, start-type=GTG, RBS-motif=GGAGG
12:42:17.565 - INFO - CDS - seq=contig_1, start=817182, stop=819047, strand=+, frame=3, truncated=no, start-type=GTG, RBS-motif=AGGAG/GGAGG
12:42:17.565 - INFO - CDS - seq=contig_1, start=819028, stop=819906, strand=+, frame=1, truncated=no, start-type=TTG, RBS-motif=AGGA
12:42:17.565 - INFO - CDS - seq=contig_1, start=819966, stop=821117, strand=+, frame=3, truncated=no, start-type=GTG, RBS-motif=None
12:42:17.565 - INFO - CDS - seq=contig_1, start=821179, stop=822012, strand=-, frame=3, truncated=no, start-type=ATG, RBS-motif=AGGAG
12:42:17.565 - INFO - CDS - seq=contig_1, start=822079, stop=823254, strand=+, frame=1, truncated=no, start-type=GTG, RBS-motif=GGxGG
12:42:17.565 - INFO - CDS - seq=contig_1, start=823236, stop=825263, strand=-, frame=1, truncated=no, start-type=ATG, RBS-motif=AGGA/GGAG/GAGG
12:42:17.565 - INFO - CDS - seq=contig_1, start=825468, stop=826349, strand=+, frame=3, truncated=no, start-type=ATG, RBS-motif=None
12:42:17.565 - INFO - CDS - seq=contig_1, start=826554, stop=828641, strand=+, frame=3, truncated=no, start-type=ATG, RBS-motif=AGxAGG/AGGxGG
12:42:17.565 - INFO - CDS - seq=contig_1, start=828780, stop=829817, strand=+, frame=3, truncated=no, start-type=ATG, RBS-motif=GGAGG
12:42:17.565 - INFO - CDS - seq=contig_1, start=829814, stop=830791, strand=+, frame=2, truncated=no, start-type=ATG, RBS-motif=AGGAG
12:42:17.565 - INFO - CDS - seq=contig_1, start=830965, stop=832779, strand=+, frame=1, truncated=no, start-type=ATG, RBS-motif=None
12:42:17.565 - INFO - CDS - seq=contig_1, start=832804, stop=834465, strand=-, frame=3, truncated=no, start-type=ATG, RBS-motif=GGxGG
12:42:17.566 - INFO - CDS - seq=contig_1, start=834631, stop=835413, strand=+, frame=1, truncated=no, start-type=ATG, RBS-motif=AGGA
12:42:17.566 - INFO - CDS - seq=contig_1, start=835455, stop=836687, strand=-, frame=1, truncated=no, start-type=ATG, RBS-motif=GGA/GAG/AGG
12:42:17.566 - INFO - CDS - seq=contig_1, start=836996, stop=837670, strand=+, frame=2, truncated=no, start-type=ATG, RBS-motif=GGA/GAG/AGG
12:42:17.566 - INFO - CDS - seq=contig_1, start=837750, stop=838385, strand=+, frame=3, truncated=no, start-type=ATG, RBS-motif=None
12:42:17.566 - INFO - CDS - seq=contig_1, start=838310, stop=838465, strand=-, frame=2, truncated=no, start-type=GTG, RBS-motif=None
12:42:17.566 - INFO - CDS - seq=contig_1, start=838462, stop=839238, strand=-, frame=3, truncated=no, start-type=GTG, RBS-motif=GGA/GAG/AGG
12:42:17.566 - INFO - CDS - seq=contig_1, start=839289, stop=839513, strand=-, frame=1, truncated=no, start-type=ATG, RBS-motif=GGAG/GAGG
12:42:17.566 - INFO - CDS - seq=contig_1, start=839582, stop=840490, strand=-, frame=2, truncated=no, start-type=ATG, RBS-motif=AGGAG
12:42:17.566 - INFO - CDS - seq=contig_1, start=840490, stop=841134, strand=-, frame=3, truncated=no, start-type=GTG, RBS-motif=GGAGG
12:42:17.566 - INFO - CDS - seq=contig_1, start=841181, stop=843205, strand=-, frame=2, truncated=no, start-type=GTG, RBS-motif=AGxAGG/AGGxGG
12:42:17.566 - INFO - CDS - seq=contig_1, start=843257, stop=844207, strand=-, frame=2, truncated=no, start-type=GTG, RBS-motif=AGxAGG/AGGxGG
12:42:17.566 - INFO - CDS - seq=contig_1, start=844236, stop=845345, strand=-, frame=1, truncated=no, start-type=ATG, RBS-motif=3Base/5BMM
12:42:17.566 - INFO - CDS - seq=contig_1, start=845349, stop=845519, strand=+, frame=3, truncated=no, start-type=ATG, RBS-motif=GGAG/GAGG
12:42:17.566 - INFO - CDS - seq=contig_1, start=845535, stop=846134, strand=+, frame=3, truncated=no, start-type=GTG, RBS-motif=AGGAG
12:42:17.566 - INFO - CDS - seq=contig_1, start=846131, stop=846817, strand=+, frame=2, truncated=no, start-type=ATG, RBS-motif=None
12:42:17.566 - INFO - CDS - seq=contig_1, start=846947, stop=847660, strand=+, frame=2, truncated=no, start-type=GTG, RBS-motif=AGGA/GGAG/GAGG
12:42:17.566 - INFO - CDS - seq=contig_1, start=847707, stop=848099, strand=-, frame=1, truncated=no, start-type=GTG, RBS-motif=GGA/GAG/AGG
12:42:17.566 - INFO - CDS - seq=contig_1, start=848208, stop=849098, strand=+, frame=3, truncated=no, start-type=ATG, RBS-motif=GGA/GAG/AGG
12:42:17.566 - INFO - CDS - seq=contig_1, start=849111, stop=849887, strand=-, frame=1, truncated=no, start-type=ATG, RBS-motif=GGAGG
12:42:17.566 - INFO - CDS - seq=contig_1, start=849906, stop=852557, strand=-, frame=1, truncated=no, start-type=ATG, RBS-motif=GGA/GAG/AGG
12:42:17.566 - INFO - CDS - seq=contig_1, start=852946, stop=853806, strand=+, frame=1, truncated=no, start-type=ATG, RBS-motif=AGGAG
12:42:17.566 - INFO - CDS - seq=contig_1, start=853885, stop=855504, strand=+, frame=1, truncated=no, start-type=GTG, RBS-motif=None
12:42:17.566 - INFO - CDS - seq=contig_1, start=855541, stop=856731, strand=-, frame=3, truncated=no, start-type=ATG, RBS-motif=AGGAG
12:42:17.566 - INFO - CDS - seq=contig_1, start=856934, stop=857938, strand=-, frame=2, truncated=no, start-type=GTG, RBS-motif=GGxGG
12:42:17.566 - INFO - CDS - seq=contig_1, start=858083, stop=858874, strand=-, frame=2, truncated=no, start-type=ATG, RBS-motif=AGxAGG/AGGxGG
12:42:17.566 - INFO - CDS - seq=contig_1, start=858925, stop=861360, strand=-, frame=3, truncated=no, start-type=ATG, RBS-motif=AGxAGG/AGGxGG
12:42:17.566 - INFO - CDS - seq=contig_1, start=861757, stop=863160, strand=+, frame=1, truncated=no, start-type=GTG, RBS-motif=None
12:42:17.566 - INFO - CDS - seq=contig_1, start=863221, stop=863373, strand=-, frame=3, truncated=no, start-type=ATG, RBS-motif=AGxAGG/AGGxGG
12:42:17.566 - INFO - CDS - seq=contig_1, start=863333, stop=865651, strand=-, frame=2, truncated=no, start-type=ATG, RBS-motif=GGAG/GAGG
12:42:17.566 - INFO - CDS - seq=contig_1, start=866040, stop=867248, strand=+, frame=3, truncated=no, start-type=ATG, RBS-motif=None
12:42:17.566 - INFO - CDS - seq=contig_1, start=867326, stop=868489, strand=+, frame=2, truncated=no, start-type=ATG, RBS-motif=AGGA/GGAG/GAGG
12:42:17.566 - INFO - CDS - seq=contig_1, start=868514, stop=870616, strand=-, frame=2, truncated=no, start-type=ATG, RBS-motif=GGA/GAG/AGG
12:42:17.566 - INFO - CDS - seq=contig_1, start=870616, stop=872079, strand=-, frame=3, truncated=no, start-type=ATG, RBS-motif=GGxGG
12:42:17.566 - INFO - CDS - seq=contig_1, start=872238, stop=872426, strand=+, frame=3, truncated=no, start-type=ATG, RBS-motif=AGGAG
12:42:17.566 - INFO - CDS - seq=contig_1, start=872487, stop=872723, strand=+, frame=3, truncated=no, start-type=GTG, RBS-motif=AGGAGG
12:42:17.566 - INFO - CDS - seq=contig_1, start=872720, stop=873484, strand=+, frame=2, truncated=no, start-type=ATG, RBS-motif=None
12:42:17.566 - INFO - CDS - seq=contig_1, start=873515, stop=874426, strand=+, frame=2, truncated=no, start-type=TTG, RBS-motif=AGGA
12:42:17.566 - INFO - CDS - seq=contig_1, start=874621, stop=876072, strand=+, frame=1, truncated=no, start-type=ATG, RBS-motif=None
12:42:17.566 - INFO - CDS - seq=contig_1, start=876296, stop=877318, strand=-, frame=2, truncated=no, start-type=ATG, RBS-motif=None
12:42:17.566 - INFO - CDS - seq=contig_1, start=877541, stop=878464, strand=+, frame=2, truncated=no, start-type=ATG, RBS-motif=None
12:42:17.566 - INFO - CDS - seq=contig_1, start=878658, stop=879569, strand=+, frame=3, truncated=no, start-type=ATG, RBS-motif=AGGAG/GGAGG
12:42:17.566 - INFO - CDS - seq=contig_1, start=879641, stop=880285, strand=-, frame=2, truncated=no, start-type=ATG, RBS-motif=None
12:42:17.566 - INFO - CDS - seq=contig_1, start=880444, stop=881742, strand=-, frame=3, truncated=no, start-type=GTG, RBS-motif=AGGAGG
12:42:17.566 - INFO - CDS - seq=contig_1, start=881916, stop=882842, strand=-, frame=1, truncated=no, start-type=ATG, RBS-motif=GGA/GAG/AGG
12:42:17.566 - INFO - CDS - seq=contig_1, start=882876, stop=883637, strand=-, frame=1, truncated=no, start-type=GTG, RBS-motif=AGxAGG/AGGxGG
12:42:17.566 - INFO - CDS - seq=contig_1, start=883742, stop=884548, strand=-, frame=2, truncated=no, start-type=ATG, RBS-motif=GGAGG
12:42:17.567 - INFO - CDS - seq=contig_1, start=884629, stop=885570, strand=-, frame=3, truncated=no, start-type=GTG, RBS-motif=AGGAG
12:42:17.567 - INFO - CDS - seq=contig_1, start=885620, stop=886006, strand=-, frame=2, truncated=no, start-type=ATG, RBS-motif=AGGAG
12:42:17.567 - INFO - CDS - seq=contig_1, start=886403, stop=888295, strand=+, frame=2, truncated=no, start-type=ATG, RBS-motif=GGAG/GAGG
12:42:17.567 - INFO - CDS - seq=contig_1, start=888464, stop=889285, strand=+, frame=2, truncated=no, start-type=GTG, RBS-motif=GGAG/GAGG
12:42:17.567 - INFO - CDS - seq=contig_1, start=889263, stop=890225, strand=+, frame=3, truncated=no, start-type=ATG, RBS-motif=GGA/GAG/AGG
12:42:17.567 - INFO - CDS - seq=contig_1, start=890222, stop=890599, strand=+, frame=2, truncated=no, start-type=ATG, RBS-motif=GGxGG
12:42:17.567 - INFO - CDS - seq=contig_1, start=890596, stop=891480, strand=+, frame=1, truncated=no, start-type=ATG, RBS-motif=GGAG/GAGG
12:42:17.567 - INFO - CDS - seq=contig_1, start=891477, stop=892262, strand=+, frame=3, truncated=no, start-type=ATG, RBS-motif=None
12:42:17.567 - INFO - CDS - seq=contig_1, start=892330, stop=894099, strand=-, frame=3, truncated=no, start-type=GTG, RBS-motif=GGAG/GAGG
12:42:17.567 - INFO - CDS - seq=contig_1, start=894122, stop=894928, strand=-, frame=2, truncated=no, start-type=ATG, RBS-motif=GGA/GAG/AGG
12:42:17.567 - INFO - CDS - seq=contig_1, start=895010, stop=895726, strand=+, frame=2, truncated=no, start-type=ATG, RBS-motif=None
12:42:17.567 - INFO - CDS - seq=contig_1, start=895783, stop=897033, strand=-, frame=3, truncated=no, start-type=ATG, RBS-motif=GGA/GAG/AGG
12:42:17.567 - INFO - CDS - seq=contig_1, start=897120, stop=899924, strand=-, frame=1, truncated=no, start-type=ATG, RBS-motif=AGGAGG
12:42:17.567 - INFO - CDS - seq=contig_1, start=900065, stop=900889, strand=-, frame=2, truncated=no, start-type=ATG, RBS-motif=GGA/GAG/AGG
12:42:17.567 - INFO - CDS - seq=contig_1, start=901067, stop=902815, strand=+, frame=2, truncated=no, start-type=ATG, RBS-motif=GGA/GAG/AGG
12:42:17.567 - INFO - CDS - seq=contig_1, start=902864, stop=904528, strand=-, frame=2, truncated=no, start-type=ATG, RBS-motif=GGA/GAG/AGG
12:42:17.567 - INFO - CDS - seq=contig_1, start=904603, stop=905610, strand=-, frame=3, truncated=no, start-type=ATG, RBS-motif=AGxAGG/AGGxGG
12:42:17.567 - INFO - CDS - seq=contig_1, start=905715, stop=907964, strand=+, frame=3, truncated=no, start-type=ATG, RBS-motif=None
12:42:17.567 - INFO - CDS - seq=contig_1, start=908026, stop=909600, strand=-, frame=3, truncated=no, start-type=ATG, RBS-motif=GGAGG
12:42:17.567 - INFO - CDS - seq=contig_1, start=909796, stop=910563, strand=-, frame=3, truncated=no, start-type=ATG, RBS-motif=AGGA
12:42:17.567 - INFO - CDS - seq=contig_1, start=910687, stop=911484, strand=-, frame=3, truncated=no, start-type=ATG, RBS-motif=None
12:42:17.567 - INFO - CDS - seq=contig_1, start=911604, stop=912656, strand=+, frame=3, truncated=no, start-type=ATG, RBS-motif=AGGAGG
12:42:17.567 - INFO - CDS - seq=contig_1, start=912710, stop=913243, strand=-, frame=2, truncated=no, start-type=GTG, RBS-motif=AGGA
12:42:17.567 - INFO - CDS - seq=contig_1, start=913281, stop=913607, strand=-, frame=1, truncated=no, start-type=GTG, RBS-motif=GGA/GAG/AGG
12:42:17.567 - INFO - CDS - seq=contig_1, start=913607, stop=913942, strand=-, frame=2, truncated=no, start-type=GTG, RBS-motif=GGxGG
12:42:17.567 - INFO - CDS - seq=contig_1, start=913936, stop=914304, strand=-, frame=3, truncated=no, start-type=ATG, RBS-motif=GGAGG
12:42:17.567 - INFO - CDS - seq=contig_1, start=914337, stop=914537, strand=-, frame=1, truncated=no, start-type=ATG, RBS-motif=GGAG/GAGG
12:42:17.567 - INFO - CDS - seq=contig_1, start=914590, stop=915111, strand=-, frame=3, truncated=no, start-type=TTG, RBS-motif=GGAGG
12:42:17.567 - INFO - CDS - seq=contig_1, start=915298, stop=917466, strand=+, frame=1, truncated=no, start-type=GTG, RBS-motif=GGAG/GAGG
12:42:17.567 - INFO - CDS - seq=contig_1, start=917495, stop=918493, strand=-, frame=2, truncated=no, start-type=ATG, RBS-motif=GGAGG
12:42:17.567 - INFO - CDS - seq=contig_1, start=918644, stop=919780, strand=-, frame=2, truncated=no, start-type=ATG, RBS-motif=AGGAG
12:42:17.567 - INFO - CDS - seq=contig_1, start=919835, stop=924436, strand=-, frame=2, truncated=no, start-type=ATG, RBS-motif=3Base/5BMM
12:42:17.567 - INFO - CDS - seq=contig_1, start=924433, stop=927816, strand=-, frame=3, truncated=no, start-type=GTG, RBS-motif=AGGAG/GGAGG
12:42:17.567 - INFO - CDS - seq=contig_1, start=928044, stop=929162, strand=+, frame=3, truncated=no, start-type=GTG, RBS-motif=GGAG/GAGG
12:42:17.567 - INFO - CDS - seq=contig_1, start=929376, stop=930494, strand=+, frame=3, truncated=no, start-type=ATG, RBS-motif=GGA/GAG/AGG
12:42:17.567 - INFO - CDS - seq=contig_1, start=930630, stop=931367, strand=+, frame=3, truncated=no, start-type=GTG, RBS-motif=AGGAGG
12:42:17.567 - INFO - CDS - seq=contig_1, start=931342, stop=932097, strand=+, frame=1, truncated=no, start-type=GTG, RBS-motif=GGA/GAG/AGG
12:42:17.567 - INFO - CDS - seq=contig_1, start=932172, stop=934079, strand=-, frame=1, truncated=no, start-type=ATG, RBS-motif=GGA/GAG/AGG
12:42:17.567 - INFO - CDS - seq=contig_1, start=934164, stop=934295, strand=-, frame=1, truncated=no, start-type=ATG, RBS-motif=GGA/GAG/AGG
12:42:17.567 - INFO - CDS - seq=contig_1, start=934318, stop=935085, strand=-, frame=3, truncated=no, start-type=GTG, RBS-motif=AGGAG
12:42:17.567 - INFO - CDS - seq=contig_1, start=935247, stop=936530, strand=+, frame=3, truncated=no, start-type=ATG, RBS-motif=3Base/5BMM
12:42:17.567 - INFO - CDS - seq=contig_1, start=936589, stop=938142, strand=-, frame=3, truncated=no, start-type=GTG, RBS-motif=GGA/GAG/AGG
12:42:17.567 - INFO - CDS - seq=contig_1, start=938263, stop=939690, strand=-, frame=3, truncated=no, start-type=GTG, RBS-motif=GGAG/GAGG
12:42:17.567 - INFO - CDS - seq=contig_1, start=939779, stop=941719, strand=-, frame=2, truncated=no, start-type=GTG, RBS-motif=GGAGG
12:42:17.567 - INFO - CDS - seq=contig_1, start=942039, stop=942899, strand=+, frame=3, truncated=no, start-type=ATG, RBS-motif=GGAGG
12:42:17.567 - INFO - CDS - seq=contig_1, start=943178, stop=944035, strand=+, frame=2, truncated=no, start-type=ATG, RBS-motif=GGAGG
12:42:17.568 - INFO - CDS - seq=contig_1, start=944333, stop=946501, strand=+, frame=2, truncated=no, start-type=GTG, RBS-motif=AGGAG
12:42:17.568 - INFO - CDS - seq=contig_1, start=946513, stop=947115, strand=+, frame=1, truncated=no, start-type=ATG, RBS-motif=GGAG/GAGG
12:42:17.568 - INFO - CDS - seq=contig_1, start=947112, stop=947387, strand=+, frame=3, truncated=no, start-type=ATG, RBS-motif=GGA/GAG/AGG
12:42:17.568 - INFO - CDS - seq=contig_1, start=947427, stop=947834, strand=+, frame=3, truncated=no, start-type=GTG, RBS-motif=None
12:42:17.568 - INFO - CDS - seq=contig_1, start=947881, stop=948546, strand=+, frame=1, truncated=no, start-type=ATG, RBS-motif=GGAG/GAGG
12:42:17.568 - INFO - CDS - seq=contig_1, start=948551, stop=949648, strand=+, frame=2, truncated=no, start-type=ATG, RBS-motif=AGGA
12:42:17.568 - INFO - CDS - seq=contig_1, start=949661, stop=950620, strand=-, frame=2, truncated=no, start-type=GTG, RBS-motif=GGAG/GAGG
12:42:17.568 - INFO - CDS - seq=contig_1, start=950617, stop=952065, strand=-, frame=3, truncated=no, start-type=ATG, RBS-motif=None
12:42:17.568 - INFO - CDS - seq=contig_1, start=952095, stop=952820, strand=-, frame=1, truncated=no, start-type=ATG, RBS-motif=AGGA/GGAG/GAGG
12:42:17.568 - INFO - CDS - seq=contig_1, start=952810, stop=953652, strand=-, frame=3, truncated=no, start-type=GTG, RBS-motif=None
12:42:17.568 - INFO - CDS - seq=contig_1, start=953695, stop=955050, strand=-, frame=3, truncated=no, start-type=ATG, RBS-motif=GGAGG
12:42:17.568 - INFO - CDS - seq=contig_1, start=955163, stop=956281, strand=-, frame=2, truncated=no, start-type=ATG, RBS-motif=GGA/GAG/AGG
12:42:17.568 - INFO - CDS - seq=contig_1, start=956278, stop=957375, strand=-, frame=3, truncated=no, start-type=GTG, RBS-motif=GGA/GAG/AGG
12:42:17.568 - INFO - CDS - seq=contig_1, start=957396, stop=957836, strand=-, frame=1, truncated=no, start-type=ATG, RBS-motif=GGA/GAG/AGG
12:42:17.568 - INFO - CDS - seq=contig_1, start=957833, stop=959941, strand=-, frame=2, truncated=no, start-type=ATG, RBS-motif=AGGA
12:42:17.568 - INFO - CDS - seq=contig_1, start=960089, stop=960358, strand=-, frame=2, truncated=no, start-type=ATG, RBS-motif=AGGAG
12:42:17.568 - INFO - CDS - seq=contig_1, start=960374, stop=961201, strand=-, frame=2, truncated=no, start-type=GTG, RBS-motif=GGAG/GAGG
12:42:17.568 - INFO - CDS - seq=contig_1, start=961205, stop=962290, strand=-, frame=2, truncated=no, start-type=ATG, RBS-motif=3Base/5BMM
12:42:17.568 - INFO - CDS - seq=contig_1, start=962283, stop=962663, strand=-, frame=1, truncated=no, start-type=ATG, RBS-motif=None
12:42:17.568 - INFO - CDS - seq=contig_1, start=962660, stop=965356, strand=-, frame=2, truncated=no, start-type=ATG, RBS-motif=AGGAG
12:42:17.568 - INFO - CDS - seq=contig_1, start=965364, stop=966821, strand=-, frame=1, truncated=no, start-type=ATG, RBS-motif=AGGAG
12:42:17.568 - INFO - CDS - seq=contig_1, start=966871, stop=967341, strand=-, frame=3, truncated=no, start-type=GTG, RBS-motif=GGAG/GAGG
12:42:17.568 - INFO - CDS - seq=contig_1, start=967362, stop=967496, strand=-, frame=1, truncated=no, start-type=GTG, RBS-motif=GGAG/GAGG
12:42:17.568 - INFO - CDS - seq=contig_1, start=967515, stop=968537, strand=-, frame=1, truncated=no, start-type=TTG, RBS-motif=AGxAGG/AGGxGG
12:42:17.568 - INFO - CDS - seq=contig_1, start=968544, stop=969071, strand=-, frame=1, truncated=no, start-type=ATG, RBS-motif=GGxGG
12:42:17.568 - INFO - CDS - seq=contig_1, start=969246, stop=970715, strand=-, frame=1, truncated=no, start-type=GTG, RBS-motif=GGxGG
12:42:17.568 - INFO - CDS - seq=contig_1, start=970775, stop=974527, strand=-, frame=2, truncated=no, start-type=GTG, RBS-motif=None
12:42:17.568 - INFO - CDS - seq=contig_1, start=974524, stop=977484, strand=-, frame=3, truncated=no, start-type=GTG, RBS-motif=GGAG/GAGG
12:42:17.568 - INFO - CDS - seq=contig_1, start=977523, stop=978935, strand=-, frame=1, truncated=no, start-type=GTG, RBS-motif=AGGA/GGAG/GAGG
12:42:17.568 - INFO - CDS - seq=contig_1, start=978976, stop=979857, strand=-, frame=3, truncated=no, start-type=ATG, RBS-motif=None
12:42:17.568 - INFO - CDS - seq=contig_1, start=979859, stop=981457, strand=+, frame=2, truncated=no, start-type=GTG, RBS-motif=None
12:42:17.568 - INFO - CDS - seq=contig_1, start=981664, stop=982035, strand=+, frame=1, truncated=no, start-type=GTG, RBS-motif=GGAGG
12:42:17.568 - INFO - CDS - seq=contig_1, start=982044, stop=982286, strand=+, frame=3, truncated=no, start-type=ATG, RBS-motif=GGA/GAG/AGG
12:42:17.568 - INFO - CDS - seq=contig_1, start=982337, stop=982873, strand=+, frame=2, truncated=no, start-type=ATG, RBS-motif=3Base/5BMM
12:42:17.568 - INFO - CDS - seq=contig_1, start=982870, stop=983622, strand=+, frame=1, truncated=no, start-type=ATG, RBS-motif=GGxGG
12:42:17.568 - INFO - CDS - seq=contig_1, start=983594, stop=983965, strand=+, frame=2, truncated=no, start-type=ATG, RBS-motif=AGGAG
12:42:17.568 - INFO - CDS - seq=contig_1, start=983962, stop=984882, strand=+, frame=1, truncated=no, start-type=GTG, RBS-motif=None
12:42:17.568 - INFO - CDS - seq=contig_1, start=984904, stop=985155, strand=+, frame=1, truncated=no, start-type=ATG, RBS-motif=None
12:42:17.568 - INFO - CDS - seq=contig_1, start=985240, stop=986490, strand=+, frame=1, truncated=no, start-type=ATG, RBS-motif=GGAG/GAGG
12:42:17.568 - INFO - CDS - seq=contig_1, start=986474, stop=986854, strand=+, frame=2, truncated=no, start-type=ATG, RBS-motif=GGA/GAG/AGG
12:42:17.568 - INFO - CDS - seq=contig_1, start=986851, stop=987033, strand=+, frame=1, truncated=no, start-type=ATG, RBS-motif=GGAG/GAGG
12:42:17.568 - INFO - CDS - seq=contig_1, start=987026, stop=987412, strand=+, frame=2, truncated=no, start-type=GTG, RBS-motif=GGAG/GAGG
12:42:17.568 - INFO - CDS - seq=contig_1, start=987486, stop=988820, strand=+, frame=3, truncated=no, start-type=GTG, RBS-motif=None
12:42:17.568 - INFO - CDS - seq=contig_1, start=988989, stop=990338, strand=+, frame=3, truncated=no, start-type=ATG, RBS-motif=GGA/GAG/AGG
12:42:17.568 - INFO - CDS - seq=contig_1, start=990618, stop=991043, strand=-, frame=1, truncated=no, start-type=ATG, RBS-motif=GGAG/GAGG
12:42:17.568 - INFO - CDS - seq=contig_1, start=991151, stop=991468, strand=-, frame=2, truncated=no, start-type=ATG, RBS-motif=AGGAG
12:42:17.568 - INFO - CDS - seq=contig_1, start=991697, stop=994120, strand=+, frame=2, truncated=no, start-type=GTG, RBS-motif=GGA/GAG/AGG
12:42:17.568 - INFO - CDS - seq=contig_1, start=994228, stop=995565, strand=+, frame=1, truncated=no, start-type=GTG, RBS-motif=AGGAGG
12:42:17.568 - INFO - CDS - seq=contig_1, start=995638, stop=996690, strand=+, frame=1, truncated=no, start-type=ATG, RBS-motif=AGxAG
12:42:17.568 - INFO - CDS - seq=contig_1, start=996634, stop=997992, strand=-, frame=3, truncated=no, start-type=ATG, RBS-motif=GGxGG
12:42:17.568 - INFO - CDS - seq=contig_1, start=998308, stop=1000647, strand=+, frame=1, truncated=no, start-type=ATG, RBS-motif=None
12:42:17.568 - INFO - CDS - seq=contig_1, start=1000596, stop=1000883, strand=-, frame=1, truncated=no, start-type=GTG, RBS-motif=AGxAGG/AGGxGG
12:42:17.569 - INFO - CDS - seq=contig_1, start=1001013, stop=1001453, strand=+, frame=3, truncated=no, start-type=GTG, RBS-motif=AGGAGG
12:42:17.569 - INFO - CDS - seq=contig_1, start=1001604, stop=1003439, strand=-, frame=1, truncated=no, start-type=ATG, RBS-motif=AGGAGG
12:42:17.569 - INFO - CDS - seq=contig_1, start=1003613, stop=1003825, strand=+, frame=2, truncated=no, start-type=ATG, RBS-motif=GGxGG
12:42:17.569 - INFO - CDS - seq=contig_1, start=1003979, stop=1005448, strand=+, frame=2, truncated=no, start-type=GTG, RBS-motif=GGxGG
12:42:17.569 - INFO - CDS - seq=contig_1, start=1005487, stop=1007193, strand=+, frame=1, truncated=no, start-type=ATG, RBS-motif=3Base/5BMM
12:42:17.569 - INFO - CDS - seq=contig_1, start=1007277, stop=1008707, strand=-, frame=1, truncated=no, start-type=GTG, RBS-motif=AGGAG
12:42:17.569 - INFO - CDS - seq=contig_1, start=1008819, stop=1010441, strand=-, frame=1, truncated=no, start-type=ATG, RBS-motif=None
12:42:17.569 - INFO - CDS - seq=contig_1, start=1010577, stop=1011800, strand=+, frame=3, truncated=no, start-type=ATG, RBS-motif=None
12:42:17.569 - INFO - CDS - seq=contig_1, start=1011793, stop=1012701, strand=-, frame=3, truncated=no, start-type=ATG, RBS-motif=None
12:42:17.569 - INFO - CDS - seq=contig_1, start=1012925, stop=1013935, strand=-, frame=2, truncated=no, start-type=ATG, RBS-motif=None
12:42:17.569 - INFO - CDS - seq=contig_1, start=1014170, stop=1014805, strand=-, frame=2, truncated=no, start-type=GTG, RBS-motif=GGA/GAG/AGG
12:42:17.569 - INFO - CDS - seq=contig_1, start=1014802, stop=1015398, strand=-, frame=3, truncated=no, start-type=ATG, RBS-motif=GGAG/GAGG
12:42:17.569 - INFO - CDS - seq=contig_1, start=1015365, stop=1015601, strand=-, frame=1, truncated=no, start-type=GTG, RBS-motif=GGAGG
12:42:17.569 - INFO - CDS - seq=contig_1, start=1015697, stop=1019251, strand=-, frame=2, truncated=no, start-type=ATG, RBS-motif=GGAG/GAGG
12:42:17.569 - INFO - CDS - seq=contig_1, start=1019445, stop=1019963, strand=-, frame=1, truncated=no, start-type=GTG, RBS-motif=None
12:42:17.569 - INFO - CDS - seq=contig_1, start=1020040, stop=1020504, strand=-, frame=3, truncated=no, start-type=ATG, RBS-motif=None
12:42:17.569 - INFO - CDS - seq=contig_1, start=1020510, stop=1020956, strand=-, frame=1, truncated=no, start-type=ATG, RBS-motif=GGAGG
12:42:17.569 - INFO - CDS - seq=contig_1, start=1021005, stop=1022177, strand=-, frame=1, truncated=no, start-type=ATG, RBS-motif=GGA/GAG/AGG
12:42:17.569 - INFO - CDS - seq=contig_1, start=1022348, stop=1023004, strand=-, frame=2, truncated=no, start-type=ATG, RBS-motif=None
12:42:17.569 - INFO - CDS - seq=contig_1, start=1023336, stop=1023755, strand=-, frame=1, truncated=no, start-type=ATG, RBS-motif=GGAGG
12:42:17.569 - INFO - CDS - seq=contig_1, start=1023869, stop=1024516, strand=-, frame=2, truncated=no, start-type=ATG, RBS-motif=GGxGG
12:42:17.569 - INFO - CDS - seq=contig_1, start=1024513, stop=1025208, strand=-, frame=3, truncated=no, start-type=ATG, RBS-motif=AGGAG
12:42:17.569 - INFO - CDS - seq=contig_1, start=1025224, stop=1027092, strand=-, frame=3, truncated=no, start-type=ATG, RBS-motif=AGGAG
12:42:17.569 - INFO - CDS - seq=contig_1, start=1027092, stop=1027376, strand=-, frame=1, truncated=no, start-type=GTG, RBS-motif=AGGA
12:42:17.569 - INFO - CDS - seq=contig_1, start=1027380, stop=1027781, strand=-, frame=1, truncated=no, start-type=GTG, RBS-motif=None
12:42:17.569 - INFO - CDS - seq=contig_1, start=1027787, stop=1027942, strand=-, frame=2, truncated=no, start-type=GTG, RBS-motif=GGAGG
12:42:17.569 - INFO - CDS - seq=contig_1, start=1028063, stop=1029070, strand=-, frame=2, truncated=no, start-type=ATG, RBS-motif=None
12:42:17.569 - INFO - CDS - seq=contig_1, start=1029182, stop=1030360, strand=-, frame=2, truncated=no, start-type=ATG, RBS-motif=None
12:42:17.569 - INFO - CDS - seq=contig_1, start=1030458, stop=1031894, strand=-, frame=1, truncated=no, start-type=GTG, RBS-motif=AGxAGG/AGGxGG
12:42:17.569 - INFO - CDS - seq=contig_1, start=1032044, stop=1032337, strand=+, frame=2, truncated=no, start-type=ATG, RBS-motif=GGA/GAG/AGG
12:42:17.569 - INFO - CDS - seq=contig_1, start=1032280, stop=1033305, strand=+, frame=1, truncated=no, start-type=GTG, RBS-motif=GGA/GAG/AGG
12:42:17.569 - INFO - CDS - seq=contig_1, start=1033396, stop=1034424, strand=+, frame=1, truncated=no, start-type=ATG, RBS-motif=AGGA
12:42:17.569 - INFO - CDS - seq=contig_1, start=1034455, stop=1036353, strand=+, frame=1, truncated=no, start-type=ATG, RBS-motif=GGA/GAG/AGG
12:42:17.569 - INFO - CDS - seq=contig_1, start=1036422, stop=1036811, strand=-, frame=1, truncated=no, start-type=GTG, RBS-motif=AGGAG
12:42:17.569 - INFO - CDS - seq=contig_1, start=1036823, stop=1037617, strand=-, frame=2, truncated=no, start-type=ATG, RBS-motif=GGAGG
12:42:17.569 - INFO - CDS - seq=contig_1, start=1037693, stop=1038508, strand=-, frame=2, truncated=no, start-type=ATG, RBS-motif=GGAGG
12:42:17.569 - INFO - CDS - seq=contig_1, start=1038594, stop=1039826, strand=-, frame=1, truncated=no, start-type=ATG, RBS-motif=None
12:42:17.569 - INFO - CDS - seq=contig_1, start=1039937, stop=1041166, strand=-, frame=2, truncated=no, start-type=ATG, RBS-motif=GGxGG
12:42:17.569 - INFO - CDS - seq=contig_1, start=1041156, stop=1041863, strand=-, frame=1, truncated=no, start-type=GTG, RBS-motif=GGAG/GAGG
12:42:17.569 - INFO - CDS - seq=contig_1, start=1041863, stop=1042825, strand=-, frame=2, truncated=no, start-type=ATG, RBS-motif=AGxAGG/AGGxGG
12:42:17.569 - INFO - CDS - seq=contig_1, start=1042850, stop=1044514, strand=-, frame=2, truncated=no, start-type=ATG, RBS-motif=AGGA/GGAG/GAGG
12:42:17.569 - INFO - CDS - seq=contig_1, start=1044536, stop=1046074, strand=-, frame=2, truncated=no, start-type=GTG, RBS-motif=AGxAGG/AGGxGG
12:42:17.569 - INFO - CDS - seq=contig_1, start=1046071, stop=1047693, strand=-, frame=3, truncated=no, start-type=GTG, RBS-motif=AGGAG
12:42:17.569 - INFO - CDS - seq=contig_1, start=1047690, stop=1049234, strand=-, frame=1, truncated=no, start-type=ATG, RBS-motif=GGAG/GAGG
12:42:17.569 - INFO - CDS - seq=contig_1, start=1049446, stop=1050060, strand=-, frame=3, truncated=no, start-type=ATG, RBS-motif=GGAG/GAGG
12:42:17.569 - INFO - CDS - seq=contig_1, start=1050217, stop=1051563, strand=-, frame=3, truncated=no, start-type=ATG, RBS-motif=GGAG/GAGG
12:42:17.569 - INFO - CDS - seq=contig_1, start=1051651, stop=1053312, strand=+, frame=1, truncated=no, start-type=ATG, RBS-motif=None
12:42:17.569 - INFO - CDS - seq=contig_1, start=1053364, stop=1053642, strand=-, frame=3, truncated=no, start-type=ATG, RBS-motif=GGxGG
12:42:17.569 - INFO - CDS - seq=contig_1, start=1053697, stop=1054521, strand=-, frame=3, truncated=no, start-type=GTG, RBS-motif=GGA/GAG/AGG
12:42:17.569 - INFO - CDS - seq=contig_1, start=1054632, stop=1055951, strand=+, frame=3, truncated=no, start-type=GTG, RBS-motif=GGA/GAG/AGG
12:42:17.569 - INFO - CDS - seq=contig_1, start=1055938, stop=1056798, strand=+, frame=1, truncated=no, start-type=ATG, RBS-motif=GGAGG
12:42:17.569 - INFO - CDS - seq=contig_1, start=1056828, stop=1057388, strand=+, frame=3, truncated=no, start-type=ATG, RBS-motif=GGxGG
12:42:17.570 - INFO - CDS - seq=contig_1, start=1057558, stop=1058331, strand=+, frame=1, truncated=no, start-type=ATG, RBS-motif=AGGA
12:42:17.570 - INFO - CDS - seq=contig_1, start=1058306, stop=1059361, strand=+, frame=2, truncated=no, start-type=GTG, RBS-motif=GGA/GAG/AGG
12:42:17.570 - INFO - CDS - seq=contig_1, start=1059541, stop=1060584, strand=+, frame=1, truncated=no, start-type=GTG, RBS-motif=GGA/GAG/AGG
12:42:17.570 - INFO - CDS - seq=contig_1, start=1060606, stop=1061226, strand=+, frame=1, truncated=no, start-type=GTG, RBS-motif=GGxGG
12:42:17.570 - INFO - CDS - seq=contig_1, start=1061258, stop=1061932, strand=+, frame=2, truncated=no, start-type=GTG, RBS-motif=3Base/5BMM
12:42:17.570 - INFO - CDS - seq=contig_1, start=1061956, stop=1063875, strand=-, frame=3, truncated=no, start-type=ATG, RBS-motif=GGAGG
12:42:17.570 - INFO - CDS - seq=contig_1, start=1064058, stop=1065827, strand=+, frame=3, truncated=no, start-type=ATG, RBS-motif=GGA/GAG/AGG
12:42:17.570 - INFO - CDS - seq=contig_1, start=1065883, stop=1066767, strand=+, frame=1, truncated=no, start-type=ATG, RBS-motif=GGAGG
12:42:17.570 - INFO - CDS - seq=contig_1, start=1066813, stop=1067196, strand=-, frame=3, truncated=no, start-type=GTG, RBS-motif=None
12:42:17.570 - INFO - CDS - seq=contig_1, start=1067287, stop=1067886, strand=+, frame=1, truncated=no, start-type=ATG, RBS-motif=None
12:42:17.570 - INFO - CDS - seq=contig_1, start=1067922, stop=1068626, strand=-, frame=1, truncated=no, start-type=ATG, RBS-motif=GGA/GAG/AGG
12:42:17.570 - INFO - CDS - seq=contig_1, start=1068841, stop=1071942, strand=+, frame=1, truncated=no, start-type=ATG, RBS-motif=AGGA/GGAG/GAGG
12:42:17.570 - INFO - CDS - seq=contig_1, start=1072020, stop=1072166, strand=+, frame=3, truncated=no, start-type=ATG, RBS-motif=GGxGG
12:42:17.570 - INFO - CDS - seq=contig_1, start=1072200, stop=1072487, strand=+, frame=3, truncated=no, start-type=GTG, RBS-motif=GGA/GAG/AGG
12:42:17.570 - INFO - CDS - seq=contig_1, start=1072557, stop=1073582, strand=-, frame=1, truncated=no, start-type=ATG, RBS-motif=AGGAG
12:42:17.570 - INFO - CDS - seq=contig_1, start=1073938, stop=1074753, strand=+, frame=1, truncated=no, start-type=ATG, RBS-motif=None
12:42:17.570 - INFO - CDS - seq=contig_1, start=1074828, stop=1076162, strand=+, frame=3, truncated=no, start-type=ATG, RBS-motif=AGGA
12:42:17.570 - INFO - CDS - seq=contig_1, start=1076192, stop=1077868, strand=-, frame=2, truncated=no, start-type=ATG, RBS-motif=GGA/GAG/AGG
12:42:17.570 - INFO - CDS - seq=contig_1, start=1077965, stop=1079761, strand=-, frame=2, truncated=no, start-type=ATG, RBS-motif=GGAGG
12:42:17.570 - INFO - CDS - seq=contig_1, start=1079795, stop=1081183, strand=-, frame=2, truncated=no, start-type=ATG, RBS-motif=AGGA
12:42:17.570 - INFO - CDS - seq=contig_1, start=1081369, stop=1083768, strand=+, frame=1, truncated=no, start-type=ATG, RBS-motif=AGGA
12:42:17.570 - INFO - CDS - seq=contig_1, start=1084057, stop=1084617, strand=+, frame=1, truncated=no, start-type=ATG, RBS-motif=GGAG/GAGG
12:42:17.570 - INFO - CDS - seq=contig_1, start=1084757, stop=1085995, strand=-, frame=2, truncated=no, start-type=ATG, RBS-motif=GGA/GAG/AGG
12:42:17.570 - INFO - CDS - seq=contig_1, start=1085952, stop=1086707, strand=-, frame=1, truncated=no, start-type=ATG, RBS-motif=GGAGG
12:42:17.570 - INFO - CDS - seq=contig_1, start=1086905, stop=1087852, strand=+, frame=2, truncated=no, start-type=GTG, RBS-motif=GGA/GAG/AGG
12:42:17.570 - INFO - CDS - seq=contig_1, start=1087875, stop=1088480, strand=-, frame=1, truncated=no, start-type=ATG, RBS-motif=GGA/GAG/AGG
12:42:17.570 - INFO - CDS - seq=contig_1, start=1088554, stop=1090272, strand=-, frame=3, truncated=no, start-type=GTG, RBS-motif=AGxAGG/AGGxGG
12:42:17.570 - INFO - CDS - seq=contig_1, start=1090331, stop=1092244, strand=-, frame=2, truncated=no, start-type=ATG, RBS-motif=AGGAG/GGAGG
12:42:17.570 - INFO - CDS - seq=contig_1, start=1092353, stop=1093270, strand=-, frame=2, truncated=no, start-type=GTG, RBS-motif=GGA/GAG/AGG
12:42:17.570 - INFO - CDS - seq=contig_1, start=1093313, stop=1095850, strand=-, frame=2, truncated=no, start-type=ATG, RBS-motif=GGAG/GAGG
12:42:17.570 - INFO - CDS - seq=contig_1, start=1095977, stop=1097047, strand=-, frame=2, truncated=no, start-type=ATG, RBS-motif=AGGAG/GGAGG
12:42:17.570 - INFO - CDS - seq=contig_1, start=1097144, stop=1097593, strand=-, frame=2, truncated=no, start-type=ATG, RBS-motif=GGAG/GAGG
12:42:17.570 - INFO - CDS - seq=contig_1, start=1097719, stop=1098327, strand=-, frame=3, truncated=no, start-type=TTG, RBS-motif=AGGAG
12:42:17.570 - INFO - CDS - seq=contig_1, start=1098362, stop=1099252, strand=-, frame=2, truncated=no, start-type=GTG, RBS-motif=AGGAG
12:42:17.570 - INFO - CDS - seq=contig_1, start=1099502, stop=1099768, strand=+, frame=2, truncated=no, start-type=ATG, RBS-motif=AGGAGG
12:42:17.570 - INFO - CDS - seq=contig_1, start=1099779, stop=1101713, strand=-, frame=1, truncated=no, start-type=ATG, RBS-motif=None
12:42:17.570 - INFO - CDS - seq=contig_1, start=1101679, stop=1102104, strand=-, frame=3, truncated=no, start-type=GTG, RBS-motif=GGA/GAG/AGG
12:42:17.570 - INFO - CDS - seq=contig_1, start=1102101, stop=1103186, strand=-, frame=1, truncated=no, start-type=ATG, RBS-motif=GGAG/GAGG
12:42:17.570 - INFO - CDS - seq=contig_1, start=1103259, stop=1105190, strand=-, frame=1, truncated=no, start-type=GTG, RBS-motif=GGAG/GAGG
12:42:17.570 - INFO - CDS - seq=contig_1, start=1105248, stop=1106762, strand=+, frame=3, truncated=no, start-type=ATG, RBS-motif=AGGAG
12:42:17.570 - INFO - CDS - seq=contig_1, start=1106784, stop=1107227, strand=+, frame=3, truncated=no, start-type=GTG, RBS-motif=GGAGG
12:42:17.570 - INFO - CDS - seq=contig_1, start=1107228, stop=1108748, strand=+, frame=3, truncated=no, start-type=ATG, RBS-motif=None
12:42:17.570 - INFO - CDS - seq=contig_1, start=1108741, stop=1110270, strand=+, frame=1, truncated=no, start-type=ATG, RBS-motif=AGGAGG
12:42:17.570 - INFO - CDS - seq=contig_1, start=1110366, stop=1111733, strand=-, frame=1, truncated=no, start-type=GTG, RBS-motif=GGA/GAG/AGG
12:42:17.570 - INFO - CDS - seq=contig_1, start=1111749, stop=1112447, strand=-, frame=1, truncated=no, start-type=ATG, RBS-motif=GGA/GAG/AGG
12:42:17.570 - INFO - CDS - seq=contig_1, start=1112401, stop=1112790, strand=-, frame=3, truncated=no, start-type=GTG, RBS-motif=AGGAG/GGAGG
12:42:17.570 - INFO - CDS - seq=contig_1, start=1112806, stop=1113234, strand=-, frame=3, truncated=no, start-type=GTG, RBS-motif=AGGAG
12:42:17.570 - INFO - CDS - seq=contig_1, start=1113231, stop=1113473, strand=-, frame=1, truncated=no, start-type=GTG, RBS-motif=GGAGG
12:42:17.570 - INFO - CDS - seq=contig_1, start=1113667, stop=1115436, strand=+, frame=1, truncated=no, start-type=ATG, RBS-motif=None
12:42:17.570 - INFO - CDS - seq=contig_1, start=1115459, stop=1116334, strand=+, frame=2, truncated=no, start-type=ATG, RBS-motif=GGA/GAG/AGG
12:42:17.570 - INFO - CDS - seq=contig_1, start=1116350, stop=1118392, strand=-, frame=2, truncated=no, start-type=GTG, RBS-motif=GGxGG
12:42:17.570 - INFO - CDS - seq=contig_1, start=1118445, stop=1119113, strand=-, frame=1, truncated=no, start-type=ATG, RBS-motif=GGAG/GAGG
12:42:17.571 - INFO - CDS - seq=contig_1, start=1119400, stop=1121277, strand=+, frame=1, truncated=no, start-type=GTG, RBS-motif=GGAGG
12:42:17.571 - INFO - CDS - seq=contig_1, start=1121342, stop=1121776, strand=-, frame=2, truncated=no, start-type=GTG, RBS-motif=GGxGG
12:42:17.571 - INFO - CDS - seq=contig_1, start=1121788, stop=1122723, strand=-, frame=3, truncated=no, start-type=GTG, RBS-motif=None
12:42:17.571 - INFO - CDS - seq=contig_1, start=1122797, stop=1123822, strand=+, frame=2, truncated=no, start-type=ATG, RBS-motif=None
12:42:17.571 - INFO - CDS - seq=contig_1, start=1123819, stop=1126689, strand=-, frame=3, truncated=no, start-type=ATG, RBS-motif=AGGA/GGAG/GAGG
12:42:17.571 - INFO - CDS - seq=contig_1, start=1126843, stop=1129221, strand=+, frame=1, truncated=no, start-type=ATG, RBS-motif=AGGAGG
12:42:17.571 - INFO - CDS - seq=contig_1, start=1129311, stop=1130027, strand=-, frame=1, truncated=no, start-type=GTG, RBS-motif=AGxAGG/AGGxGG
12:42:17.571 - INFO - CDS - seq=contig_1, start=1130186, stop=1130719, strand=-, frame=2, truncated=no, start-type=ATG, RBS-motif=AGGAGG
12:42:17.571 - INFO - CDS - seq=contig_1, start=1130977, stop=1131519, strand=+, frame=1, truncated=no, start-type=ATG, RBS-motif=3Base/5BMM
12:42:17.571 - INFO - CDS - seq=contig_1, start=1131542, stop=1132597, strand=-, frame=2, truncated=no, start-type=ATG, RBS-motif=3Base/5BMM
12:42:17.571 - INFO - CDS - seq=contig_1, start=1132597, stop=1133196, strand=-, frame=3, truncated=no, start-type=ATG, RBS-motif=GGAG/GAGG
12:42:17.571 - INFO - CDS - seq=contig_1, start=4, stop=1398, strand=+, nt=[ATGGACGCAG..AATCCGCTAG]
12:42:17.571 - INFO - CDS - seq=contig_1, start=1642, stop=2757, strand=+, nt=[GTGAAAATTC..AACGGAGTGA]
12:42:17.571 - INFO - CDS - seq=contig_1, start=2846, stop=3835, strand=+, nt=[GTGGGAAATA..TCATGAATAA]
12:42:17.571 - INFO - CDS - seq=contig_1, start=3828, stop=4265, strand=+, nt=[ATGAATAATG..GTCACATTAG]
12:42:17.571 - INFO - CDS - seq=contig_1, start=4392, stop=6833, strand=+, nt=[ATGGAAGAAA..GCAGGGGTAA]
12:42:17.571 - INFO - CDS - seq=contig_1, start=6833, stop=7018, strand=+, nt=[ATGGGCTCTG..TTGTGTATAG]
12:42:17.571 - INFO - CDS - seq=contig_1, start=7162, stop=8262, strand=+, nt=[ATGACAAGTA..TAAGGAATAA]
12:42:17.571 - INFO - CDS - seq=contig_1, start=8342, stop=10138, strand=-, nt=[ATGCGTCTAG..CACTTGGTGA]
12:42:17.571 - INFO - CDS - seq=contig_1, start=10443, stop=12425, strand=+, nt=[ATGGGCGCCT..TCTGTGGTGA]
12:42:17.571 - INFO - CDS - seq=contig_1, start=12591, stop=13823, strand=+, nt=[ATGAAAAGCC..TCGTCAGTGA]
12:42:17.571 - INFO - CDS - seq=contig_1, start=14014, stop=15828, strand=+, nt=[ATGCCGAAAA..ATTGCCGTAG]
12:42:17.571 - INFO - CDS - seq=contig_1, start=15806, stop=18364, strand=+, nt=[ATGTTGGGGC..CTGCGGGTAG]
12:42:17.571 - INFO - CDS - seq=contig_1, start=18489, stop=19436, strand=+, nt=[ATGGTTGCAC..GATAGCGTGA]
12:42:17.571 - INFO - CDS - seq=contig_1, start=19453, stop=22134, strand=+, nt=[ATGTCAGAAC..AGAGATCTAG]
12:42:17.571 - INFO - CDS - seq=contig_1, start=22149, stop=24257, strand=+, nt=[ATGCGAATTA..ATACGCTTGA]
12:42:17.571 - INFO - CDS - seq=contig_1, start=24721, stop=25029, strand=-, nt=[GTGGTGGCCG..ATCCGCCTAG]
12:42:17.571 - INFO - CDS - seq=contig_1, start=25196, stop=27586, strand=+, nt=[ATGGACGATG..TTTTTCTTGA]
12:42:17.571 - INFO - CDS - seq=contig_1, start=27647, stop=28978, strand=+, nt=[ATGAGTCGTA..TGGTTTTTAG]
12:42:17.571 - INFO - CDS - seq=contig_1, start=29158, stop=29868, strand=+, nt=[GTGAAAAGAT..TACCAGCTGA]
12:42:17.571 - INFO - CDS - seq=contig_1, start=29947, stop=33018, strand=-, nt=[ATGAGTACGC..CCCTCTCTAA]
12:42:17.571 - INFO - CDS - seq=contig_1, start=33047, stop=34069, strand=-, nt=[ATGAATAGAA..TTCCAAATAG]
12:42:17.571 - INFO - CDS - seq=contig_1, start=34190, stop=35515, strand=+, nt=[ATGGCGTTGT..TCAAGGATAG]
12:42:17.571 - INFO - CDS - seq=contig_1, start=35529, stop=36890, strand=+, nt=[GTGGCATACC..CGTTGGCTGA]
12:42:17.571 - INFO - CDS - seq=contig_1, start=36999, stop=38276, strand=+, nt=[ATGAGTTGCT..AGAGGGTTGA]
12:42:17.571 - INFO - CDS - seq=contig_1, start=38395, stop=40029, strand=+, nt=[ATGGCGAAGC..TATGTATTGA]
12:42:17.571 - INFO - CDS - seq=contig_1, start=40344, stop=41168, strand=-, nt=[ATGAATATCG..CAAAAAGTAA]
12:42:17.571 - INFO - CDS - seq=contig_1, start=41165, stop=41776, strand=-, nt=[ATGTCCGTTT..TGACAAATGA]
12:42:17.571 - INFO - CDS - seq=contig_1, start=41877, stop=42833, strand=-, nt=[ATGCAACGCT..CTCGCAATAA]
12:42:17.571 - INFO - CDS - seq=contig_1, start=43031, stop=43747, strand=+, nt=[ATGCGCATCA..GAGTCGGTGA]
12:42:17.571 - INFO - CDS - seq=contig_1, start=43747, stop=44547, strand=+, nt=[ATGTTGCAGT..CCGCACGTAA]
12:42:17.571 - INFO - CDS - seq=contig_1, start=44656, stop=45651, strand=-, nt=[ATGAGGTGTG..CAAGCTGTAA]
12:42:17.571 - INFO - CDS - seq=contig_1, start=45748, stop=46800, strand=-, nt=[ATGCACACGC..ACAAGGGTAG]
12:42:17.571 - INFO - CDS - seq=contig_1, start=47061, stop=49478, strand=+, nt=[ATGAAATATC..CTACAGGTAG]
12:42:17.571 - INFO - CDS - seq=contig_1, start=49599, stop=50531, strand=+, nt=[ATGAGTCAGG..GTCACGGTAA]
12:42:17.571 - INFO - CDS - seq=contig_1, start=50635, stop=52644, strand=+, nt=[GTGTGCGCGC..TGCTTCCTGA]
12:42:17.571 - INFO - CDS - seq=contig_1, start=52684, stop=54576, strand=+, nt=[ATGGGTTTCA..AAAGCGGTAG]
12:42:17.571 - INFO - CDS - seq=contig_1, start=54632, stop=55531, strand=-, nt=[ATGAGGAGTC..TGTGCGTTAA]
12:42:17.571 - INFO - CDS - seq=contig_1, start=55893, stop=56594, strand=-, nt=[ATGATACCTA..TGAGGAATGA]
12:42:17.571 - INFO - CDS - seq=contig_1, start=56612, stop=57133, strand=-, nt=[ATGGGATATC..ACTGATCTAG]
12:42:17.571 - INFO - CDS - seq=contig_1, start=57139, stop=57570, strand=-, nt=[ATGGCAAAGA..GTCAGGATAA]
12:42:17.571 - INFO - CDS - seq=contig_1, start=57592, stop=58683, strand=-, nt=[ATGGCACGCA..GGCAGGATAG]
12:42:17.571 - INFO - CDS - seq=contig_1, start=58914, stop=59522, strand=-, nt=[GTGAAAAAGC..TCAGCTATAG]
12:42:17.571 - INFO - CDS - seq=contig_1, start=59674, stop=60729, strand=+, nt=[GTGATAGAAA..TGTAATCTAG]
12:42:17.571 - INFO - CDS - seq=contig_1, start=60699, stop=61766, strand=+, nt=[GTGTATTGCG..CGGCGACTGA]
12:42:17.571 - INFO - CDS - seq=contig_1, start=61836, stop=62891, strand=-, nt=[ATGATGGAAA..TGATCTCTAA]
12:42:17.571 - INFO - CDS - seq=contig_1, start=63062, stop=64021, strand=+, nt=[ATGCTCGAGC..TGAAAGTTGA]
12:42:17.571 - INFO - CDS - seq=contig_1, start=64228, stop=64464, strand=+, nt=[ATGAATCAGA..TACTTCATGA]
12:42:17.571 - INFO - CDS - seq=contig_1, start=64461, stop=66242, strand=+, nt=[ATGAGTATCC..AATTCGCTAG]
12:42:17.571 - INFO - CDS - seq=contig_1, start=66254, stop=67663, strand=+, nt=[ATGAATACGC..CGGAGGGTAG]
12:42:17.571 - INFO - CDS - seq=contig_1, start=67738, stop=69054, strand=-, nt=[GTGCCGGGCA..AAGCCCCTAG]
12:42:17.571 - INFO - CDS - seq=contig_1, start=69271, stop=69741, strand=-, nt=[ATGAAGATTA..GAGTGAGTAG]
12:42:17.571 - INFO - CDS - seq=contig_1, start=69847, stop=70146, strand=-, nt=[ATGGCAGAAG..GACCGAGTAG]
12:42:17.571 - INFO - CDS - seq=contig_1, start=70263, stop=70793, strand=-, nt=[ATGGCAGACG..TCCATTTTAG]
12:42:17.571 - INFO - CDS - seq=contig_1, start=70802, stop=71083, strand=-, nt=[ATGAGGACCT..CGATTCCTGA]
12:42:17.571 - INFO - CDS - seq=contig_1, start=71366, stop=71800, strand=+, nt=[GTGCAGAATT..TGAGCATTAG]
12:42:17.571 - INFO - CDS - seq=contig_1, start=71856, stop=72401, strand=+, nt=[GTGAGGATTA..TCTTGCGTAG]
12:42:17.571 - INFO - CDS - seq=contig_1, start=72455, stop=72760, strand=+, nt=[GTGCTTGAGA..TCTTATATAA]
12:42:17.571 - INFO - CDS - seq=contig_1, start=72781, stop=73929, strand=+, nt=[ATGGGGCTTA..TGCATCGTAG]
12:42:17.571 - INFO - CDS - seq=contig_1, start=74110, stop=75132, strand=+, nt=[ATGGAGTGGT..CGGCGTGTAA]
12:42:17.571 - INFO - CDS - seq=contig_1, start=75188, stop=75571, strand=-, nt=[ATGAAGGTAC..ACTTTCCTGA]
12:42:17.571 - INFO - CDS - seq=contig_1, start=75568, stop=75954, strand=-, nt=[ATGTTACCGT..TTTTCTATGA]
12:42:17.572 - INFO - CDS - seq=contig_1, start=76005, stop=78641, strand=-, nt=[ATGAACACAG..AACATCCTGA]
12:42:17.572 - INFO - CDS - seq=contig_1, start=78845, stop=79117, strand=+, nt=[ATGGAAAAAA..GTTTCGCTAG]
12:42:17.572 - INFO - CDS - seq=contig_1, start=79187, stop=80677, strand=-, nt=[ATGTGTGATA..AACCGCCTAG]
12:42:17.572 - INFO - CDS - seq=contig_1, start=81033, stop=82442, strand=+, nt=[ATGTGCTTTG..TGTGCCGTAA]
12:42:17.572 - INFO - CDS - seq=contig_1, start=82572, stop=83450, strand=+, nt=[ATGAGCAAAC..GGCGCGGTGA]
12:42:17.572 - INFO - CDS - seq=contig_1, start=83490, stop=84320, strand=+, nt=[ATGAACATGA..AAAGGGATAA]
12:42:17.572 - INFO - CDS - seq=contig_1, start=84467, stop=85969, strand=+, nt=[GTGAGAGAGA..CGAGGCATAG]
12:42:17.572 - INFO - CDS - seq=contig_1, start=85974, stop=87212, strand=+, nt=[ATGGAAGGTA..ATATATATGA]
12:42:17.572 - INFO - CDS - seq=contig_1, start=87209, stop=89362, strand=+, nt=[ATGAGCGTGT..TTCTCTATGA]
12:42:17.572 - INFO - CDS - seq=contig_1, start=89359, stop=89826, strand=+, nt=[ATGAATATTC..GTTTTCCTAA]
12:42:17.572 - INFO - CDS - seq=contig_1, start=89833, stop=90681, strand=+, nt=[ATGCGTCTGT..CTTAAGATGA]
12:42:17.572 - INFO - CDS - seq=contig_1, start=90728, stop=92314, strand=-, nt=[ATGAACTGTT..CGGTCTTTAG]
12:42:17.572 - INFO - CDS - seq=contig_1, start=92465, stop=94459, strand=+, nt=[ATGAGTGTTC..CCTCCGTTAG]
12:42:17.572 - INFO - CDS - seq=contig_1, start=94539, stop=94772, strand=-, nt=[ATGGTTGTCA..CTTCTCCTGA]
12:42:17.572 - INFO - CDS - seq=contig_1, start=94884, stop=95330, strand=-, nt=[ATGAATTTGG..CACCGAGTAG]
12:42:17.572 - INFO - CDS - seq=contig_1, start=95447, stop=96355, strand=+, nt=[ATGGGGTTCG..TCTGTCTTAG]
12:42:17.572 - INFO - CDS - seq=contig_1, start=96358, stop=96744, strand=-, nt=[GTGCCGGTGG..GCGCCATTAA]
12:42:17.572 - INFO - CDS - seq=contig_1, start=96881, stop=97495, strand=-, nt=[ATGAATTATG..AGGCTTTTGA]
12:42:17.572 - INFO - CDS - seq=contig_1, start=97525, stop=98760, strand=-, nt=[TTGTTACAGC..CAGGCAGTAG]
12:42:17.572 - INFO - CDS - seq=contig_1, start=98843, stop=99907, strand=-, nt=[ATGTCCGCGC..AGACTCATGA]
12:42:17.572 - INFO - CDS - seq=contig_1, start=100089, stop=101651, strand=+, nt=[ATGGCCTTGC..GCGCGTGTAA]
12:42:17.572 - INFO - CDS - seq=contig_1, start=101671, stop=102210, strand=+, nt=[TTGCATGAGC..CCTGTCCTGA]
12:42:17.572 - INFO - CDS - seq=contig_1, start=102194, stop=102841, strand=+, nt=[ATGCGTACCT..TTCCCCATAA]
12:42:17.572 - INFO - CDS - seq=contig_1, start=102979, stop=103989, strand=+, nt=[ATGACCTTCG..TGGACGCTAA]
12:42:17.572 - INFO - CDS - seq=contig_1, start=103989, stop=105935, strand=+, nt=[ATGACGTCCA..CCGGGCCTAG]
12:42:17.572 - INFO - CDS - seq=contig_1, start=106009, stop=106371, strand=-, nt=[GTGGATCAGT..TGCCTTTTAG]
12:42:17.572 - INFO - CDS - seq=contig_1, start=106541, stop=106759, strand=+, nt=[GTGACGAAAG..TGAGCGTTAG]
12:42:17.572 - INFO - CDS - seq=contig_1, start=106812, stop=107468, strand=-, nt=[ATGAGCGAGC..TGAAGGATGA]
12:42:17.572 - INFO - CDS - seq=contig_1, start=107472, stop=108227, strand=-, nt=[ATGGTCACCG..CATTGGGTAA]
12:42:17.572 - INFO - CDS - seq=contig_1, start=108422, stop=109024, strand=+, nt=[ATGAGTTACT..GCGTGACTAG]
12:42:17.572 - INFO - CDS - seq=contig_1, start=109017, stop=109811, strand=+, nt=[GTGACTAGTG..GGGGGTTTGA]
12:42:17.572 - INFO - CDS - seq=contig_1, start=109849, stop=111822, strand=-, nt=[ATGCTCTCTA..ATTTACGTGA]
12:42:17.572 - INFO - CDS - seq=contig_1, start=111887, stop=113251, strand=+, nt=[GTGGGTAATA..GCGCCACTGA]
12:42:17.572 - INFO - CDS - seq=contig_1, start=113299, stop=113709, strand=+, nt=[ATGCGTGCAG..TGCACGTTAA]
12:42:17.572 - INFO - CDS - seq=contig_1, start=113956, stop=115584, strand=+, nt=[ATGAAAAGGT..TCTTAAATAG]
12:42:17.572 - INFO - CDS - seq=contig_1, start=115750, stop=118743, strand=+, nt=[ATGCAAGAGA..TTTTCATTAG]
12:42:17.572 - INFO - CDS - seq=contig_1, start=118775, stop=120307, strand=-, nt=[ATGCAGAAAG..AACCTCATAA]
12:42:17.572 - INFO - CDS - seq=contig_1, start=120288, stop=122099, strand=-, nt=[GTGAGGCGTC..AAAAATGTGA]
12:42:17.572 - INFO - CDS - seq=contig_1, start=122219, stop=123604, strand=-, nt=[ATGGCACATC..TATTATCTAG]
12:42:17.572 - INFO - CDS - seq=contig_1, start=123706, stop=124584, strand=-, nt=[ATGGTTATTT..CGCTCAATGA]
12:42:17.572 - INFO - CDS - seq=contig_1, start=125146, stop=126858, strand=+, nt=[ATGAACGAAC..GCACCTGTGA]
12:42:17.572 - INFO - CDS - seq=contig_1, start=126918, stop=128345, strand=+, nt=[ATGCAGCAGC..TTCTTCTTAA]
12:42:17.572 - INFO - CDS - seq=contig_1, start=128342, stop=129694, strand=-, nt=[ATGTATCTTA..TAAAAATTAA]
12:42:17.572 - INFO - CDS - seq=contig_1, start=129836, stop=130822, strand=+, nt=[ATGCGAATAC..CGAGGAGTAG]
12:42:17.572 - INFO - CDS - seq=contig_1, start=130827, stop=131822, strand=+, nt=[ATGAGGAAAC..CCAGCACTGA]
12:42:17.572 - INFO - CDS - seq=contig_1, start=131847, stop=132656, strand=-, nt=[ATGCTCAAGT..CTTCCACTGA]
12:42:17.572 - INFO - CDS - seq=contig_1, start=132781, stop=134814, strand=+, nt=[ATGGTAATAA..CGGGGTTTGA]
12:42:17.572 - INFO - CDS - seq=contig_1, start=134846, stop=136093, strand=-, nt=[GTGGACATCG..GACATGGTAA]
12:42:17.572 - INFO - CDS - seq=contig_1, start=136047, stop=136637, strand=-, nt=[GTGGGCAGGC..CCTGGGATAG]
12:42:17.572 - INFO - CDS - seq=contig_1, start=136716, stop=137981, strand=-, nt=[ATGTTCGCGG..GAGTGTGTAG]
12:42:17.572 - INFO - CDS - seq=contig_1, start=138079, stop=138738, strand=-, nt=[ATGGCGAACC..GCGCAGGTAG]
12:42:17.572 - INFO - CDS - seq=contig_1, start=138738, stop=139547, strand=-, nt=[ATGGTCAGAC..ACACTGGTAA]
12:42:17.572 - INFO - CDS - seq=contig_1, start=139670, stop=140746, strand=+, nt=[GTGGTCTGTG..CCCGTTCTGA]
12:42:17.572 - INFO - CDS - seq=contig_1, start=140965, stop=142821, strand=-, nt=[ATGGAACTTC..TATGTGTTAG]
12:42:17.572 - INFO - CDS - seq=contig_1, start=142954, stop=145497, strand=+, nt=[ATGAGCGGTG..ACTCATTTAA]
12:42:17.572 - INFO - CDS - seq=contig_1, start=145511, stop=146617, strand=+, nt=[ATGGCGGTCA..CAATGTGTGA]
12:42:17.572 - INFO - CDS - seq=contig_1, start=146694, stop=147488, strand=+, nt=[ATGCGGCCCG..CGCGGACTAA]
12:42:17.572 - INFO - CDS - seq=contig_1, start=147552, stop=148223, strand=-, nt=[ATGAAACAAT..CCACCTCTGA]
12:42:17.572 - INFO - CDS - seq=contig_1, start=148277, stop=148915, strand=-, nt=[TTGTGGGTAT..GGGGGGGTAG]
12:42:17.572 - INFO - CDS - seq=contig_1, start=148997, stop=149266, strand=+, nt=[GTGTTTGACT..AGAAGTCTAA]
12:42:17.572 - INFO - CDS - seq=contig_1, start=149144, stop=149602, strand=-, nt=[ATGTGTGCAC..TGGGGCATAA]
12:42:17.572 - INFO - CDS - seq=contig_1, start=149625, stop=150092, strand=-, nt=[ATGGCCATGA..TCGGGGCTAA]
12:42:17.572 - INFO - CDS - seq=contig_1, start=150800, stop=152047, strand=-, nt=[GTGGACATCG..GACATGGTAA]
12:42:17.572 - INFO - CDS - seq=contig_1, start=152001, stop=152591, strand=-, nt=[GTGGGCAGGC..CCTGGGATAG]
12:42:17.572 - INFO - CDS - seq=contig_1, start=152831, stop=154093, strand=-, nt=[ATGTGCAAAC..TCGCGAATGA]
12:42:17.572 - INFO - CDS - seq=contig_1, start=154280, stop=155011, strand=+, nt=[GTGGGTTGCC..TCACCTCTGA]
12:42:17.572 - INFO - CDS - seq=contig_1, start=155468, stop=156682, strand=+, nt=[ATGGATACGC..TCGCGAGTAA]
12:42:17.572 - INFO - CDS - seq=contig_1, start=157097, stop=157777, strand=-, nt=[ATGCTCTTGA..CCTCGCGTGA]
12:42:17.572 - INFO - CDS - seq=contig_1, start=157842, stop=158534, strand=-, nt=[ATGGCAGTGA..CCAAATCTGA]
12:42:17.572 - INFO - CDS - seq=contig_1, start=158574, stop=160292, strand=-, nt=[ATGCATATTG..CATTGGTTGA]
12:42:17.572 - INFO - CDS - seq=contig_1, start=160472, stop=161005, strand=+, nt=[ATGTCTGTGC..ATGTGAATGA]
12:42:17.572 - INFO - CDS - seq=contig_1, start=160956, stop=161618, strand=-, nt=[ATGGATAATA..AAATGCTTGA]
12:42:17.572 - INFO - CDS - seq=contig_1, start=161611, stop=163353, strand=-, nt=[ATGACCACGC..CTATGGATAA]
12:42:17.572 - INFO - CDS - seq=contig_1, start=163350, stop=164357, strand=-, nt=[ATGGCTCACC..AACCCCATGA]
12:42:17.572 - INFO - CDS - seq=contig_1, start=164467, stop=166437, strand=+, nt=[ATGAGTGTGT..CTTTTCCTAG]
12:42:17.572 - INFO - CDS - seq=contig_1, start=166777, stop=167256, strand=+, nt=[ATGCTTCCGC..ACGCGTATGA]
12:42:17.572 - INFO - CDS - seq=contig_1, start=167253, stop=167564, strand=+, nt=[ATGAACTTGT..CACAGCGTGA]
12:42:17.572 - INFO - CDS - seq=contig_1, start=167528, stop=167830, strand=+, nt=[ATGGAGCGTG..TGGTAATTGA]
12:42:17.572 - INFO - CDS - seq=contig_1, start=167840, stop=169699, strand=-, nt=[ATGAAAAAAG..GAAAAGGTAA]
12:42:17.572 - INFO - CDS - seq=contig_1, start=169696, stop=170271, strand=-, nt=[GTGACAATGG..CCGATTATGA]
12:42:17.573 - INFO - CDS - seq=contig_1, start=170268, stop=170861, strand=-, nt=[ATGAGTAAGT..TGAATGGTGA]
12:42:17.573 - INFO - CDS - seq=contig_1, start=170854, stop=171321, strand=-, nt=[ATGACGTACA..ATATGAGTAA]
12:42:17.573 - INFO - CDS - seq=contig_1, start=171305, stop=172324, strand=-, nt=[ATGCACACCG..ACAACACTAA]
12:42:17.573 - INFO - CDS - seq=contig_1, start=172311, stop=173795, strand=-, nt=[ATGATAGAGC..ACACCGCTGA]
12:42:17.573 - INFO - CDS - seq=contig_1, start=173931, stop=174422, strand=-, nt=[ATGGACGGTG..GAGCCCTTGA]
12:42:17.573 - INFO - CDS - seq=contig_1, start=174584, stop=175684, strand=+, nt=[ATGAAAGTAG..TGAAGGATAG]
12:42:17.573 - INFO - CDS - seq=contig_1, start=175690, stop=176805, strand=+, nt=[GTGAGCGTGT..CCGTCCGTAG]
12:42:17.573 - INFO - CDS - seq=contig_1, start=176847, stop=177251, strand=-, nt=[GTGAATTTTT..GGATTACTAG]
12:42:17.573 - INFO - CDS - seq=contig_1, start=177248, stop=178150, strand=-, nt=[GTGAGTATAC..GCTATCGTGA]
12:42:17.573 - INFO - CDS - seq=contig_1, start=178147, stop=178812, strand=-, nt=[GTGATTAGAC..CAATCAGTGA]
12:42:17.573 - INFO - CDS - seq=contig_1, start=178837, stop=179865, strand=-, nt=[GTGTACATAA..AAAAAACTAA]
12:42:17.573 - INFO - CDS - seq=contig_1, start=179981, stop=181840, strand=-, nt=[GTGAAGATGT..AAGTTCGTAA]
12:42:17.573 - INFO - CDS - seq=contig_1, start=181946, stop=182998, strand=-, nt=[ATGGATCACA..GCTTCTTTAG]
12:42:17.573 - INFO - CDS - seq=contig_1, start=183174, stop=184100, strand=+, nt=[TTGATACGTG..GGCTCGCTAG]
12:42:17.573 - INFO - CDS - seq=contig_1, start=184248, stop=185048, strand=+, nt=[ATGGCAGAGA..TGTTCTCTGA]
12:42:17.573 - INFO - CDS - seq=contig_1, start=185020, stop=185916, strand=+, nt=[ATGCACGCGC..GGAGGGGTAG]
12:42:17.573 - INFO - CDS - seq=contig_1, start=185920, stop=187023, strand=+, nt=[ATGACCATGG..ATCCGTGTAG]
12:42:17.573 - INFO - CDS - seq=contig_1, start=187033, stop=187494, strand=+, nt=[ATGTCGTTAG..AGGTGTATGA]
12:42:17.573 - INFO - CDS - seq=contig_1, start=187574, stop=188329, strand=+, nt=[ATGAAGCTTG..GAGTAACTAA]
12:42:17.573 - INFO - CDS - seq=contig_1, start=188648, stop=189457, strand=+, nt=[GTGACGGTCG..CGTGGTGTAA]
12:42:17.573 - INFO - CDS - seq=contig_1, start=189556, stop=189984, strand=+, nt=[ATGGTGAAAA..TAGCAGGTAG]
12:42:17.573 - INFO - CDS - seq=contig_1, start=189974, stop=191341, strand=-, nt=[GTGCGCGCCT..TACCTGCTAA]
12:42:17.573 - INFO - CDS - seq=contig_1, start=191349, stop=192869, strand=-, nt=[ATGACTAATG..CAATGAGTAG]
12:42:17.573 - INFO - CDS - seq=contig_1, start=192866, stop=194194, strand=-, nt=[GTGGTAATAA..CAACATATGA]
12:42:17.573 - INFO - CDS - seq=contig_1, start=194269, stop=195195, strand=-, nt=[ATGGGTCTTA..GTGTCGCTGA]
12:42:17.573 - INFO - CDS - seq=contig_1, start=195195, stop=197078, strand=-, nt=[ATGACACAGG..GATTTCCTAA]
12:42:17.573 - INFO - CDS - seq=contig_1, start=197172, stop=197615, strand=+, nt=[ATGCGCGTTT..TAAAACATGA]
12:42:17.573 - INFO - CDS - seq=contig_1, start=197596, stop=198234, strand=+, nt=[GTGCGTATTT..TAAAGAATGA]
12:42:17.573 - INFO - CDS - seq=contig_1, start=198237, stop=199082, strand=-, nt=[ATGGAAAAAG..CCGCAACTGA]
12:42:17.573 - INFO - CDS - seq=contig_1, start=199087, stop=199551, strand=-, nt=[ATGAGGGGCA..ACACCACTAG]
12:42:17.573 - INFO - CDS - seq=contig_1, start=199639, stop=200346, strand=+, nt=[ATGTTTGCGC..TGTCTTGTAG]
12:42:17.573 - INFO - CDS - seq=contig_1, start=200365, stop=201582, strand=+, nt=[GTGGTGCGTG..GCGCACGTGA]
12:42:17.573 - INFO - CDS - seq=contig_1, start=201946, stop=203133, strand=+, nt=[ATGGCCAAGG..TTTGTTGTAG]
12:42:17.573 - INFO - CDS - seq=contig_1, start=203205, stop=203513, strand=+, nt=[ATGGCCAGGG..AAAGCAGTGA]
12:42:17.573 - INFO - CDS - seq=contig_1, start=203560, stop=204186, strand=+, nt=[ATGGTTGGTT..TGAAAGATAG]
12:42:17.573 - INFO - CDS - seq=contig_1, start=204176, stop=204850, strand=+, nt=[GTGAAAGATA..AACATACTGA]
12:42:17.573 - INFO - CDS - seq=contig_1, start=204837, stop=205121, strand=+, nt=[ATGGAACATA..GCGTGCATAG]
12:42:17.573 - INFO - CDS - seq=contig_1, start=205177, stop=205998, strand=+, nt=[ATGGCGTTGA..GAGAAAGTAA]
12:42:17.573 - INFO - CDS - seq=contig_1, start=206008, stop=206295, strand=+, nt=[ATGTCTAGGT..GGGAAGGTAG]
12:42:17.573 - INFO - CDS - seq=contig_1, start=206304, stop=206678, strand=+, nt=[ATGACTGAGC..AAAAGGTTAG]
12:42:17.573 - INFO - CDS - seq=contig_1, start=206662, stop=207405, strand=+, nt=[ATGGGTCAAA..GAGAGGTTGA]
12:42:17.573 - INFO - CDS - seq=contig_1, start=207409, stop=207828, strand=+, nt=[ATGGCGCTTA..GGAAATTTAG]
12:42:17.573 - INFO - CDS - seq=contig_1, start=207843, stop=208061, strand=+, nt=[ATGGGTCGGG..TCGGGAGTGA]
12:42:17.573 - INFO - CDS - seq=contig_1, start=208061, stop=208330, strand=+, nt=[ATGGAGCAGT..AGCGAAGTAA]
12:42:17.573 - INFO - CDS - seq=contig_1, start=208343, stop=208711, strand=+, nt=[ATGATTCAGG..GGTTTTGTGA]
12:42:17.573 - INFO - CDS - seq=contig_1, start=208723, stop=209034, strand=+, nt=[ATGGGGAAGA..GGTGCTATGA]
12:42:17.573 - INFO - CDS - seq=contig_1, start=209031, stop=209588, strand=+, nt=[ATGACCGATC..TAGAAAATAA]
12:42:17.573 - INFO - CDS - seq=contig_1, start=209801, stop=210199, strand=+, nt=[ATGGGTGTTT..AGTTTGGTAG]
12:42:17.573 - INFO - CDS - seq=contig_1, start=210209, stop=210748, strand=+, nt=[GTGTCAAGAA..GGTAAAGTAG]
12:42:17.573 - INFO - CDS - seq=contig_1, start=210757, stop=211119, strand=+, nt=[ATGCTAAGGA..TAGGTTCTAG]
12:42:17.573 - INFO - CDS - seq=contig_1, start=211128, stop=211646, strand=+, nt=[ATGGATCGTC..GTGGGGGTAG]
12:42:17.573 - INFO - CDS - seq=contig_1, start=211649, stop=211834, strand=+, nt=[ATGACAAAGA..GTTAGGTTAG]
12:42:17.573 - INFO - CDS - seq=contig_1, start=211834, stop=212295, strand=+, nt=[GTGGCGGATT..GGAACGATGA]
12:42:17.573 - INFO - CDS - seq=contig_1, start=212303, stop=213622, strand=+, nt=[ATGAAACAGG..CAGTTTGTAG]
12:42:17.573 - INFO - CDS - seq=contig_1, start=213661, stop=213774, strand=+, nt=[ATGAAGGTAA..TCAGGGCTAA]
12:42:17.573 - INFO - CDS - seq=contig_1, start=213790, stop=214155, strand=+, nt=[ATGGCGCGTA..GAAAAAGTAA]
12:42:17.573 - INFO - CDS - seq=contig_1, start=214174, stop=214554, strand=+, nt=[GTGGCGGTCA..CCGCATCTGA]
12:42:17.573 - INFO - CDS - seq=contig_1, start=214569, stop=215624, strand=+, nt=[ATGCCTCGTA..TGAGGCATAG]
12:42:17.573 - INFO - CDS - seq=contig_1, start=215614, stop=216108, strand=+, nt=[ATGAGGCATA..GGAAGAATAG]
12:42:17.573 - INFO - CDS - seq=contig_1, start=216132, stop=216329, strand=+, nt=[ATGTCAAAGG..TGGAGCTTGA]
12:42:17.573 - INFO - CDS - seq=contig_1, start=216514, stop=217197, strand=+, nt=[ATGGCAAAAA..TTCGGAGTGA]
12:42:17.573 - INFO - CDS - seq=contig_1, start=217313, stop=219220, strand=+, nt=[ATGGGGAAGA..TTCGAAGTAG]
12:42:17.573 - INFO - CDS - seq=contig_1, start=219389, stop=220591, strand=+, nt=[GTGCCGGTTT..TCTCAAGTAG]
12:42:17.573 - INFO - CDS - seq=contig_1, start=220768, stop=222237, strand=+, nt=[GTGATTCGCA..GAAGAGGTAG]
12:42:17.573 - INFO - CDS - seq=contig_1, start=222241, stop=224388, strand=+, nt=[ATGGGGTTAC..GCCTCGGTAG]
12:42:17.573 - INFO - CDS - seq=contig_1, start=224417, stop=224575, strand=+, nt=[ATGGATAATA..TCTGGCGTGA]
12:42:17.573 - INFO - CDS - seq=contig_1, start=224572, stop=224748, strand=+, nt=[GTGACGGCTA..GTTGGACTAA]
12:42:17.573 - INFO - CDS - seq=contig_1, start=224735, stop=225532, strand=+, nt=[ATGAGTTGGA..ATCGTCGTGA]
12:42:17.573 - INFO - CDS - seq=contig_1, start=225542, stop=225988, strand=+, nt=[ATGTGGAAGC..GGTGAAGTGA]
12:42:17.573 - INFO - CDS - seq=contig_1, start=226125, stop=227564, strand=+, nt=[ATGGACCTCT..ACGGTCTTAG]
12:42:17.573 - INFO - CDS - seq=contig_1, start=227598, stop=227708, strand=+, nt=[ATGGTGTGCA..ATTGAAGTGA]
12:42:17.573 - INFO - CDS - seq=contig_1, start=227754, stop=228494, strand=+, nt=[GTGCCAAAAC..CGAGTTCTAA]
12:42:17.573 - INFO - CDS - seq=contig_1, start=228538, stop=228645, strand=+, nt=[ATGGGTAGAG..GACAGGTTGA]
12:42:17.573 - INFO - CDS - seq=contig_1, start=233647, stop=234333, strand=-, nt=[ATGTTTTTCT..AAGCGAGTGA]
12:42:17.573 - INFO - CDS - seq=contig_1, start=234386, stop=235153, strand=-, nt=[ATGAGCGCAG..TTGGATCTAG]
12:42:17.573 - INFO - CDS - seq=contig_1, start=235220, stop=235798, strand=-, nt=[ATGCACCGTA..TCATGGTTGA]
12:42:17.573 - INFO - CDS - seq=contig_1, start=236000, stop=236812, strand=+, nt=[ATGTACGCAG..GCCAATATAA]
12:42:17.573 - INFO - CDS - seq=contig_1, start=236817, stop=238790, strand=+, nt=[ATGGCGCCGT..TGTGCTGTAG]
12:42:17.573 - INFO - CDS - seq=contig_1, start=238891, stop=239541, strand=+, nt=[GTGGCACTGC..TGCGCTATGA]
12:42:17.573 - INFO - CDS - seq=contig_1, start=239788, stop=240333, strand=+, nt=[ATGGGTACTG..TCTCGGTTAG]
12:42:17.573 - INFO - CDS - seq=contig_1, start=240423, stop=240557, strand=+, nt=[ATGCGGGCCG..GTGGATGTGA]
12:42:17.573 - INFO - CDS - seq=contig_1, start=240569, stop=240739, strand=+, nt=[ATGGCAAAGA..GATAAAGTAG]
12:42:17.573 - INFO - CDS - seq=contig_1, start=240889, stop=241068, strand=+, nt=[ATGTTGAAGT..CTTCTTCTGA]
12:42:17.573 - INFO - CDS - seq=contig_1, start=241078, stop=241635, strand=+, nt=[ATGGCGAAAG..GGCGCTCTGA]
12:42:17.573 - INFO - CDS - seq=contig_1, start=241742, stop=242182, strand=+, nt=[ATGGCAGCGA..TTCATTATGA]
12:42:17.573 - INFO - CDS - seq=contig_1, start=242179, stop=242859, strand=+, nt=[ATGAAGAGGG..AGAGGAGTAG]
12:42:17.574 - INFO - CDS - seq=contig_1, start=242861, stop=243403, strand=+, nt=[ATGGCAGTAC..TTCGTCCTAG]
12:42:17.574 - INFO - CDS - seq=contig_1, start=243512, stop=243901, strand=+, nt=[ATGGCGGCGT..GATTTCCTAG]
12:42:17.574 - INFO - CDS - seq=contig_1, start=244165, stop=247701, strand=+, nt=[ATGTCAGCAC..TAAATTTTAA]
12:42:17.574 - INFO - CDS - seq=contig_1, start=247714, stop=251964, strand=+, nt=[ATGAAGGATA..CGAAGCGTGA]
12:42:17.574 - INFO - CDS - seq=contig_1, start=252067, stop=252441, strand=+, nt=[ATGCCAACAA..TCGGGCGTAG]
12:42:17.574 - INFO - CDS - seq=contig_1, start=252463, stop=252933, strand=+, nt=[ATGGGGCGGA..TCGCTGGTAG]
12:42:17.574 - INFO - CDS - seq=contig_1, start=253067, stop=256390, strand=+, nt=[GTGGGGGGGC..CAATGAATGA]
12:42:17.574 - INFO - CDS - seq=contig_1, start=256377, stop=258329, strand=+, nt=[ATGACAATGA..GGTATGGTAG]
12:42:17.574 - INFO - CDS - seq=contig_1, start=258422, stop=259453, strand=+, nt=[ATGAAGTTTT..ACCCTTATGA]
12:42:17.574 - INFO - CDS - seq=contig_1, start=259450, stop=259923, strand=+, nt=[ATGATAGGGG..TGATGGGTAG]
12:42:17.574 - INFO - CDS - seq=contig_1, start=260002, stop=261054, strand=+, nt=[ATGAAGAAAG..GCAGCAGTAG]
12:42:17.574 - INFO - CDS - seq=contig_1, start=261167, stop=261454, strand=+, nt=[ATGGGTAGGA..GCGCGTTTGA]
12:42:17.574 - INFO - CDS - seq=contig_1, start=261486, stop=261803, strand=+, nt=[GTGAAGAGAG..TGCGGATTGA]
12:42:17.574 - INFO - CDS - seq=contig_1, start=261793, stop=263433, strand=+, nt=[GTGCGGATTG..GTGGCGTTGA]
12:42:17.574 - INFO - CDS - seq=contig_1, start=263424, stop=263837, strand=+, nt=[GTGGCGTTGA..GCGTCGTTAG]
12:42:17.574 - INFO - CDS - seq=contig_1, start=264074, stop=265633, strand=+, nt=[ATGAAAGATT..CTCCTCCTGA]
12:42:17.574 - INFO - CDS - seq=contig_1, start=265752, stop=265955, strand=+, nt=[ATGAAAAAGG..TCGAGGCTAG]
12:42:17.574 - INFO - CDS - seq=contig_1, start=266000, stop=266650, strand=+, nt=[ATGAGGCTTT..ATGGGATTAA]
12:42:17.574 - INFO - CDS - seq=contig_1, start=266747, stop=267817, strand=+, nt=[ATGCGGGGAA..CCGCTATTGA]
12:42:17.574 - INFO - CDS - seq=contig_1, start=267884, stop=268594, strand=-, nt=[GTGCTCTCTT..CACCTACTGA]
12:42:17.574 - INFO - CDS - seq=contig_1, start=268673, stop=269275, strand=+, nt=[ATGTATCTTG..GCCGCGCTAG]
12:42:17.574 - INFO - CDS - seq=contig_1, start=269406, stop=270686, strand=-, nt=[GTGCCCTTTC..CCAACCCTAA]
12:42:17.574 - INFO - CDS - seq=contig_1, start=270915, stop=271910, strand=+, nt=[GTGCCAAAAG..GCATGGCTGA]
12:42:17.574 - INFO - CDS - seq=contig_1, start=271903, stop=272562, strand=+, nt=[ATGGCTGATG..CTTAGGCTGA]
12:42:17.574 - INFO - CDS - seq=contig_1, start=272753, stop=274360, strand=+, nt=[ATGGGTGCGC..GGGAGGATAG]
12:42:17.574 - INFO - CDS - seq=contig_1, start=274365, stop=275021, strand=+, nt=[ATGGAACTCA..TGCCTCCTAG]
12:42:17.574 - INFO - CDS - seq=contig_1, start=275453, stop=276820, strand=-, nt=[GTGATACATA..GGATAACTGA]
12:42:17.574 - INFO - CDS - seq=contig_1, start=276890, stop=276979, strand=+, nt=[ATGCGGGTGG..CGCGGAGTGA]
12:42:17.574 - INFO - CDS - seq=contig_1, start=276925, stop=277032, strand=+, nt=[ATGGGTAGAG..GACAGGTTGA]
12:42:17.574 - INFO - CDS - seq=contig_1, start=282088, stop=282453, strand=+, nt=[GTGGCTTCGG..ATCGGGTTGA]
12:42:17.574 - INFO - CDS - seq=contig_1, start=282483, stop=283103, strand=+, nt=[TTGGTCGCTA..CCGTAGGTAG]
12:42:17.574 - INFO - CDS - seq=contig_1, start=283113, stop=284561, strand=+, nt=[GTGTTTTCCG..CCTCTTGTGA]
12:42:17.574 - INFO - CDS - seq=contig_1, start=284545, stop=286071, strand=+, nt=[GTGCTATCCT..GCAGAATTAG]
12:42:17.574 - INFO - CDS - seq=contig_1, start=286068, stop=287042, strand=-, nt=[ATGGGCAAAG..GGCGCACTAA]
12:42:17.574 - INFO - CDS - seq=contig_1, start=287029, stop=287790, strand=-, nt=[ATGGGTAAAA..GCAAAGATAA]
12:42:17.574 - INFO - CDS - seq=contig_1, start=287923, stop=288714, strand=+, nt=[GTGCTATCTT..GAAATCGTAA]
12:42:17.574 - INFO - CDS - seq=contig_1, start=288752, stop=289252, strand=-, nt=[ATGGGACAAC..CCCCTCATAG]
12:42:17.574 - INFO - CDS - seq=contig_1, start=289341, stop=290090, strand=-, nt=[ATGGAACAAA..CACGAAGTGA]
12:42:17.574 - INFO - CDS - seq=contig_1, start=290069, stop=290953, strand=-, nt=[GTGGTGTTGT..CAGCTGGTAA]
12:42:17.574 - INFO - CDS - seq=contig_1, start=291123, stop=292469, strand=-, nt=[ATGCAGACGG..GGTATCTTGA]
12:42:17.574 - INFO - CDS - seq=contig_1, start=292876, stop=295374, strand=+, nt=[ATGAGGACCG..TGGAAAGTGA]
12:42:17.574 - INFO - CDS - seq=contig_1, start=295637, stop=296356, strand=+, nt=[ATGCGTGAGC..AGCACAGTAG]
12:42:17.574 - INFO - CDS - seq=contig_1, start=296453, stop=297013, strand=+, nt=[GTGGGTGCGA..GCAGGCGTGA]
12:42:17.574 - INFO - CDS - seq=contig_1, start=297118, stop=298797, strand=+, nt=[ATGCGTGCCG..TAATTTTTAA]
12:42:17.574 - INFO - CDS - seq=contig_1, start=298760, stop=299725, strand=+, nt=[GTGGGCAGTG..ACCACGTTAA]
12:42:17.574 - INFO - CDS - seq=contig_1, start=299725, stop=302298, strand=+, nt=[ATGGAACAGG..GAGTAAGTGA]
12:42:17.574 - INFO - CDS - seq=contig_1, start=302353, stop=303186, strand=+, nt=[ATGTCAGGCG..GGTAGAGTAA]
12:42:17.574 - INFO - CDS - seq=contig_1, start=303223, stop=304104, strand=+, nt=[ATGGTGCGTT..GTGTGTATGA]
12:42:17.574 - INFO - CDS - seq=contig_1, start=304131, stop=305348, strand=+, nt=[ATGCTGTGTG..AAGTAAGTAA]
12:42:17.574 - INFO - CDS - seq=contig_1, start=305514, stop=306779, strand=+, nt=[ATGAGATGTT..GCGCGCATAG]
12:42:17.574 - INFO - CDS - seq=contig_1, start=306798, stop=308042, strand=+, nt=[ATGGGTTCGG..ACAGGGGTAG]
12:42:17.574 - INFO - CDS - seq=contig_1, start=308128, stop=308763, strand=+, nt=[GTGCGCGGGT..AGGCGAGTAA]
12:42:17.574 - INFO - CDS - seq=contig_1, start=308766, stop=309539, strand=+, nt=[ATGGAACAGA..GAAAAACTAG]
12:42:17.574 - INFO - CDS - seq=contig_1, start=309672, stop=310703, strand=+, nt=[ATGAACGGTG..GGTGCGTTGA]
12:42:17.574 - INFO - CDS - seq=contig_1, start=310703, stop=312460, strand=+, nt=[ATGATAGCTG..TCATACGTGA]
12:42:17.574 - INFO - CDS - seq=contig_1, start=312457, stop=313590, strand=+, nt=[GTGAAACGGG..ATGGGAGTGA]
12:42:17.574 - INFO - CDS - seq=contig_1, start=313581, stop=314522, strand=+, nt=[ATGGGAGTGA..GTGCGCTTGA]
12:42:17.574 - INFO - CDS - seq=contig_1, start=314509, stop=316455, strand=-, nt=[GTGGCGTGTG..GCGCACGTAA]
12:42:17.574 - INFO - CDS - seq=contig_1, start=316468, stop=319395, strand=-, nt=[ATGGGCCCCG..GGCCTCGTAG]
12:42:17.574 - INFO - CDS - seq=contig_1, start=319466, stop=321244, strand=+, nt=[GTGCTCCCTT..TCGTTCTTGA]
12:42:17.574 - INFO - CDS - seq=contig_1, start=321409, stop=322023, strand=+, nt=[ATGGCAGTGA..CTCGCGGTAG]
12:42:17.574 - INFO - CDS - seq=contig_1, start=322109, stop=323137, strand=+, nt=[ATGGATGATG..AGGTTCCTAG]
12:42:17.574 - INFO - CDS - seq=contig_1, start=323112, stop=324077, strand=+, nt=[GTGCATTGCC..GATAGAATAA]
12:42:17.574 - INFO - CDS - seq=contig_1, start=324143, stop=324361, strand=+, nt=[ATGCTCTGGT..ACGATGTTGA]
12:42:17.574 - INFO - CDS - seq=contig_1, start=324375, stop=324959, strand=+, nt=[GTGGCACGTC..CGACCGCTAA]
12:42:17.574 - INFO - CDS - seq=contig_1, start=324982, stop=325344, strand=+, nt=[GTGGATCCGT..ACGCGGTTGA]
12:42:17.574 - INFO - CDS - seq=contig_1, start=325417, stop=326430, strand=+, nt=[ATGAGTTCAC..GCGCGGGTAG]
12:42:17.574 - INFO - CDS - seq=contig_1, start=326609, stop=326905, strand=-, nt=[GTGCAGCGTC..AGCCAGTTAG]
12:42:17.574 - INFO - CDS - seq=contig_1, start=327048, stop=328790, strand=+, nt=[TTGGGTATCG..CTCCTGGTAG]
12:42:17.574 - INFO - CDS - seq=contig_1, start=328849, stop=329121, strand=-, nt=[GTGTGTTCGT..CCGCACCTAG]
12:42:17.574 - INFO - CDS - seq=contig_1, start=329210, stop=329554, strand=-, nt=[ATGGGCAGGA..GGGGGGGTAG]
12:42:17.574 - INFO - CDS - seq=contig_1, start=329624, stop=330928, strand=-, nt=[GTGGGGTCAG..GGTCTGGTGA]
12:42:17.574 - INFO - CDS - seq=contig_1, start=331101, stop=331397, strand=+, nt=[GTGCAGCGTC..AGCCAGTTAG]
12:42:17.574 - INFO - CDS - seq=contig_1, start=331645, stop=332706, strand=+, nt=[ATGGGAGAGA..GATGAACTAA]
12:42:17.574 - INFO - CDS - seq=contig_1, start=332947, stop=334548, strand=+, nt=[ATGCCATACG..ACAGGGGTGA]
12:42:17.574 - INFO - CDS - seq=contig_1, start=334545, stop=335660, strand=+, nt=[GTGATTGCGC..GCGCGTATGA]
12:42:17.574 - INFO - CDS - seq=contig_1, start=335657, stop=336607, strand=+, nt=[ATGAACACGT..GAGGTATTAA]
12:42:17.574 - INFO - CDS - seq=contig_1, start=336711, stop=341117, strand=+, nt=[GTGGCTGTGC..TGCGTATTGA]
12:42:17.574 - INFO - CDS - seq=contig_1, start=341147, stop=343630, strand=+, nt=[ATGCTCAAAA..TAATTTGTAG]
12:42:17.574 - INFO - CDS - seq=contig_1, start=343687, stop=344205, strand=+, nt=[ATGAAAGCGG..CAGCTCGTGA]
12:42:17.574 - INFO - CDS - seq=contig_1, start=344261, stop=346963, strand=+, nt=[GTGAGGTCCC..GAAGGGGTAA]
12:42:17.574 - INFO - CDS - seq=contig_1, start=347081, stop=348622, strand=+, nt=[GTGAATAATT..AGGGACTTGA]
12:42:17.574 - INFO - CDS - seq=contig_1, start=348778, stop=350574, strand=-, nt=[GTGCATTCGG..AGAAAAATAA]
12:42:17.574 - INFO - CDS - seq=contig_1, start=350804, stop=352270, strand=-, nt=[ATGGGCGCAG..CTCGATATAG]
12:42:17.574 - INFO - CDS - seq=contig_1, start=352449, stop=353141, strand=+, nt=[ATGAGAAGAC..TGCTGATTGA]
12:42:17.574 - INFO - CDS - seq=contig_1, start=353166, stop=354383, strand=+, nt=[ATGCCAGATA..AGTAGACTAG]
12:42:17.574 - INFO - CDS - seq=contig_1, start=354380, stop=354844, strand=-, nt=[ATGCACTCCT..CGCGCGCTAG]
12:42:17.574 - INFO - CDS - seq=contig_1, start=354849, stop=356462, strand=+, nt=[GTGGAACAGT..CGAATTATAA]
12:42:17.575 - INFO - CDS - seq=contig_1, start=356443, stop=357300, strand=+, nt=[ATGTGTTGCC..GCTACTGTAG]
12:42:17.575 - INFO - CDS - seq=contig_1, start=357318, stop=357806, strand=+, nt=[ATGGCGCGTG..TAGCATGTGA]
12:42:17.575 - INFO - CDS - seq=contig_1, start=357818, stop=358813, strand=+, nt=[GTGTCGTATT..GGGTAGGTAG]
12:42:17.575 - INFO - CDS - seq=contig_1, start=358799, stop=360271, strand=-, nt=[ATGTCAGACC..TACCCGATAA]
12:42:17.575 - INFO - CDS - seq=contig_1, start=360290, stop=361735, strand=+, nt=[ATGGGGCGGG..GGAGGTGTAA]
12:42:17.575 - INFO - CDS - seq=contig_1, start=361856, stop=362416, strand=+, nt=[GTGAGTAATC..AGCTTGGTAG]
12:42:17.575 - INFO - CDS - seq=contig_1, start=362410, stop=363243, strand=+, nt=[TTGGTAGGGC..CGCTGATTGA]
12:42:17.575 - INFO - CDS - seq=contig_1, start=363248, stop=366694, strand=-, nt=[ATGCACGCTC..TGAGTCATAA]
12:42:17.575 - INFO - CDS - seq=contig_1, start=366823, stop=367914, strand=+, nt=[ATGGGGTTAA..ACTGCGGTAG]
12:42:17.575 - INFO - CDS - seq=contig_1, start=368071, stop=368772, strand=+, nt=[GTGTGTATTG..CAAGGTGTGA]
12:42:17.575 - INFO - CDS - seq=contig_1, start=368876, stop=369586, strand=+, nt=[ATGAACGGAA..TCGAATATAG]
12:42:17.575 - INFO - CDS - seq=contig_1, start=369607, stop=370722, strand=-, nt=[GTGCGGAGCA..GCGCCGCTAA]
12:42:17.575 - INFO - CDS - seq=contig_1, start=370701, stop=371231, strand=-, nt=[ATGAAAATCG..CTGCCACTAG]
12:42:17.575 - INFO - CDS - seq=contig_1, start=371444, stop=372730, strand=+, nt=[ATGGTAGAGG..GCGTCCGTGA]
12:42:17.575 - INFO - CDS - seq=contig_1, start=372727, stop=373617, strand=+, nt=[GTGATCCGTG..TGTTTCTTAG]
12:42:17.575 - INFO - CDS - seq=contig_1, start=373749, stop=374006, strand=+, nt=[ATGCGAGAAA..CCCGTACTAG]
12:42:17.575 - INFO - CDS - seq=contig_1, start=374003, stop=374512, strand=-, nt=[ATGAACGCGC..CCGTCCCTAG]
12:42:17.575 - INFO - CDS - seq=contig_1, start=374776, stop=375402, strand=+, nt=[ATGAATATTC..TCTAAAATAG]
12:42:17.575 - INFO - CDS - seq=contig_1, start=375478, stop=375768, strand=+, nt=[GTGCTCGGTA..AGGCTATTGA]
12:42:17.575 - INFO - CDS - seq=contig_1, start=376004, stop=376273, strand=+, nt=[ATGTCCGCAA..TAAGAATTAG]
12:42:17.575 - INFO - CDS - seq=contig_1, start=376299, stop=376406, strand=+, nt=[GTGGCGCATG..TTCCTGTTAG]
12:42:17.575 - INFO - CDS - seq=contig_1, start=376456, stop=377115, strand=+, nt=[ATGGATGAGG..CTTTTGGTGA]
12:42:17.575 - INFO - CDS - seq=contig_1, start=377120, stop=378700, strand=-, nt=[ATGAAGAAAA..AAAGAAATGA]
12:42:17.575 - INFO - CDS - seq=contig_1, start=378712, stop=379347, strand=-, nt=[GTGGCGCTCA..GTGCTCATAA]
12:42:17.575 - INFO - CDS - seq=contig_1, start=379564, stop=379734, strand=+, nt=[ATGGCTGGTG..CTTTAACTAG]
12:42:17.575 - INFO - CDS - seq=contig_1, start=379731, stop=380534, strand=-, nt=[ATGTGCGGAA..AGACTCCTAG]
12:42:17.575 - INFO - CDS - seq=contig_1, start=380655, stop=380891, strand=+, nt=[ATGGCAAGAA..CAAGCTCTGA]
12:42:17.575 - INFO - CDS - seq=contig_1, start=381389, stop=383821, strand=+, nt=[ATGAGCGATT..GGTGTGGTAG]
12:42:17.575 - INFO - CDS - seq=contig_1, start=383848, stop=385182, strand=+, nt=[ATGATAGAGC..CAAGGAATAA]
12:42:17.575 - INFO - CDS - seq=contig_1, start=385204, stop=385668, strand=+, nt=[ATGCGTGTAG..CAAAGTATAA]
12:42:17.575 - INFO - CDS - seq=contig_1, start=385681, stop=386115, strand=+, nt=[ATGATTTCCA..ACTAAAGTGA]
12:42:17.575 - INFO - CDS - seq=contig_1, start=386419, stop=389244, strand=+, nt=[GTGCTCTTCC..AGCCATTTGA]
12:42:17.575 - INFO - CDS - seq=contig_1, start=389244, stop=389579, strand=+, nt=[ATGCGTCTGC..AGTACCGTGA]
12:42:17.575 - INFO - CDS - seq=contig_1, start=389576, stop=391114, strand=+, nt=[GTGAGTGTGT..GATTTCTTAG]
12:42:17.575 - INFO - CDS - seq=contig_1, start=391182, stop=391445, strand=-, nt=[ATGAACGAGA..TGACGAATAG]
12:42:17.575 - INFO - CDS - seq=contig_1, start=391656, stop=392492, strand=+, nt=[ATGCATCTGT..ATGTAGGTAG]
12:42:17.575 - INFO - CDS - seq=contig_1, start=392614, stop=393204, strand=+, nt=[GTGGATGAAA..GACCGGCTAG]
12:42:17.575 - INFO - CDS - seq=contig_1, start=393264, stop=394697, strand=+, nt=[GTGAGTGAGT..TCATGAGTAA]
12:42:17.575 - INFO - CDS - seq=contig_1, start=394690, stop=397008, strand=+, nt=[ATGAGTAAGG..GAAGGAGTAG]
12:42:17.575 - INFO - CDS - seq=contig_1, start=397049, stop=397408, strand=-, nt=[ATGTTGTATA..CAAATCGTGA]
12:42:17.575 - INFO - CDS - seq=contig_1, start=397692, stop=398588, strand=-, nt=[GTGAAGACAA..AGGCATATGA]
12:42:17.575 - INFO - CDS - seq=contig_1, start=398676, stop=399170, strand=+, nt=[GTGCTACAAT..TCTGTTCTGA]
12:42:17.575 - INFO - CDS - seq=contig_1, start=399245, stop=401995, strand=-, nt=[ATGCTCGTAC..TGGCCGCTGA]
12:42:17.575 - INFO - CDS - seq=contig_1, start=402099, stop=403919, strand=-, nt=[GTGACTTCTG..ACACGAATAA]
12:42:17.575 - INFO - CDS - seq=contig_1, start=404059, stop=404775, strand=-, nt=[ATGCTGGGTG..CGTCATTTAG]
12:42:17.575 - INFO - CDS - seq=contig_1, start=405004, stop=405453, strand=+, nt=[GTGGAGGATA..TTGTCTGTGA]
12:42:17.575 - INFO - CDS - seq=contig_1, start=405450, stop=406589, strand=+, nt=[GTGAGTCTTT..GAAACGGTAG]
12:42:17.575 - INFO - CDS - seq=contig_1, start=406602, stop=406976, strand=+, nt=[ATGCGTGAGA..TGAGTTTTGA]
12:42:17.575 - INFO - CDS - seq=contig_1, start=406960, stop=408339, strand=+, nt=[ATGCTTCTGA..AGAGCGATGA]
12:42:17.575 - INFO - CDS - seq=contig_1, start=408336, stop=409490, strand=+, nt=[ATGAGACCGA..TTTTGTGTAG]
12:42:17.575 - INFO - CDS - seq=contig_1, start=409468, stop=410283, strand=+, nt=[GTGAAGAAAC..GTATCGCTAG]
12:42:17.575 - INFO - CDS - seq=contig_1, start=410296, stop=411540, strand=+, nt=[ATGGGTGAGG..CTTGTTTTAA]
12:42:17.575 - INFO - CDS - seq=contig_1, start=411589, stop=412842, strand=+, nt=[ATGAATATAG..GGGTCTGTGA]
12:42:17.575 - INFO - CDS - seq=contig_1, start=412839, stop=413759, strand=+, nt=[GTGAAAGACG..TGAAAACTAG]
12:42:17.575 - INFO - CDS - seq=contig_1, start=413749, stop=414501, strand=+, nt=[ATGAAAACTA..CCGTGGATGA]
12:42:17.575 - INFO - CDS - seq=contig_1, start=414498, stop=415406, strand=+, nt=[ATGAACACGG..TCGGACGTAG]
12:42:17.575 - INFO - CDS - seq=contig_1, start=415439, stop=417634, strand=+, nt=[ATGGAAGTGC..TTATGAGTAA]
12:42:17.575 - INFO - CDS - seq=contig_1, start=417627, stop=418520, strand=+, nt=[ATGAGTAATG..GCGTGGATAG]
12:42:17.575 - INFO - CDS - seq=contig_1, start=418668, stop=419078, strand=+, nt=[GTGAATAGTT..GTTACGTTAA]
12:42:17.575 - INFO - CDS - seq=contig_1, start=419096, stop=419551, strand=+, nt=[ATGGGTTTGT..TGCGCGCTAG]
12:42:17.575 - INFO - CDS - seq=contig_1, start=419607, stop=419981, strand=+, nt=[ATGACGCCAG..TGCTCGGTAA]
12:42:17.575 - INFO - CDS - seq=contig_1, start=420098, stop=421801, strand=+, nt=[GTGGGCGAAT..GGAGGAGTAG]
12:42:17.575 - INFO - CDS - seq=contig_1, start=421806, stop=422864, strand=+, nt=[ATGGCCGTTA..GATTGTGTAA]
12:42:17.575 - INFO - CDS - seq=contig_1, start=422912, stop=423841, strand=+, nt=[ATGCCAAAGA..GGGTTCTTGA]
12:42:17.575 - INFO - CDS - seq=contig_1, start=423869, stop=425212, strand=+, nt=[ATGGAAGCAG..AGGTGTGTGA]
12:42:17.575 - INFO - CDS - seq=contig_1, start=425241, stop=425693, strand=+, nt=[GTGAAAAGGT..CAAGCATTAA]
12:42:17.575 - INFO - CDS - seq=contig_1, start=425690, stop=426223, strand=-, nt=[ATGAAAGTTT..CAGCCGTTAA]
12:42:17.575 - INFO - CDS - seq=contig_1, start=426445, stop=426687, strand=+, nt=[ATGTGCGAAG..TGTGTGTTGA]
12:42:17.575 - INFO - CDS - seq=contig_1, start=426677, stop=427666, strand=+, nt=[ATGTGTGTTG..GGACGTATGA]
12:42:17.575 - INFO - CDS - seq=contig_1, start=427794, stop=428450, strand=+, nt=[GTGGCCTTTG..GATAGCATGA]
12:42:17.575 - INFO - CDS - seq=contig_1, start=428546, stop=431800, strand=+, nt=[ATGGAGTACT..TTCGTTTTGA]
12:42:17.575 - INFO - CDS - seq=contig_1, start=431918, stop=432295, strand=+, nt=[ATGCCCCATC..CGCCAGGTGA]
12:42:17.575 - INFO - CDS - seq=contig_1, start=432292, stop=434043, strand=+, nt=[GTGAGTAAGA..TCGCGTATGA]
12:42:17.575 - INFO - CDS - seq=contig_1, start=434040, stop=435302, strand=+, nt=[ATGAGACAGG..CGGACTCTGA]
12:42:17.575 - INFO - CDS - seq=contig_1, start=435378, stop=435683, strand=-, nt=[ATGGGGATAC..GAAGAAATAG]
12:42:17.575 - INFO - CDS - seq=contig_1, start=435702, stop=437600, strand=-, nt=[ATGTCCCTGC..GACTTCATAA]
12:42:17.575 - INFO - CDS - seq=contig_1, start=437658, stop=439058, strand=+, nt=[ATGAAATCAG..GGAAGGGTAG]
12:42:17.575 - INFO - CDS - seq=contig_1, start=439075, stop=439599, strand=+, nt=[ATGTCGCACG..TTGCGCATGA]
12:42:17.575 - INFO - CDS - seq=contig_1, start=439520, stop=440881, strand=-, nt=[ATGTTTGAGC..ACATCGCTAG]
12:42:17.575 - INFO - CDS - seq=contig_1, start=440874, stop=442553, strand=-, nt=[ATGCTTTGCA..ACATGTTTGA]
12:42:17.575 - INFO - CDS - seq=contig_1, start=442607, stop=443773, strand=+, nt=[ATGATGCTGC..GGTGTTATGA]
12:42:17.575 - INFO - CDS - seq=contig_1, start=443770, stop=444522, strand=+, nt=[ATGAGGATAC..TGCGTTCTAG]
12:42:17.575 - INFO - CDS - seq=contig_1, start=444707, stop=446725, strand=+, nt=[GTGGGGTGCG..GCTTGAGTGA]
12:42:17.575 - INFO - CDS - seq=contig_1, start=446766, stop=447734, strand=+, nt=[GTGCGTCTGT..GGACTTTTAG]
12:42:17.575 - INFO - CDS - seq=contig_1, start=447759, stop=448565, strand=+, nt=[ATGCGCGTAT..CCAGCAGTAG]
12:42:17.575 - INFO - CDS - seq=contig_1, start=448691, stop=449305, strand=+, nt=[GTGGAGATTC..GGAGCTGTGA]
12:42:17.576 - INFO - CDS - seq=contig_1, start=449305, stop=449850, strand=+, nt=[ATGTCTTCCC..ATATACATGA]
12:42:17.576 - INFO - CDS - seq=contig_1, start=449847, stop=451616, strand=+, nt=[ATGACGCAAA..GATGGAGTAG]
12:42:17.576 - INFO - CDS - seq=contig_1, start=451620, stop=452912, strand=+, nt=[ATGTACAAGG..GCCCGCGTAG]
12:42:17.576 - INFO - CDS - seq=contig_1, start=452924, stop=453544, strand=+, nt=[ATGGCGGTGC..TACACGGTGA]
12:42:17.576 - INFO - CDS - seq=contig_1, start=453541, stop=455409, strand=+, nt=[GTGATAGTTC..GGAGCGTTAG]
12:42:17.576 - INFO - CDS - seq=contig_1, start=455446, stop=455868, strand=+, nt=[ATGAATTTTG..CAACTGCTAG]
12:42:17.576 - INFO - CDS - seq=contig_1, start=455902, stop=456723, strand=+, nt=[ATGCTTTTGA..GGGGAATTGA]
12:42:17.576 - INFO - CDS - seq=contig_1, start=456784, stop=457317, strand=+, nt=[GTGGGGAAGC..TCAGTTATAG]
12:42:17.576 - INFO - CDS - seq=contig_1, start=457372, stop=459651, strand=+, nt=[ATGATTAAAC..GGCGCGATGA]
12:42:17.576 - INFO - CDS - seq=contig_1, start=459749, stop=460219, strand=-, nt=[ATGAAAGGAT..AAAGAAATAG]
12:42:17.576 - INFO - CDS - seq=contig_1, start=460351, stop=461433, strand=-, nt=[ATGTTCAGTT..GCGCTCCTAA]
12:42:17.576 - INFO - CDS - seq=contig_1, start=461399, stop=461863, strand=-, nt=[ATGAAATTTT..CTCTTCCTAA]
12:42:17.576 - INFO - CDS - seq=contig_1, start=462004, stop=462768, strand=+, nt=[ATGCGCATTT..TCGTGCCTAG]
12:42:17.576 - INFO - CDS - seq=contig_1, start=462894, stop=463367, strand=+, nt=[ATGGCGGTAA..GAACCTCTAG]
12:42:17.576 - INFO - CDS - seq=contig_1, start=463457, stop=464608, strand=+, nt=[ATGGACGCGG..ACTGCCGTGA]
12:42:17.576 - INFO - CDS - seq=contig_1, start=464662, stop=465522, strand=+, nt=[GTGTTGCTTA..CGATGATTGA]
12:42:17.576 - INFO - CDS - seq=contig_1, start=465515, stop=467236, strand=+, nt=[ATGATTGAGC..CGGTGACTGA]
12:42:17.576 - INFO - CDS - seq=contig_1, start=467229, stop=468032, strand=+, nt=[GTGACTGAGG..CGACAAGTAG]
12:42:17.576 - INFO - CDS - seq=contig_1, start=468038, stop=469066, strand=+, nt=[GTGCGTGCTC..TGGTTTTTAG]
12:42:17.576 - INFO - CDS - seq=contig_1, start=469202, stop=469831, strand=+, nt=[GTGAGCGTAC..GGCCCGGTGA]
12:42:17.576 - INFO - CDS - seq=contig_1, start=469828, stop=471087, strand=+, nt=[GTGAATCAGA..AAGTTTATGA]
12:42:17.576 - INFO - CDS - seq=contig_1, start=471084, stop=472208, strand=+, nt=[ATGAATAACC..CACGCTGTAA]
12:42:17.576 - INFO - CDS - seq=contig_1, start=472266, stop=473348, strand=+, nt=[ATGGAAGGGC..TTCTCGCTGA]
12:42:17.576 - INFO - CDS - seq=contig_1, start=473352, stop=473942, strand=+, nt=[ATGAACGGTA..CGATTTGTGA]
12:42:17.576 - INFO - CDS - seq=contig_1, start=474034, stop=476130, strand=+, nt=[GTGCGCTGTT..ATGTGCATAA]
12:42:17.576 - INFO - CDS - seq=contig_1, start=476391, stop=479855, strand=+, nt=[GTGGGGCATT..TAAGGCGTAG]
12:42:17.576 - INFO - CDS - seq=contig_1, start=479899, stop=480705, strand=+, nt=[ATGCTATTTG..AAGCTCGTAA]
12:42:17.576 - INFO - CDS - seq=contig_1, start=480721, stop=481071, strand=+, nt=[ATGCCCGCAA..GTACCTGTGA]
12:42:17.576 - INFO - CDS - seq=contig_1, start=481055, stop=481744, strand=-, nt=[ATGATGAAGG..TACCACATAG]
12:42:17.576 - INFO - CDS - seq=contig_1, start=481741, stop=482715, strand=-, nt=[ATGAAGCTAA..AACAGAATGA]
12:42:17.576 - INFO - CDS - seq=contig_1, start=482802, stop=484118, strand=-, nt=[ATGAACACGC..AGGAACATAA]
12:42:17.576 - INFO - CDS - seq=contig_1, start=484270, stop=485967, strand=+, nt=[ATGAGCTGTC..TAATCCGTAA]
12:42:17.576 - INFO - CDS - seq=contig_1, start=486058, stop=486636, strand=+, nt=[ATGGACCAAG..TACCCGTTAA]
12:42:17.576 - INFO - CDS - seq=contig_1, start=486599, stop=487450, strand=+, nt=[ATGAAGAAGA..TGCGCGATAG]
12:42:17.576 - INFO - CDS - seq=contig_1, start=487580, stop=488200, strand=+, nt=[GTGAATCAGT..GTACCCGTAG]
12:42:17.576 - INFO - CDS - seq=contig_1, start=488228, stop=488617, strand=+, nt=[ATGCGCGGCG..GTGCCTGTGA]
12:42:17.576 - INFO - CDS - seq=contig_1, start=488669, stop=489940, strand=+, nt=[ATGGAAAGGA..TCGGGAGTAG]
12:42:17.576 - INFO - CDS - seq=contig_1, start=489999, stop=490751, strand=-, nt=[ATGACAAACG..CAAAGCGTAA]
12:42:17.576 - INFO - CDS - seq=contig_1, start=490748, stop=491545, strand=-, nt=[ATGGTTCTCG..AGCGCCATGA]
12:42:17.576 - INFO - CDS - seq=contig_1, start=491550, stop=492620, strand=-, nt=[ATGAAATTAA..TGCGTTTTAA]
12:42:17.576 - INFO - CDS - seq=contig_1, start=492928, stop=494880, strand=-, nt=[TTGAATAATG..CTCTTTGTAG]
12:42:17.576 - INFO - CDS - seq=contig_1, start=494873, stop=495718, strand=-, nt=[ATGTGCCAAA..CCTTGAATAA]
12:42:17.576 - INFO - CDS - seq=contig_1, start=495746, stop=497119, strand=+, nt=[ATGGGCGGCG..GTCGTCGTAG]
12:42:17.576 - INFO - CDS - seq=contig_1, start=497132, stop=499207, strand=-, nt=[GTGCGTCCTT..AACAGACTAA]
12:42:17.576 - INFO - CDS - seq=contig_1, start=499282, stop=499908, strand=-, nt=[GTGGAAATAT..TGTTTGTTAG]
12:42:17.576 - INFO - CDS - seq=contig_1, start=499991, stop=500728, strand=-, nt=[ATGTCTGGAC..TGTGCTGTAA]
12:42:17.576 - INFO - CDS - seq=contig_1, start=500869, stop=502476, strand=-, nt=[GTGAATTGGA..GACGTGCTAG]
12:42:17.576 - INFO - CDS - seq=contig_1, start=502540, stop=503886, strand=-, nt=[ATGATTATCC..TGATACATAG]
12:42:17.576 - INFO - CDS - seq=contig_1, start=503975, stop=504679, strand=-, nt=[ATGAAGAAGC..ATCCGCGTAA]
12:42:17.576 - INFO - CDS - seq=contig_1, start=504740, stop=506287, strand=-, nt=[ATGGGGAAAA..CCGACTCTAG]
12:42:17.576 - INFO - CDS - seq=contig_1, start=506359, stop=506964, strand=-, nt=[ATGGGTATAC..CCGCATTTAG]
12:42:17.576 - INFO - CDS - seq=contig_1, start=507146, stop=507634, strand=+, nt=[GTGATTCGCG..CAAAAGGTAA]
12:42:17.576 - INFO - CDS - seq=contig_1, start=507666, stop=509915, strand=+, nt=[ATGAGCGATG..CTTTTTCTAG]
12:42:17.576 - INFO - CDS - seq=contig_1, start=509982, stop=511106, strand=-, nt=[ATGAGTATCA..TCATAACTGA]
12:42:17.576 - INFO - CDS - seq=contig_1, start=511093, stop=513015, strand=-, nt=[ATGAAGTTAT..GTATCATTAG]
12:42:17.576 - INFO - CDS - seq=contig_1, start=513002, stop=514846, strand=-, nt=[ATGAGCAGAA..AGTTATCTAA]
12:42:17.576 - INFO - CDS - seq=contig_1, start=514843, stop=516438, strand=-, nt=[ATGAAGAACG..CAGAACATGA]
12:42:17.576 - INFO - CDS - seq=contig_1, start=516527, stop=518548, strand=-, nt=[GTGGGTAAAG..GCTACGCTGA]
12:42:17.576 - INFO - CDS - seq=contig_1, start=518627, stop=520936, strand=+, nt=[ATGTGCCTGC..CAAGGTATAG]
12:42:17.576 - INFO - CDS - seq=contig_1, start=521396, stop=522364, strand=+, nt=[GTGCGTGTGC..CTTTGTATGA]
12:42:17.576 - INFO - CDS - seq=contig_1, start=522361, stop=522549, strand=+, nt=[ATGAGTGAGG..AGAGCGCTAG]
12:42:17.576 - INFO - CDS - seq=contig_1, start=522556, stop=523611, strand=+, nt=[GTGAGTATCC..GGGAATGTAG]
12:42:17.576 - INFO - CDS - seq=contig_1, start=523615, stop=525432, strand=+, nt=[GTGGCTCGGA..GAGGAAATGA]
12:42:17.576 - INFO - CDS - seq=contig_1, start=525432, stop=527264, strand=+, nt=[ATGGAGCTGT..TGACAGTTAG]
12:42:17.576 - INFO - CDS - seq=contig_1, start=527274, stop=528095, strand=+, nt=[ATGGTTCCTG..AGAGATATAG]
12:42:17.576 - INFO - CDS - seq=contig_1, start=528470, stop=529414, strand=+, nt=[ATGGAATTTC..CCTGAAATAG]
12:42:17.576 - INFO - CDS - seq=contig_1, start=529427, stop=530461, strand=+, nt=[ATGTTTTTTT..GAATTCATGA]
12:42:17.576 - INFO - CDS - seq=contig_1, start=530466, stop=531329, strand=+, nt=[GTGGAAAAGG..GCACGGATGA]
12:42:17.576 - INFO - CDS - seq=contig_1, start=531326, stop=531832, strand=+, nt=[ATGATACGGC..TTCTTCGTAG]
12:42:17.576 - INFO - CDS - seq=contig_1, start=531833, stop=533707, strand=+, nt=[ATGCGTTACT..GCAGGAATGA]
12:42:17.576 - INFO - CDS - seq=contig_1, start=533704, stop=535005, strand=+, nt=[ATGAGGATTC..GCAGTTGTAA]
12:42:17.576 - INFO - CDS - seq=contig_1, start=535031, stop=535927, strand=+, nt=[ATGAAGGTGG..GGGCGTGTAG]
12:42:17.576 - INFO - CDS - seq=contig_1, start=535927, stop=536469, strand=+, nt=[GTGAGGAGCG..ACTCCCCTAG]
12:42:17.576 - INFO - CDS - seq=contig_1, start=536600, stop=537934, strand=-, nt=[ATGGATCAGC..CAGTTCGTAG]
12:42:17.576 - INFO - CDS - seq=contig_1, start=538219, stop=538656, strand=+, nt=[GTGGGACGCG..TTCTTCCTAA]
12:42:17.576 - INFO - CDS - seq=contig_1, start=538669, stop=539997, strand=+, nt=[GTGGAACTTC..CCGTGCGTGA]
12:42:17.576 - INFO - CDS - seq=contig_1, start=539990, stop=540601, strand=+, nt=[GTGCGTGAAC..TCAGGTCTAA]
12:42:17.576 - INFO - CDS - seq=contig_1, start=540588, stop=541835, strand=+, nt=[ATGCTCAGGT..TACTGCGTGA]
12:42:17.576 - INFO - CDS - seq=contig_1, start=541932, stop=542498, strand=+, nt=[ATGGAGAGTC..TAAGATTTAG]
12:42:17.576 - INFO - CDS - seq=contig_1, start=542679, stop=544487, strand=-, nt=[ATGGCTTGCG..CGACGCCTAA]
12:42:17.576 - INFO - CDS - seq=contig_1, start=544553, stop=545164, strand=+, nt=[GTGGTGGAGT..GCCCGGGTGA]
12:42:17.576 - INFO - CDS - seq=contig_1, start=545161, stop=546408, strand=+, nt=[GTGACCCGCG..AAAGATATGA]
12:42:17.576 - INFO - CDS - seq=contig_1, start=546428, stop=547882, strand=+, nt=[GTGTTCTGCG..AACGGTGTAA]
12:42:17.577 - INFO - CDS - seq=contig_1, start=547948, stop=550878, strand=+, nt=[ATGGACGGGG..AAAGACATGA]
12:42:17.577 - INFO - CDS - seq=contig_1, start=550875, stop=553856, strand=+, nt=[ATGAGAGCAT..TGGTATCTAG]
12:42:17.577 - INFO - CDS - seq=contig_1, start=553870, stop=555450, strand=-, nt=[ATGAAAAGCA..TTGCCGGTAA]
12:42:17.577 - INFO - CDS - seq=contig_1, start=555447, stop=556037, strand=-, nt=[GTGCACGCAC..TAAGAGATGA]
12:42:17.577 - INFO - CDS - seq=contig_1, start=556019, stop=556711, strand=-, nt=[ATGAAACGTG..CAGAACGTAG]
12:42:17.577 - INFO - CDS - seq=contig_1, start=556708, stop=558084, strand=-, nt=[ATGAAATTCA..AAAATCATGA]
12:42:17.577 - INFO - CDS - seq=contig_1, start=558094, stop=559284, strand=-, nt=[ATGAGAGATT..TAAAGAATAA]
12:42:17.577 - INFO - CDS - seq=contig_1, start=559281, stop=560552, strand=-, nt=[GTGTTCGAGA..TCATCTATGA]
12:42:17.577 - INFO - CDS - seq=contig_1, start=560563, stop=561042, strand=-, nt=[GTGACAATCA..GAAGATGTAG]
12:42:17.577 - INFO - CDS - seq=contig_1, start=561039, stop=562193, strand=-, nt=[ATGCGCTTTC..GGGGATGTGA]
12:42:17.577 - INFO - CDS - seq=contig_1, start=562197, stop=564842, strand=-, nt=[ATGGCGAAGG..TACAGGCTGA]
12:42:17.577 - INFO - CDS - seq=contig_1, start=564978, stop=565541, strand=+, nt=[ATGATTAGAG..CAATGACTAG]
12:42:17.577 - INFO - CDS - seq=contig_1, start=565689, stop=567695, strand=+, nt=[ATGTTCAGTT..CCTGAGGTAG]
12:42:17.577 - INFO - CDS - seq=contig_1, start=567743, stop=568372, strand=-, nt=[GTGAAAACAC..CACCCTTTAG]
12:42:17.577 - INFO - CDS - seq=contig_1, start=568467, stop=569909, strand=-, nt=[ATGAAGGGAG..GGACGCGTAA]
12:42:17.577 - INFO - CDS - seq=contig_1, start=569906, stop=571723, strand=-, nt=[GTGATCAAAG..AGTCGAATGA]
12:42:17.577 - INFO - CDS - seq=contig_1, start=571720, stop=572346, strand=-, nt=[ATGGAAGAGC..GGTAGCGTGA]
12:42:17.577 - INFO - CDS - seq=contig_1, start=572352, stop=572669, strand=-, nt=[GTGACGTATT..AAAGGTATAG]
12:42:17.577 - INFO - CDS - seq=contig_1, start=572691, stop=572987, strand=-, nt=[ATGGGTTGGA..CTTGCTTTGA]
12:42:17.577 - INFO - CDS - seq=contig_1, start=572989, stop=574674, strand=-, nt=[ATGTTTAGAT..GGAGGATTAG]
12:42:17.577 - INFO - CDS - seq=contig_1, start=574667, stop=575692, strand=-, nt=[GTGGCTGTGG..TTATGTTTAG]
12:42:17.577 - INFO - CDS - seq=contig_1, start=575696, stop=575980, strand=-, nt=[ATGGTCCGCC..TTTTGGGTAG]
12:42:17.577 - INFO - CDS - seq=contig_1, start=576037, stop=576447, strand=-, nt=[GTGCTGAGCG..ACGGGAGTAG]
12:42:17.577 - INFO - CDS - seq=contig_1, start=576602, stop=577351, strand=-, nt=[ATGCGCGGCT..CAGCGTGTAG]
12:42:17.577 - INFO - CDS - seq=contig_1, start=577502, stop=578758, strand=-, nt=[ATGCTGAGGA..TGAAACATAG]
12:42:17.577 - INFO - CDS - seq=contig_1, start=579234, stop=579599, strand=+, nt=[ATGGAGTTGA..CTCCCTGTAG]
12:42:17.577 - INFO - CDS - seq=contig_1, start=579729, stop=580688, strand=+, nt=[ATGGTAACGG..TCTGTACTAG]
12:42:17.577 - INFO - CDS - seq=contig_1, start=580685, stop=582406, strand=-, nt=[ATGAGTATTT..GTCATCCTAG]
12:42:17.577 - INFO - CDS - seq=contig_1, start=582465, stop=583148, strand=-, nt=[ATGTTCGAAA..TGCAGAGTGA]
12:42:17.577 - INFO - CDS - seq=contig_1, start=583190, stop=585064, strand=-, nt=[ATGAGCGGTA..GTCATGGTAG]
12:42:17.577 - INFO - CDS - seq=contig_1, start=585089, stop=586036, strand=-, nt=[GTGGCGCGCC..CCTGCGCTGA]
12:42:17.577 - INFO - CDS - seq=contig_1, start=586135, stop=587850, strand=-, nt=[GTGAAAACCG..CTTTTTCTAA]
12:42:17.577 - INFO - CDS - seq=contig_1, start=587847, stop=588908, strand=-, nt=[ATGGCGGTGC..CGTGCGGTGA]
12:42:17.577 - INFO - CDS - seq=contig_1, start=589117, stop=590430, strand=+, nt=[ATGCGTCAGA..TCTCAACTAG]
12:42:17.577 - INFO - CDS - seq=contig_1, start=590580, stop=593024, strand=+, nt=[GTGTTACAGG..AGAAATATAA]
12:42:17.577 - INFO - CDS - seq=contig_1, start=593065, stop=594552, strand=-, nt=[ATGCGCGCAC..GGGAAAGTGA]
12:42:17.577 - INFO - CDS - seq=contig_1, start=594556, stop=595644, strand=-, nt=[ATGGAAGAAT..GGAACGGTAG]
12:42:17.577 - INFO - CDS - seq=contig_1, start=595657, stop=596190, strand=-, nt=[ATGCAGTCCT..GTCAAAGTGA]
12:42:17.577 - INFO - CDS - seq=contig_1, start=596434, stop=597645, strand=+, nt=[ATGGAAAAAC..AAAAAAATAG]
12:42:17.577 - INFO - CDS - seq=contig_1, start=597689, stop=598348, strand=+, nt=[ATGACGCGCG..TTCTTTCTAG]
12:42:17.577 - INFO - CDS - seq=contig_1, start=598422, stop=599603, strand=-, nt=[ATGGCCGGGA..TTGGGCGTGA]
12:42:17.577 - INFO - CDS - seq=contig_1, start=599826, stop=600818, strand=-, nt=[ATGGAAAAAT..CATTCTTTGA]
12:42:17.577 - INFO - CDS - seq=contig_1, start=600923, stop=601636, strand=+, nt=[GTGAAAAAAC..TGCCCCCTAA]
12:42:17.577 - INFO - CDS - seq=contig_1, start=601666, stop=602574, strand=+, nt=[ATGAAGAAAG..ACTCGGTTGA]
12:42:17.577 - INFO - CDS - seq=contig_1, start=602636, stop=603841, strand=+, nt=[GTGGTGAACG..AGGCGAATGA]
12:42:17.577 - INFO - CDS - seq=contig_1, start=603894, stop=605879, strand=-, nt=[ATGACTGAAG..GTTAGCATAA]
12:42:17.577 - INFO - CDS - seq=contig_1, start=605990, stop=606841, strand=-, nt=[ATGTTGCGCA..TTCTTGGTAG]
12:42:17.577 - INFO - CDS - seq=contig_1, start=607012, stop=608148, strand=+, nt=[ATGTTCACGT..GTGTCTATGA]
12:42:17.577 - INFO - CDS - seq=contig_1, start=608145, stop=608552, strand=+, nt=[ATGACCAGCT..CAAGTCATGA]
12:42:17.577 - INFO - CDS - seq=contig_1, start=608549, stop=610585, strand=+, nt=[ATGACTCGGG..GCAAGAATAA]
12:42:17.577 - INFO - CDS - seq=contig_1, start=610467, stop=611684, strand=-, nt=[ATGACAACAG..TCGAACATAG]
12:42:17.577 - INFO - CDS - seq=contig_1, start=611698, stop=613185, strand=-, nt=[ATGTTTTTTT..TAGTTTTTAG]
12:42:17.577 - INFO - CDS - seq=contig_1, start=613217, stop=613837, strand=-, nt=[GTGCGCAGAA..CTTTCCCTAG]
12:42:17.577 - INFO - CDS - seq=contig_1, start=613916, stop=614548, strand=-, nt=[GTGATTACGA..GGTAATGTAG]
12:42:17.577 - INFO - CDS - seq=contig_1, start=614670, stop=616910, strand=-, nt=[GTGGATGGGG..TGCGCTATAG]
12:42:17.577 - INFO - CDS - seq=contig_1, start=617019, stop=617804, strand=-, nt=[GTGCGTGGGT..GAGTCACTAG]
12:42:17.577 - INFO - CDS - seq=contig_1, start=617891, stop=618505, strand=-, nt=[GTGTCTGTGA..TCGGTTTTGA]
12:42:17.577 - INFO - CDS - seq=contig_1, start=618574, stop=619656, strand=-, nt=[ATGTCTGCAT..GCAACCGTAG]
12:42:17.577 - INFO - CDS - seq=contig_1, start=619766, stop=621070, strand=-, nt=[GTGAAAGTGA..GGCCCAGTAG]
12:42:17.577 - INFO - CDS - seq=contig_1, start=621182, stop=623239, strand=+, nt=[ATGCTCAGAT..ATCCCCATAG]
12:42:17.577 - INFO - CDS - seq=contig_1, start=623302, stop=624408, strand=+, nt=[TTGGTCCACA..ACCACAGTGA]
12:42:17.577 - INFO - CDS - seq=contig_1, start=624375, stop=626120, strand=+, nt=[GTGTGCCAGT..AGATTCCTAA]
12:42:17.577 - INFO - CDS - seq=contig_1, start=626133, stop=627014, strand=+, nt=[GTGGGTTTAG..AGAACGATGA]
12:42:17.577 - INFO - CDS - seq=contig_1, start=627011, stop=627787, strand=+, nt=[ATGATTCGGC..CGATGAATAA]
12:42:17.577 - INFO - CDS - seq=contig_1, start=627780, stop=629069, strand=+, nt=[ATGAATAACA..CGATGAATGA]
12:42:17.577 - INFO - CDS - seq=contig_1, start=629062, stop=629742, strand=+, nt=[ATGAATGACC..ACGCATATGA]
12:42:17.577 - INFO - CDS - seq=contig_1, start=629739, stop=631226, strand=+, nt=[ATGAAACAAA..CAAGGTGTGA]
12:42:17.577 - INFO - CDS - seq=contig_1, start=631322, stop=632731, strand=+, nt=[ATGGAAGAAC..CCGTGCGTAG]
12:42:17.577 - INFO - CDS - seq=contig_1, start=632724, stop=634367, strand=+, nt=[GTGCGTAGAA..AGACTCATAG]
12:42:17.577 - INFO - CDS - seq=contig_1, start=634456, stop=637092, strand=+, nt=[ATGGGGTATC..CGTTCTGTAG]
12:42:17.577 - INFO - CDS - seq=contig_1, start=637072, stop=638094, strand=-, nt=[ATGTCCGTCT..AATTTACTAA]
12:42:17.577 - INFO - CDS - seq=contig_1, start=638182, stop=638448, strand=-, nt=[ATGGTCGTAA..GGAAGAGTAA]
12:42:17.577 - INFO - CDS - seq=contig_1, start=638493, stop=639527, strand=-, nt=[GTGGGCTCGT..TACGTACTAG]
12:42:17.577 - INFO - CDS - seq=contig_1, start=639930, stop=640085, strand=-, nt=[ATGGCGGCGG..GGTGATGTAG]
12:42:17.577 - INFO - CDS - seq=contig_1, start=640215, stop=641717, strand=+, nt=[GTGGTCTTTC..GTTGCCATAG]
12:42:17.577 - INFO - CDS - seq=contig_1, start=641768, stop=643687, strand=+, nt=[ATGAAAAGTC..ACTGTACTGA]
12:42:17.577 - INFO - CDS - seq=contig_1, start=643722, stop=644312, strand=-, nt=[ATGAGAAAGG..TTCTGAGTAA]
12:42:17.578 - INFO - CDS - seq=contig_1, start=644416, stop=645051, strand=-, nt=[ATGAGGTTTG..ATCACGGTGA]
12:42:17.578 - INFO - CDS - seq=contig_1, start=645075, stop=646187, strand=-, nt=[ATGTTGGTTC..TTCCCCGTAG]
12:42:17.578 - INFO - CDS - seq=contig_1, start=646295, stop=648415, strand=-, nt=[ATGTTTTTAC..AGATTTTTGA]
12:42:17.578 - INFO - CDS - seq=contig_1, start=648396, stop=649049, strand=-, nt=[ATGCAGTTAC..TGACGCGTAG]
12:42:17.578 - INFO - CDS - seq=contig_1, start=649059, stop=650411, strand=-, nt=[GTGATTAAGA..GTTTCACTAG]
12:42:17.578 - INFO - CDS - seq=contig_1, start=650408, stop=651538, strand=-, nt=[ATGAGTGTGC..AGAGAGGTGA]
12:42:17.578 - INFO - CDS - seq=contig_1, start=651535, stop=652398, strand=-, nt=[ATGAGCGCGG..TGCAGTATGA]
12:42:17.578 - INFO - CDS - seq=contig_1, start=652395, stop=653081, strand=-, nt=[GTGCAGCACG..TTTGGAATGA]
12:42:17.578 - INFO - CDS - seq=contig_1, start=653087, stop=653638, strand=-, nt=[ATGGGTATCG..GGAAGGTTGA]
12:42:17.578 - INFO - CDS - seq=contig_1, start=653742, stop=654614, strand=-, nt=[ATGGAGATTG..GGTACAGTGA]
12:42:17.578 - INFO - CDS - seq=contig_1, start=654705, stop=655580, strand=-, nt=[ATGGCAGTGG..GGGGCGTTAG]
12:42:17.578 - INFO - CDS - seq=contig_1, start=655945, stop=656673, strand=-, nt=[ATGCAGCAGC..CGGCAAGTGA]
12:42:17.578 - INFO - CDS - seq=contig_1, start=656937, stop=658724, strand=+, nt=[ATGTCGTACG..GGACTTTTAG]
12:42:17.578 - INFO - CDS - seq=contig_1, start=658734, stop=660815, strand=+, nt=[ATGAAAGGAG..TAACTGGTAG]
12:42:17.578 - INFO - CDS - seq=contig_1, start=660957, stop=661736, strand=+, nt=[ATGCCCACAC..TCCGGAATAG]
12:42:17.578 - INFO - CDS - seq=contig_1, start=661817, stop=663256, strand=+, nt=[ATGAATACAC..GATCGGCTAA]
12:42:17.578 - INFO - CDS - seq=contig_1, start=663283, stop=664431, strand=+, nt=[ATGAAAAAAA..CAAGGCATGA]
12:42:17.578 - INFO - CDS - seq=contig_1, start=664428, stop=665642, strand=+, nt=[ATGAGCGGCC..ATGCAGCTAG]
12:42:17.578 - INFO - CDS - seq=contig_1, start=665693, stop=666136, strand=+, nt=[ATGAACGCAG..AGACGCGTGA]
12:42:17.578 - INFO - CDS - seq=contig_1, start=666133, stop=666921, strand=+, nt=[GTGAGTGCAC..CTCTTTCTAA]
12:42:17.578 - INFO - CDS - seq=contig_1, start=666946, stop=667650, strand=-, nt=[ATGGGCAGGA..CCGCACCTAG]
12:42:17.578 - INFO - CDS - seq=contig_1, start=667816, stop=669528, strand=-, nt=[GTGGGGTCAG..CTCCTGGTAG]
12:42:17.578 - INFO - CDS - seq=contig_1, start=669701, stop=669997, strand=+, nt=[GTGCAGCGTC..AGCCAGTTAG]
12:42:17.578 - INFO - CDS - seq=contig_1, start=670144, stop=671925, strand=-, nt=[ATGGGGGCGC..TGGGCAGTAG]
12:42:17.578 - INFO - CDS - seq=contig_1, start=672089, stop=673681, strand=+, nt=[ATGCTAGGCT..GAGACGGTAG]
12:42:17.578 - INFO - CDS - seq=contig_1, start=673685, stop=675112, strand=+, nt=[ATGGGAGTGT..GCGCGATTAG]
12:42:17.578 - INFO - CDS - seq=contig_1, start=675226, stop=675864, strand=+, nt=[ATGATAAAGC..CACCCCATGA]
12:42:17.578 - INFO - CDS - seq=contig_1, start=675861, stop=677036, strand=+, nt=[ATGAAGATCC..CTCATCGTGA]
12:42:17.578 - INFO - CDS - seq=contig_1, start=677033, stop=680176, strand=+, nt=[GTGAAGCCGA..TGCAGAATGA]
12:42:17.578 - INFO - CDS - seq=contig_1, start=680173, stop=681654, strand=+, nt=[ATGAAAACGA..CCGCCGCTAA]
12:42:17.578 - INFO - CDS - seq=contig_1, start=681838, stop=682650, strand=+, nt=[ATGACAATGG..TGCCATGTGA]
12:42:17.578 - INFO - CDS - seq=contig_1, start=682889, stop=683731, strand=+, nt=[ATGAGCACAC..CACGCGGTAA]
12:42:17.578 - INFO - CDS - seq=contig_1, start=683716, stop=684990, strand=+, nt=[ATGCCACACG..CTCTTCCTGA]
12:42:17.578 - INFO - CDS - seq=contig_1, start=685095, stop=686108, strand=+, nt=[ATGCTGCGCG..TCTGCCGTAG]
12:42:17.578 - INFO - CDS - seq=contig_1, start=686249, stop=687124, strand=+, nt=[ATGCTTGCAA..ATTAGAGTGA]
12:42:17.578 - INFO - CDS - seq=contig_1, start=687243, stop=689714, strand=+, nt=[ATGAGTACTG..GGGGACCTAA]
12:42:17.578 - INFO - CDS - seq=contig_1, start=689749, stop=690519, strand=-, nt=[ATGTGTGTGG..AGTGCTATGA]
12:42:17.578 - INFO - CDS - seq=contig_1, start=690557, stop=691507, strand=-, nt=[ATGCGGTTGG..TCTCCGGTGA]
12:42:17.578 - INFO - CDS - seq=contig_1, start=691731, stop=692165, strand=-, nt=[GTGGGTACGT..CACGCGTTAG]
12:42:17.578 - INFO - CDS - seq=contig_1, start=692185, stop=692391, strand=-, nt=[GTGGCAGAGC..AACGCGCTGA]
12:42:17.578 - INFO - CDS - seq=contig_1, start=692585, stop=694549, strand=+, nt=[GTGTCGACAG..GCGCCTGTAG]
12:42:17.578 - INFO - CDS - seq=contig_1, start=694573, stop=696417, strand=+, nt=[ATGAACACTG..GCGATTCTAG]
12:42:17.578 - INFO - CDS - seq=contig_1, start=696435, stop=697838, strand=-, nt=[ATGGGAAGGT..TGAAGGGTAA]
12:42:17.578 - INFO - CDS - seq=contig_1, start=697904, stop=699664, strand=+, nt=[ATGCACTCCA..TCTGCAATGA]
12:42:17.578 - INFO - CDS - seq=contig_1, start=699661, stop=700308, strand=+, nt=[ATGATATATG..GCTGTTTTAG]
12:42:17.578 - INFO - CDS - seq=contig_1, start=700305, stop=701891, strand=-, nt=[ATGAGTATCT..CGTATACTAA]
12:42:17.578 - INFO - CDS - seq=contig_1, start=702157, stop=703299, strand=-, nt=[ATGGGGCGTG..CATCAAGTGA]
12:42:17.578 - INFO - CDS - seq=contig_1, start=703391, stop=704671, strand=-, nt=[GTGCTTGATT..TGTCCTGTAG]
12:42:17.578 - INFO - CDS - seq=contig_1, start=704721, stop=706697, strand=-, nt=[ATGAAAGGCC..CATTCGATGA]
12:42:17.578 - INFO - CDS - seq=contig_1, start=706714, stop=707511, strand=-, nt=[ATGGGAGTCA..GCGGCCATAG]
12:42:17.578 - INFO - CDS - seq=contig_1, start=707499, stop=707981, strand=-, nt=[ATGTCCGAGG..GGAGTCATAG]
12:42:17.578 - INFO - CDS - seq=contig_1, start=707987, stop=710536, strand=-, nt=[ATGTTCTGTC..TAAGGAGTAA]
12:42:17.578 - INFO - CDS - seq=contig_1, start=710594, stop=711721, strand=+, nt=[GTGAAAGGAT..CGAGTCGTGA]
12:42:17.578 - INFO - CDS - seq=contig_1, start=711718, stop=712617, strand=+, nt=[GTGAGCAGCC..ATATGCCTAA]
12:42:17.578 - INFO - CDS - seq=contig_1, start=712610, stop=713428, strand=+, nt=[ATGCCTAATT..TTCTAAGTAA]
12:42:17.578 - INFO - CDS - seq=contig_1, start=713464, stop=714510, strand=+, nt=[ATGAAACGTT..ATTTAGGTGA]
12:42:17.578 - INFO - CDS - seq=contig_1, start=714565, stop=714786, strand=-, nt=[ATGTTGATCC..GCCTGTGTAG]
12:42:17.578 - INFO - CDS - seq=contig_1, start=714780, stop=715232, strand=-, nt=[ATGGAGATTC..ACAATGTTGA]
12:42:17.578 - INFO - CDS - seq=contig_1, start=715251, stop=716501, strand=-, nt=[ATGGGCGTGA..TTTGCGGTAG]
12:42:17.578 - INFO - CDS - seq=contig_1, start=716535, stop=718412, strand=-, nt=[ATGTCGACAT..GGGTGTTTAA]
12:42:17.578 - INFO - CDS - seq=contig_1, start=718518, stop=719030, strand=-, nt=[ATGGACCGAG..TGTGCTGTAG]
12:42:17.578 - INFO - CDS - seq=contig_1, start=719153, stop=720151, strand=-, nt=[ATGACTAGTT..CCGCGCATAG]
12:42:17.578 - INFO - CDS - seq=contig_1, start=720418, stop=721146, strand=+, nt=[ATGAAACAGG..CGGCAAATGA]
12:42:17.578 - INFO - CDS - seq=contig_1, start=721143, stop=721868, strand=+, nt=[ATGAAGAAGA..TGCCTGGTAA]
12:42:17.578 - INFO - CDS - seq=contig_1, start=721886, stop=722641, strand=-, nt=[ATGACGATTA..GGCCAGGTAA]
12:42:17.578 - INFO - CDS - seq=contig_1, start=722638, stop=722814, strand=-, nt=[ATGAATGGAC..CCAGCGATGA]
12:42:17.578 - INFO - CDS - seq=contig_1, start=722975, stop=724630, strand=-, nt=[ATGGGCACGT..TTGTCTGTAG]
12:42:17.578 - INFO - CDS - seq=contig_1, start=724873, stop=725475, strand=-, nt=[ATGAGTTCTG..GGTGATGTAA]
12:42:17.578 - INFO - CDS - seq=contig_1, start=725472, stop=728984, strand=-, nt=[ATGGCGCGCA..CGTGCAATGA]
12:42:17.578 - INFO - CDS - seq=contig_1, start=729139, stop=730326, strand=-, nt=[GTGCATGTGA..TACTGCTTAG]
12:42:17.578 - INFO - CDS - seq=contig_1, start=730331, stop=731332, strand=-, nt=[ATGAAAGCGT..ACAGGAGTAG]
12:42:17.578 - INFO - CDS - seq=contig_1, start=731396, stop=732871, strand=-, nt=[GTGTTCAAAG..GCGTCCCTAG]
12:42:17.578 - INFO - CDS - seq=contig_1, start=732919, stop=734622, strand=-, nt=[GTGCATGAGG..AGGAGGCTGA]
12:42:17.578 - INFO - CDS - seq=contig_1, start=734709, stop=735317, strand=+, nt=[ATGCGCCCGC..TCTGCATTAG]
12:42:17.578 - INFO - CDS - seq=contig_1, start=735281, stop=736321, strand=+, nt=[GTGGGTCCTT..CCTCCAGTAG]
12:42:17.578 - INFO - CDS - seq=contig_1, start=736333, stop=736611, strand=-, nt=[ATGAGGTGTT..AGAAAACTAA]
12:42:17.578 - INFO - CDS - seq=contig_1, start=736633, stop=737241, strand=-, nt=[ATGCAGTATA..CGAAAAGTAG]
12:42:17.578 - INFO - CDS - seq=contig_1, start=737495, stop=738418, strand=+, nt=[ATGGAAGCTT..CCACGAATGA]
12:42:17.578 - INFO - CDS - seq=contig_1, start=738415, stop=738732, strand=+, nt=[ATGAATGAAT..CAGCATCTAG]
12:42:17.579 - INFO - CDS - seq=contig_1, start=738773, stop=739831, strand=-, nt=[GTGAATGTCC..CCTTTTTTGA]
12:42:17.579 - INFO - CDS - seq=contig_1, start=739882, stop=741015, strand=-, nt=[GTGGCATGCA..CATCCGGTGA]
12:42:17.579 - INFO - CDS - seq=contig_1, start=741044, stop=741646, strand=-, nt=[GTGAACGTCT..CGGCAAGTAA]
12:42:17.579 - INFO - CDS - seq=contig_1, start=741700, stop=742833, strand=+, nt=[GTGCTCGCAC..CGCGCACTAA]
12:42:17.579 - INFO - CDS - seq=contig_1, start=743126, stop=744337, strand=+, nt=[ATGAAGGAGA..CAAATACTGA]
12:42:17.579 - INFO - CDS - seq=contig_1, start=744457, stop=745947, strand=+, nt=[ATGTGTGATG..ATACCTGTAG]
12:42:17.579 - INFO - CDS - seq=contig_1, start=745962, stop=747557, strand=+, nt=[ATGCGCGATC..ACGCCGCTAG]
12:42:17.579 - INFO - CDS - seq=contig_1, start=747685, stop=749745, strand=-, nt=[ATGCTCATTG..AGCACGGTAG]
12:42:17.579 - INFO - CDS - seq=contig_1, start=749801, stop=750793, strand=-, nt=[ATGAAAAAAC..CCTAGAGTAA]
12:42:17.579 - INFO - CDS - seq=contig_1, start=750815, stop=752197, strand=-, nt=[ATGAAAGGTC..GAAGCAATAG]
12:42:17.579 - INFO - CDS - seq=contig_1, start=752233, stop=752814, strand=-, nt=[ATGCGTAATG..TGTCTTGTAA]
12:42:17.579 - INFO - CDS - seq=contig_1, start=752807, stop=753565, strand=-, nt=[ATGTGGATGG..TCATGCGTAA]
12:42:17.579 - INFO - CDS - seq=contig_1, start=753593, stop=754816, strand=-, nt=[GTGTCAAAAG..ACTCCTTTAG]
12:42:17.579 - INFO - CDS - seq=contig_1, start=755077, stop=756399, strand=-, nt=[ATGGACCGTT..CTTCCTGTAA]
12:42:17.579 - INFO - CDS - seq=contig_1, start=756559, stop=757236, strand=+, nt=[ATGAACGCAA..CTCTTTATAG]
12:42:17.579 - INFO - CDS - seq=contig_1, start=757324, stop=759117, strand=+, nt=[GTGAAAACCA..ACTGTCCTGA]
12:42:17.579 - INFO - CDS - seq=contig_1, start=759105, stop=759923, strand=-, nt=[TTGGTTGATT..GGACAGTTGA]
12:42:17.579 - INFO - CDS - seq=contig_1, start=760003, stop=760638, strand=-, nt=[ATGGGTGGTT..CCGGGTCTAG]
12:42:17.579 - INFO - CDS - seq=contig_1, start=760642, stop=761100, strand=-, nt=[GTGTATCAGT..CCGAGTGTAG]
12:42:17.579 - INFO - CDS - seq=contig_1, start=761314, stop=761706, strand=-, nt=[ATGGTGATGG..GCGCGCGTAG]
12:42:17.579 - INFO - CDS - seq=contig_1, start=761844, stop=762047, strand=-, nt=[ATGATTTTCC..GTTAGGGTAG]
12:42:17.579 - INFO - CDS - seq=contig_1, start=762218, stop=763450, strand=-, nt=[ATGGGTGCAG..ACCGGGGTGA]
12:42:17.579 - INFO - CDS - seq=contig_1, start=763450, stop=765744, strand=-, nt=[GTGGTGTGCA..GAGTGAGTGA]
12:42:17.579 - INFO - CDS - seq=contig_1, start=765713, stop=768367, strand=-, nt=[ATGCGTCGCG..CGGTCCGTAA]
12:42:17.579 - INFO - CDS - seq=contig_1, start=768664, stop=769704, strand=-, nt=[GTGCTATGGG..GTTCCGCTGA]
12:42:17.579 - INFO - CDS - seq=contig_1, start=769652, stop=770029, strand=-, nt=[ATGGGTCGTT..GGAGTGCTAA]
12:42:17.579 - INFO - CDS - seq=contig_1, start=770196, stop=770711, strand=+, nt=[GTGGACGCGC..AGACACCTAG]
12:42:17.579 - INFO - CDS - seq=contig_1, start=770767, stop=771555, strand=+, nt=[ATGGGGAACA..TATCCGGTAA]
12:42:17.579 - INFO - CDS - seq=contig_1, start=771564, stop=773534, strand=+, nt=[ATGAATACTC..TGCGTACTGA]
12:42:17.579 - INFO - CDS - seq=contig_1, start=773571, stop=774146, strand=+, nt=[ATGCTGGTGA..TAGTCGGTAG]
12:42:17.579 - INFO - CDS - seq=contig_1, start=774161, stop=775075, strand=-, nt=[ATGGTGATTA..ATGGGAATAA]
12:42:17.579 - INFO - CDS - seq=contig_1, start=775047, stop=776360, strand=-, nt=[GTGGAGTTAT..AGAGAGATAA]
12:42:17.579 - INFO - CDS - seq=contig_1, start=776395, stop=778518, strand=-, nt=[ATGGCGCACG..AAAGCAGTAG]
12:42:17.579 - INFO - CDS - seq=contig_1, start=778527, stop=779657, strand=-, nt=[ATGATAGAAC..TAAGAGGTAA]
12:42:17.579 - INFO - CDS - seq=contig_1, start=779654, stop=780451, strand=-, nt=[ATGGAACGGT..AGCCCTATGA]
12:42:17.579 - INFO - CDS - seq=contig_1, start=780464, stop=780745, strand=-, nt=[ATGACGCAAG..ACCTGTCTAG]
12:42:17.579 - INFO - CDS - seq=contig_1, start=780767, stop=781582, strand=-, nt=[GTGATCCGTG..GTTTTTATAA]
12:42:17.579 - INFO - CDS - seq=contig_1, start=781579, stop=782349, strand=-, nt=[GTGTTACGGA..TGCTCTGTGA]
12:42:17.579 - INFO - CDS - seq=contig_1, start=782303, stop=783349, strand=-, nt=[ATGAGTGACG..GGACGTTTAA]
12:42:17.579 - INFO - CDS - seq=contig_1, start=783342, stop=784376, strand=-, nt=[ATGACAGAGG..GTATGAGTGA]
12:42:17.579 - INFO - CDS - seq=contig_1, start=784398, stop=784946, strand=-, nt=[ATGGCAGAAA..TAAGCCCTAA]
12:42:17.579 - INFO - CDS - seq=contig_1, start=784925, stop=785056, strand=-, nt=[ATGGTACACT..GACTCCATAG]
12:42:17.579 - INFO - CDS - seq=contig_1, start=785056, stop=785772, strand=-, nt=[ATGGCAAGGA..TCACTTTTGA]
12:42:17.579 - INFO - CDS - seq=contig_1, start=785778, stop=786557, strand=-, nt=[ATGGACATCG..TAAGGATTAA]
12:42:17.579 - INFO - CDS - seq=contig_1, start=786573, stop=786770, strand=-, nt=[ATGATTAAAG..CGAGACCTAA]
12:42:17.579 - INFO - CDS - seq=contig_1, start=786828, stop=788219, strand=-, nt=[ATGATGCGGT..GAAGCGCTGA]
12:42:17.579 - INFO - CDS - seq=contig_1, start=788290, stop=788751, strand=-, nt=[ATGGTACAGA..TGCGTCGTAG]
12:42:17.579 - INFO - CDS - seq=contig_1, start=788829, stop=790472, strand=-, nt=[ATGGAACTGA..ATTTGCCTAA]
12:42:17.579 - INFO - CDS - seq=contig_1, start=790687, stop=791538, strand=+, nt=[ATGGAAAAGG..CTCCCCGTAG]
12:42:17.579 - INFO - CDS - seq=contig_1, start=791612, stop=792232, strand=+, nt=[ATGGATGAAG..CTCCCTGTAA]
12:42:17.579 - INFO - CDS - seq=contig_1, start=792234, stop=793259, strand=-, nt=[GTGTTTCTTG..ACCGTACTGA]
12:42:17.579 - INFO - CDS - seq=contig_1, start=793277, stop=793915, strand=+, nt=[ATGAGCAGAA..CCACTTTTAG]
12:42:17.579 - INFO - CDS - seq=contig_1, start=793948, stop=794649, strand=-, nt=[ATGAGTATTC..TATCCAGTAG]
12:42:17.579 - INFO - CDS - seq=contig_1, start=794731, stop=796137, strand=-, nt=[ATGAAGGATC..AAAAGCGTAA]
12:42:17.579 - INFO - CDS - seq=contig_1, start=796289, stop=797131, strand=-, nt=[GTGTTCAGCA..GGGGAGGTAG]
12:42:17.579 - INFO - CDS - seq=contig_1, start=797365, stop=798675, strand=+, nt=[ATGCGTAACA..AAAAGAATGA]
12:42:17.579 - INFO - CDS - seq=contig_1, start=798721, stop=799056, strand=-, nt=[GTGAGTGCTA..CGCGCGGTAG]
12:42:17.579 - INFO - CDS - seq=contig_1, start=799053, stop=800249, strand=-, nt=[ATGAAAGTGT..GGGAACGTGA]
12:42:17.579 - INFO - CDS - seq=contig_1, start=800323, stop=801036, strand=-, nt=[GTGGACTCTA..ACCCGTGTAA]
12:42:17.579 - INFO - CDS - seq=contig_1, start=801017, stop=801631, strand=-, nt=[ATGAAGTTAG..CCGGTCGTGA]
12:42:17.579 - INFO - CDS - seq=contig_1, start=801628, stop=802758, strand=-, nt=[ATGGCCGGTT..GCGCGGATGA]
12:42:17.579 - INFO - CDS - seq=contig_1, start=802877, stop=803140, strand=-, nt=[ATGGCTCGAA..GCCTTCTTGA]
12:42:17.579 - INFO - CDS - seq=contig_1, start=803170, stop=803496, strand=-, nt=[GTGTTGCTTG..GTGTGCGTAG]
12:42:17.579 - INFO - CDS - seq=contig_1, start=803509, stop=803826, strand=-, nt=[GTGTACGCGC..GGGGGTGTAG]
12:42:17.579 - INFO - CDS - seq=contig_1, start=803933, stop=806638, strand=-, nt=[ATGAACATTG..CGCTAGGTAA]
12:42:17.579 - INFO - CDS - seq=contig_1, start=806648, stop=807682, strand=-, nt=[GTGGTGAGTG..TTTGTTTTAG]
12:42:17.579 - INFO - CDS - seq=contig_1, start=807771, stop=809807, strand=-, nt=[ATGGCAAGTT..CGAACTCTAG]
12:42:17.579 - INFO - CDS - seq=contig_1, start=809976, stop=810647, strand=+, nt=[ATGCACCTGA..GCTTGACTAG]
12:42:17.579 - INFO - CDS - seq=contig_1, start=810684, stop=811397, strand=+, nt=[GTGAATAGAC..TTCGCCCTGA]
12:42:17.579 - INFO - CDS - seq=contig_1, start=811535, stop=812650, strand=-, nt=[ATGGTGCTGT..CCTATTCTAG]
12:42:17.579 - INFO - CDS - seq=contig_1, start=812758, stop=813042, strand=-, nt=[ATGACATATG..CGTTCCCTAG]
12:42:17.579 - INFO - CDS - seq=contig_1, start=813039, stop=814376, strand=-, nt=[ATGAATGTTG..TGCAAAATGA]
12:42:17.579 - INFO - CDS - seq=contig_1, start=814451, stop=815140, strand=-, nt=[GTGTGTCTTG..TAGTTTGTAA]
12:42:17.579 - INFO - CDS - seq=contig_1, start=815193, stop=816152, strand=-, nt=[ATGGTGAGGG..AGGGGTGTGA]
12:42:17.579 - INFO - CDS - seq=contig_1, start=816156, stop=816644, strand=-, nt=[GTGGAGCTTA..GATTCGTTAG]
12:42:17.579 - INFO - CDS - seq=contig_1, start=816685, stop=816894, strand=-, nt=[GTGGCTCACA..GCTGTACTAA]
12:42:17.579 - INFO - CDS - seq=contig_1, start=817182, stop=819047, strand=+, nt=[GTGAACATTA..ACTCAAATAA]
12:42:17.579 - INFO - CDS - seq=contig_1, start=819028, stop=819906, strand=+, nt=[TTGAACTCAA..AAAACACTGA]
12:42:17.580 - INFO - CDS - seq=contig_1, start=819966, stop=821117, strand=+, nt=[GTGCTTCTGT..CGAGGCCTGA]
12:42:17.580 - INFO - CDS - seq=contig_1, start=821179, stop=822012, strand=-, nt=[ATGAAGATCA..CTTTCCCTGA]
12:42:17.580 - INFO - CDS - seq=contig_1, start=822079, stop=823254, strand=+, nt=[GTGAATACGT..TGGCGACTGA]
12:42:17.580 - INFO - CDS - seq=contig_1, start=823236, stop=825263, strand=-, nt=[ATGAATACGC..ACCTTCCTGA]
12:42:17.580 - INFO - CDS - seq=contig_1, start=825468, stop=826349, strand=+, nt=[ATGACACCTA..AAGCGCGTAA]
12:42:17.580 - INFO - CDS - seq=contig_1, start=826554, stop=828641, strand=+, nt=[ATGAGTAGAG..ACAAAGGTAA]
12:42:17.580 - INFO - CDS - seq=contig_1, start=828780, stop=829817, strand=+, nt=[ATGAATGCTC..CTCTCGATGA]
12:42:17.580 - INFO - CDS - seq=contig_1, start=829814, stop=830791, strand=+, nt=[ATGAAGACAC..TCTGCCGTAG]
12:42:17.580 - INFO - CDS - seq=contig_1, start=830965, stop=832779, strand=+, nt=[ATGGGCGTGT..ATCGCCTTGA]
12:42:17.580 - INFO - CDS - seq=contig_1, start=832804, stop=834465, strand=-, nt=[ATGCACCTTG..AATGCTGTAG]
12:42:17.580 - INFO - CDS - seq=contig_1, start=834631, stop=835413, strand=+, nt=[ATGCTTTCTC..CATGAAGTAA]
12:42:17.580 - INFO - CDS - seq=contig_1, start=835455, stop=836687, strand=-, nt=[ATGGTTCGAA..AGACGAGTAG]
12:42:17.580 - INFO - CDS - seq=contig_1, start=836996, stop=837670, strand=+, nt=[ATGATTACAG..AACTCTCTGA]
12:42:17.580 - INFO - CDS - seq=contig_1, start=837750, stop=838385, strand=+, nt=[ATGCGTCTAT..CAACATATAA]
12:42:17.580 - INFO - CDS - seq=contig_1, start=838310, stop=838465, strand=-, nt=[GTGAGGAGTC..GCAGGTGTAG]
12:42:17.580 - INFO - CDS - seq=contig_1, start=838462, stop=839238, strand=-, nt=[GTGATCCTTT..TTTTGCGTGA]
12:42:17.580 - INFO - CDS - seq=contig_1, start=839289, stop=839513, strand=-, nt=[ATGAAGACGT..CCGTCCGTAA]
12:42:17.580 - INFO - CDS - seq=contig_1, start=839582, stop=840490, strand=-, nt=[ATGAGCGCGT..GCTACAGTAG]
12:42:17.580 - INFO - CDS - seq=contig_1, start=840490, stop=841134, strand=-, nt=[GTGGTGCATA..AGTGAGGTGA]
12:42:17.580 - INFO - CDS - seq=contig_1, start=841181, stop=843205, strand=-, nt=[GTGGATAGGA..TGGGGAATAG]
12:42:17.580 - INFO - CDS - seq=contig_1, start=843257, stop=844207, strand=-, nt=[GTGCGTACGA..GGTGGAGTAA]
12:42:17.580 - INFO - CDS - seq=contig_1, start=844236, stop=845345, strand=-, nt=[ATGTTCTCCC..GATCCCGTAA]
12:42:17.580 - INFO - CDS - seq=contig_1, start=845349, stop=845519, strand=+, nt=[ATGGTGCGCG..CCCGTTGTAG]
12:42:17.580 - INFO - CDS - seq=contig_1, start=845535, stop=846134, strand=+, nt=[GTGCGCATTC..CAGTCCATGA]
12:42:17.580 - INFO - CDS - seq=contig_1, start=846131, stop=846817, strand=+, nt=[ATGACTCGCG..ACACCGGTGA]
12:42:17.580 - INFO - CDS - seq=contig_1, start=846947, stop=847660, strand=+, nt=[GTGGCCGCTG..CCAGCTGTAA]
12:42:17.580 - INFO - CDS - seq=contig_1, start=847707, stop=848099, strand=-, nt=[GTGGTAATTG..AGGCACATGA]
12:42:17.580 - INFO - CDS - seq=contig_1, start=848208, stop=849098, strand=+, nt=[ATGCGTGTGC..AACACGCTAA]
12:42:17.580 - INFO - CDS - seq=contig_1, start=849111, stop=849887, strand=-, nt=[ATGAAACGGA..CGATCGGTGA]
12:42:17.580 - INFO - CDS - seq=contig_1, start=849906, stop=852557, strand=-, nt=[ATGAGGTGTA..CACACGATAG]
12:42:17.580 - INFO - CDS - seq=contig_1, start=852946, stop=853806, strand=+, nt=[ATGATCATCA..CTTGCGTTAG]
12:42:17.580 - INFO - CDS - seq=contig_1, start=853885, stop=855504, strand=+, nt=[GTGCGCACAC..AGGGCTGTAA]
12:42:17.580 - INFO - CDS - seq=contig_1, start=855541, stop=856731, strand=-, nt=[ATGGAGACGT..AAAAGAGTAG]
12:42:17.580 - INFO - CDS - seq=contig_1, start=856934, stop=857938, strand=-, nt=[GTGCGCGAGT..AGAGCGTTAG]
12:42:17.580 - INFO - CDS - seq=contig_1, start=858083, stop=858874, strand=-, nt=[ATGAACGTGG..TTCTTCCTAA]
12:42:17.580 - INFO - CDS - seq=contig_1, start=858925, stop=861360, strand=-, nt=[ATGACGCGAA..TGTCGGCTAG]
12:42:17.580 - INFO - CDS - seq=contig_1, start=861757, stop=863160, strand=+, nt=[GTGGTACGGC..ACGCGTTTGA]
12:42:17.580 - INFO - CDS - seq=contig_1, start=863221, stop=863373, strand=-, nt=[ATGTGCTTGC..GCTGGGGTGA]
12:42:17.580 - INFO - CDS - seq=contig_1, start=863333, stop=865651, strand=-, nt=[ATGAAAATTA..GAGTCGCTGA]
12:42:17.580 - INFO - CDS - seq=contig_1, start=866040, stop=867248, strand=+, nt=[ATGGGCGCGC..GAGCGCGTAA]
12:42:17.580 - INFO - CDS - seq=contig_1, start=867326, stop=868489, strand=+, nt=[ATGGCAAAGG..AGGGGAATAA]
12:42:17.580 - INFO - CDS - seq=contig_1, start=868514, stop=870616, strand=-, nt=[ATGGAACTAC..GCCCTCATAA]
12:42:17.580 - INFO - CDS - seq=contig_1, start=870616, stop=872079, strand=-, nt=[ATGTATTGCA..AGGTGCGTGA]
12:42:17.580 - INFO - CDS - seq=contig_1, start=872238, stop=872426, strand=+, nt=[ATGGCAGTGC..CCTTTGCTAG]
12:42:17.580 - INFO - CDS - seq=contig_1, start=872487, stop=872723, strand=+, nt=[GTGGATGAGT..AGTGACATGA]
12:42:17.580 - INFO - CDS - seq=contig_1, start=872720, stop=873484, strand=+, nt=[ATGAGCCTGT..CCGGGAGTAG]
12:42:17.580 - INFO - CDS - seq=contig_1, start=873515, stop=874426, strand=+, nt=[TTGTCCCGCT..TACACCGTAG]
12:42:17.580 - INFO - CDS - seq=contig_1, start=874621, stop=876072, strand=+, nt=[ATGTACAGTC..GTGCGCGTAG]
12:42:17.580 - INFO - CDS - seq=contig_1, start=876296, stop=877318, strand=-, nt=[ATGGGCGCGG..TGTACATTAA]
12:42:17.580 - INFO - CDS - seq=contig_1, start=877541, stop=878464, strand=+, nt=[ATGAAGACAG..CCAAAACTAG]
12:42:17.580 - INFO - CDS - seq=contig_1, start=878658, stop=879569, strand=+, nt=[ATGCACGTTT..TAATCTATAG]
12:42:17.580 - INFO - CDS - seq=contig_1, start=879641, stop=880285, strand=-, nt=[ATGGGCGCGG..TGGAAAATAG]
12:42:17.580 - INFO - CDS - seq=contig_1, start=880444, stop=881742, strand=-, nt=[GTGAGTGACA..TGGTTGTTAG]
12:42:17.580 - INFO - CDS - seq=contig_1, start=881916, stop=882842, strand=-, nt=[ATGAATCTGG..TCGAGAATAG]
12:42:17.580 - INFO - CDS - seq=contig_1, start=882876, stop=883637, strand=-, nt=[GTGCGCGTCG..CCTGAGTTAA]
12:42:17.580 - INFO - CDS - seq=contig_1, start=883742, stop=884548, strand=-, nt=[ATGAAAGGAA..TGCCTTGTAG]
12:42:17.580 - INFO - CDS - seq=contig_1, start=884629, stop=885570, strand=-, nt=[GTGTTTGCGC..AACGGTGTGA]
12:42:17.580 - INFO - CDS - seq=contig_1, start=885620, stop=886006, strand=-, nt=[ATGGGACGGG..AGGTAAGTAG]
12:42:17.580 - INFO - CDS - seq=contig_1, start=886403, stop=888295, strand=+, nt=[ATGGATTTGT..GATTCGGTGA]
12:42:17.580 - INFO - CDS - seq=contig_1, start=888464, stop=889285, strand=+, nt=[GTGCTATTTC..GTTGTCTTGA]
12:42:17.580 - INFO - CDS - seq=contig_1, start=889263, stop=890225, strand=+, nt=[ATGGTCGCAG..ACATGAATGA]
12:42:17.580 - INFO - CDS - seq=contig_1, start=890222, stop=890599, strand=+, nt=[ATGATCATTG..ACCGCTATGA]
12:42:17.580 - INFO - CDS - seq=contig_1, start=890596, stop=891480, strand=+, nt=[ATGACCCGGT..AACTACATGA]
12:42:17.580 - INFO - CDS - seq=contig_1, start=891477, stop=892262, strand=+, nt=[ATGAATGATG..TGCAGAATAG]
12:42:17.580 - INFO - CDS - seq=contig_1, start=892330, stop=894099, strand=-, nt=[GTGCAGGATC..AGAGATGTAG]
12:42:17.580 - INFO - CDS - seq=contig_1, start=894122, stop=894928, strand=-, nt=[ATGTCTTGGA..TTCGTTCTAA]
12:42:17.580 - INFO - CDS - seq=contig_1, start=895010, stop=895726, strand=+, nt=[ATGGCATTCA..GAAGGGGTAA]
12:42:17.580 - INFO - CDS - seq=contig_1, start=895783, stop=897033, strand=-, nt=[ATGCGCGGTA..GCTTGAGTAG]
12:42:17.580 - INFO - CDS - seq=contig_1, start=897120, stop=899924, strand=-, nt=[ATGCATATAC..AAAGGAATAG]
12:42:17.580 - INFO - CDS - seq=contig_1, start=900065, stop=900889, strand=-, nt=[ATGACTCGGT..GGGTTTTTAA]
12:42:17.580 - INFO - CDS - seq=contig_1, start=901067, stop=902815, strand=+, nt=[ATGCTGCAAA..GCACGCCTAG]
12:42:17.580 - INFO - CDS - seq=contig_1, start=902864, stop=904528, strand=-, nt=[ATGCGCCGCA..ACGGATATAG]
12:42:17.580 - INFO - CDS - seq=contig_1, start=904603, stop=905610, strand=-, nt=[ATGGACAAAA..TTCACAGTGA]
12:42:17.580 - INFO - CDS - seq=contig_1, start=905715, stop=907964, strand=+, nt=[ATGAGTGGGG..GCGCTCTTAG]
12:42:17.580 - INFO - CDS - seq=contig_1, start=908026, stop=909600, strand=-, nt=[ATGAACATAT..TCGGTTTTAG]
12:42:17.580 - INFO - CDS - seq=contig_1, start=909796, stop=910563, strand=-, nt=[ATGATCCGCA..TACCGGCTAG]
12:42:17.580 - INFO - CDS - seq=contig_1, start=910687, stop=911484, strand=-, nt=[ATGGCCTCGC..TGTCAGGTGA]
12:42:17.580 - INFO - CDS - seq=contig_1, start=911604, stop=912656, strand=+, nt=[ATGAGAGTTG..GAAGCGGTAG]
12:42:17.580 - INFO - CDS - seq=contig_1, start=912710, stop=913243, strand=-, nt=[GTGACGCTGT..CTGCCGGTGA]
12:42:17.580 - INFO - CDS - seq=contig_1, start=913281, stop=913607, strand=-, nt=[GTGGTCAGTG..GTGCGATTGA]
12:42:17.580 - INFO - CDS - seq=contig_1, start=913607, stop=913942, strand=-, nt=[GTGCTAAACC..AATTTTTTAG]
12:42:17.581 - INFO - CDS - seq=contig_1, start=913936, stop=914304, strand=-, nt=[ATGTCTCGAT..AGCGTGCTAA]
12:42:17.581 - INFO - CDS - seq=contig_1, start=914337, stop=914537, strand=-, nt=[ATGCCTAAGA..TTACGCGTAG]
12:42:17.581 - INFO - CDS - seq=contig_1, start=914590, stop=915111, strand=-, nt=[TTGGCGGATA..AAAGAAATGA]
12:42:17.581 - INFO - CDS - seq=contig_1, start=915298, stop=917466, strand=+, nt=[GTGCAAATTT..TCTCGGCTGA]
12:42:17.581 - INFO - CDS - seq=contig_1, start=917495, stop=918493, strand=-, nt=[ATGTTGAGTA..GCGTGTATGA]
12:42:17.581 - INFO - CDS - seq=contig_1, start=918644, stop=919780, strand=-, nt=[ATGCAGATTA..CAATGCGTGA]
12:42:17.581 - INFO - CDS - seq=contig_1, start=919835, stop=924436, strand=-, nt=[ATGAATGCTC..AAAGAGATAG]
12:42:17.581 - INFO - CDS - seq=contig_1, start=924433, stop=927816, strand=-, nt=[GTGAGAATCC..ACAATTATGA]
12:42:17.581 - INFO - CDS - seq=contig_1, start=928044, stop=929162, strand=+, nt=[GTGGCGATTG..ACGCAAGTAA]
12:42:17.581 - INFO - CDS - seq=contig_1, start=929376, stop=930494, strand=+, nt=[ATGGCTGCGA..CCGAAATTAA]
12:42:17.581 - INFO - CDS - seq=contig_1, start=930630, stop=931367, strand=+, nt=[GTGTTCGGTT..CGGTGTCTAA]
12:42:17.581 - INFO - CDS - seq=contig_1, start=931342, stop=932097, strand=+, nt=[GTGCGCGGTG..CATTTTCTAG]
12:42:17.581 - INFO - CDS - seq=contig_1, start=932172, stop=934079, strand=-, nt=[ATGTGTGGAA..GGTCGAGTAA]
12:42:17.581 - INFO - CDS - seq=contig_1, start=934164, stop=934295, strand=-, nt=[ATGGGCATGG..GCTTGGTTGA]
12:42:17.581 - INFO - CDS - seq=contig_1, start=934318, stop=935085, strand=-, nt=[GTGTGTTCTT..GAAAAAGTGA]
12:42:17.581 - INFO - CDS - seq=contig_1, start=935247, stop=936530, strand=+, nt=[ATGAACCTCT..AAAACTATGA]
12:42:17.581 - INFO - CDS - seq=contig_1, start=936589, stop=938142, strand=-, nt=[GTGGCGCTGC..GACAAAATAA]
12:42:17.581 - INFO - CDS - seq=contig_1, start=938263, stop=939690, strand=-, nt=[GTGGTACGGA..TCTTCACTGA]
12:42:17.581 - INFO - CDS - seq=contig_1, start=939779, stop=941719, strand=-, nt=[GTGCAGATTA..TCTGACGTAA]
12:42:17.581 - INFO - CDS - seq=contig_1, start=942039, stop=942899, strand=+, nt=[ATGATTATCA..TCTCCGGTAA]
12:42:17.581 - INFO - CDS - seq=contig_1, start=943178, stop=944035, strand=+, nt=[ATGATTATCA..GATGCAGTAA]
12:42:17.581 - INFO - CDS - seq=contig_1, start=944333, stop=946501, strand=+, nt=[GTGTCTGATG..CAGGAATTAG]
12:42:17.581 - INFO - CDS - seq=contig_1, start=946513, stop=947115, strand=+, nt=[ATGGACATTA..TGTACAATGA]
12:42:17.581 - INFO - CDS - seq=contig_1, start=947112, stop=947387, strand=+, nt=[ATGAAGTTTG..GCCGCGTTAG]
12:42:17.581 - INFO - CDS - seq=contig_1, start=947427, stop=947834, strand=+, nt=[GTGAGGTGCG..CGTAGCGTAG]
12:42:17.581 - INFO - CDS - seq=contig_1, start=947881, stop=948546, strand=+, nt=[ATGAATATAC..AGGAAGCTAA]
12:42:17.581 - INFO - CDS - seq=contig_1, start=948551, stop=949648, strand=+, nt=[ATGGGCAATT..ACAGGACTGA]
12:42:17.581 - INFO - CDS - seq=contig_1, start=949661, stop=950620, strand=-, nt=[GTGAGGGTTA..CTCTGACTAG]
12:42:17.581 - INFO - CDS - seq=contig_1, start=950617, stop=952065, strand=-, nt=[ATGATTCTGA..AAAACGGTGA]
12:42:17.581 - INFO - CDS - seq=contig_1, start=952095, stop=952820, strand=-, nt=[ATGCAGTGTA..TTTTAGGTGA]
12:42:17.581 - INFO - CDS - seq=contig_1, start=952810, stop=953652, strand=-, nt=[GTGTCTGCTG..TGCAGTGTAA]
12:42:17.581 - INFO - CDS - seq=contig_1, start=953695, stop=955050, strand=-, nt=[ATGTTTGCTA..AGAATCGTGA]
12:42:17.581 - INFO - CDS - seq=contig_1, start=955163, stop=956281, strand=-, nt=[ATGAAAATAC..CTGTCTTTAA]
12:42:17.581 - INFO - CDS - seq=contig_1, start=956278, stop=957375, strand=-, nt=[GTGCTTTTTG..TGCAGTATGA]
12:42:17.581 - INFO - CDS - seq=contig_1, start=957396, stop=957836, strand=-, nt=[ATGATCCGTG..GGTTCTGTAG]
12:42:17.581 - INFO - CDS - seq=contig_1, start=957833, stop=959941, strand=-, nt=[ATGAAACACA..GACGAAATGA]
12:42:17.581 - INFO - CDS - seq=contig_1, start=960089, stop=960358, strand=-, nt=[ATGGCACTGA..GAGGAAGTAG]
12:42:17.581 - INFO - CDS - seq=contig_1, start=960374, stop=961201, strand=-, nt=[GTGCGCATTT..GTTCGAGTAG]
12:42:17.581 - INFO - CDS - seq=contig_1, start=961205, stop=962290, strand=-, nt=[ATGCCTGACG..TACGGAGTGA]
12:42:17.581 - INFO - CDS - seq=contig_1, start=962283, stop=962663, strand=-, nt=[ATGAAACAGG..GCATGCCTGA]
12:42:17.581 - INFO - CDS - seq=contig_1, start=962660, stop=965356, strand=-, nt=[ATGACCCTAC..ACAGGGATGA]
12:42:17.581 - INFO - CDS - seq=contig_1, start=965364, stop=966821, strand=-, nt=[ATGTTCGGCG..CGAGGAATAG]
12:42:17.581 - INFO - CDS - seq=contig_1, start=966871, stop=967341, strand=-, nt=[GTGAACTTCA..CCGCGCTTGA]
12:42:17.581 - INFO - CDS - seq=contig_1, start=967362, stop=967496, strand=-, nt=[GTGCACCGGC..GCTAGAGTGA]
12:42:17.581 - INFO - CDS - seq=contig_1, start=967515, stop=968537, strand=-, nt=[TTGGAAAAGA..GGCCGGCTAG]
12:42:17.581 - INFO - CDS - seq=contig_1, start=968544, stop=969071, strand=-, nt=[ATGAAACAAT..CGCAGAGTAG]
12:42:17.581 - INFO - CDS - seq=contig_1, start=969246, stop=970715, strand=-, nt=[GTGTATCAGC..GATTTGGTAG]
12:42:17.581 - INFO - CDS - seq=contig_1, start=970775, stop=974527, strand=-, nt=[GTGACTGATT..GAATGATTGA]
12:42:17.581 - INFO - CDS - seq=contig_1, start=974524, stop=977484, strand=-, nt=[GTGACGGAAA..GGCGTCGTGA]
12:42:17.581 - INFO - CDS - seq=contig_1, start=977523, stop=978935, strand=-, nt=[GTGCTCCACA..TTTATCGTGA]
12:42:17.581 - INFO - CDS - seq=contig_1, start=978976, stop=979857, strand=-, nt=[ATGTGGCCGA..ACGCACGTAG]
12:42:17.581 - INFO - CDS - seq=contig_1, start=979859, stop=981457, strand=+, nt=[GTGGAGCAGG..TTTTGAATAA]
12:42:17.581 - INFO - CDS - seq=contig_1, start=981664, stop=982035, strand=+, nt=[GTGAGTTTAC..GGGCGTCTAG]
12:42:17.581 - INFO - CDS - seq=contig_1, start=982044, stop=982286, strand=+, nt=[ATGGTCACGA..CATCGACTAG]
12:42:17.581 - INFO - CDS - seq=contig_1, start=982337, stop=982873, strand=+, nt=[ATGGATAGAA..TCTCGAATGA]
12:42:17.581 - INFO - CDS - seq=contig_1, start=982870, stop=983622, strand=+, nt=[ATGAACATTG..AACAAATTGA]
12:42:17.581 - INFO - CDS - seq=contig_1, start=983594, stop=983965, strand=+, nt=[ATGAGTTGCC..CAGCGCGTGA]
12:42:17.581 - INFO - CDS - seq=contig_1, start=983962, stop=984882, strand=+, nt=[GTGAACGGAG..TTCTGTATAG]
12:42:17.581 - INFO - CDS - seq=contig_1, start=984904, stop=985155, strand=+, nt=[ATGAAAAGAA..ACAACAGTAA]
12:42:17.581 - INFO - CDS - seq=contig_1, start=985240, stop=986490, strand=+, nt=[ATGTCACAAA..AGCACAATAA]
12:42:17.581 - INFO - CDS - seq=contig_1, start=986474, stop=986854, strand=+, nt=[ATGCCAAAGC..TTTGGTATGA]
12:42:17.581 - INFO - CDS - seq=contig_1, start=986851, stop=987033, strand=+, nt=[ATGAAAGGTT..GTGTGACTGA]
12:42:17.581 - INFO - CDS - seq=contig_1, start=987026, stop=987412, strand=+, nt=[GTGACTGACG..GGTTTCTTAA]
12:42:17.581 - INFO - CDS - seq=contig_1, start=987486, stop=988820, strand=+, nt=[GTGAGTTCTG..CATCGATTGA]
12:42:17.581 - INFO - CDS - seq=contig_1, start=988989, stop=990338, strand=+, nt=[ATGAACGAGA..GCCCCTGTGA]
12:42:17.581 - INFO - CDS - seq=contig_1, start=990618, stop=991043, strand=-, nt=[ATGAGCGCCG..GGCAACATAA]
12:42:17.581 - INFO - CDS - seq=contig_1, start=991151, stop=991468, strand=-, nt=[ATGGCATTAT..GAACGCCTAA]
12:42:17.581 - INFO - CDS - seq=contig_1, start=991697, stop=994120, strand=+, nt=[GTGGGACGTG..GCAGGAATAA]
12:42:17.581 - INFO - CDS - seq=contig_1, start=994228, stop=995565, strand=+, nt=[GTGAAGATCG..GCGCTCATAA]
12:42:17.581 - INFO - CDS - seq=contig_1, start=995638, stop=996690, strand=+, nt=[ATGAGCGAAA..AAGCGCGTAG]
12:42:17.582 - INFO - CDS - seq=contig_1, start=996634, stop=997992, strand=-, nt=[ATGGGCCGCA..GCGACCATAG]
12:42:17.582 - INFO - CDS - seq=contig_1, start=998308, stop=1000647, strand=+, nt=[ATGACTTTGG..CCCGAAGTGA]
12:42:17.582 - INFO - CDS - seq=contig_1, start=1000596, stop=1000883, strand=-, nt=[GTGCCACCCT..AAACGGCTGA]
12:42:17.582 - INFO - CDS - seq=contig_1, start=1001013, stop=1001453, strand=+, nt=[GTGGCAAAAG..CGCACGATAA]
12:42:17.582 - INFO - CDS - seq=contig_1, start=1001604, stop=1003439, strand=-, nt=[ATGTCAATCG..CCCACAATAG]
12:42:17.582 - INFO - CDS - seq=contig_1, start=1003613, stop=1003825, strand=+, nt=[ATGCAGCAGT..AGTTGCTTGA]
12:42:17.582 - INFO - CDS - seq=contig_1, start=1003979, stop=1005448, strand=+, nt=[GTGTTGGCGG..TCGGCGCTAG]
12:42:17.582 - INFO - CDS - seq=contig_1, start=1005487, stop=1007193, strand=+, nt=[ATGGGTACAT..TCTGGACTAA]
12:42:17.582 - INFO - CDS - seq=contig_1, start=1007277, stop=1008707, strand=-, nt=[GTGAATAAGC..TAAGTTATAG]
12:42:17.582 - INFO - CDS - seq=contig_1, start=1008819, stop=1010441, strand=-, nt=[ATGCTGTACC..ACTATCCTAG]
12:42:17.582 - INFO - CDS - seq=contig_1, start=1010577, stop=1011800, strand=+, nt=[ATGAAAATTT..CTTTATCTGA]
12:42:17.582 - INFO - CDS - seq=contig_1, start=1011793, stop=1012701, strand=-, nt=[ATGGCGAAAA..GCTCAGATAA]
12:42:17.582 - INFO - CDS - seq=contig_1, start=1012925, stop=1013935, strand=-, nt=[ATGAAGTGGG..TCTGAAATAG]
12:42:17.582 - INFO - CDS - seq=contig_1, start=1014170, stop=1014805, strand=-, nt=[GTGAATACGC..ACGCGTGTAA]
12:42:17.582 - INFO - CDS - seq=contig_1, start=1014802, stop=1015398, strand=-, nt=[ATGCGCGCGC..TAGAATGTGA]
12:42:17.582 - INFO - CDS - seq=contig_1, start=1015365, stop=1015601, strand=-, nt=[GTGCAGGACA..GGGGATTTGA]
12:42:17.582 - INFO - CDS - seq=contig_1, start=1015697, stop=1019251, strand=-, nt=[ATGTCTGAGA..TCCGTTCTAG]
12:42:17.582 - INFO - CDS - seq=contig_1, start=1019445, stop=1019963, strand=-, nt=[GTGGAACCCG..TGGGGAGTAA]
12:42:17.582 - INFO - CDS - seq=contig_1, start=1020040, stop=1020504, strand=-, nt=[ATGGACGGTG..GAGTTTATAA]
12:42:17.582 - INFO - CDS - seq=contig_1, start=1020510, stop=1020956, strand=-, nt=[ATGGCGTATG..TGCGGGGTAG]
12:42:17.582 - INFO - CDS - seq=contig_1, start=1021005, stop=1022177, strand=-, nt=[ATGGCGTTGT..GGCGGGTTAG]
12:42:17.582 - INFO - CDS - seq=contig_1, start=1022348, stop=1023004, strand=-, nt=[ATGGAGCGGT..AGGGGCGTAA]
12:42:17.582 - INFO - CDS - seq=contig_1, start=1023336, stop=1023755, strand=-, nt=[ATGGAGGGGG..GGCTGTCTAA]
12:42:17.582 - INFO - CDS - seq=contig_1, start=1023869, stop=1024516, strand=-, nt=[ATGAATACGC..GTCCAAGTAA]
12:42:17.582 - INFO - CDS - seq=contig_1, start=1024513, stop=1025208, strand=-, nt=[ATGGTGTATG..TGCGATATGA]
12:42:17.582 - INFO - CDS - seq=contig_1, start=1025224, stop=1027092, strand=-, nt=[ATGAAAAAAA..TAAAACCTGA]
12:42:17.582 - INFO - CDS - seq=contig_1, start=1027092, stop=1027376, strand=-, nt=[GTGAGTGTGC..GTGTTCGTGA]
12:42:17.582 - INFO - CDS - seq=contig_1, start=1027380, stop=1027781, strand=-, nt=[GTGGCTGCCT..GCAGGAATAG]
12:42:17.582 - INFO - CDS - seq=contig_1, start=1027787, stop=1027942, strand=-, nt=[GTGAAGCGGA..ACCTTACTAG]
12:42:17.582 - INFO - CDS - seq=contig_1, start=1028063, stop=1029070, strand=-, nt=[ATGAAAAAAT..TTCGAATTAA]
12:42:17.582 - INFO - CDS - seq=contig_1, start=1029182, stop=1030360, strand=-, nt=[ATGGATCACC..GTTTCGCTAA]
12:42:17.582 - INFO - CDS - seq=contig_1, start=1030458, stop=1031894, strand=-, nt=[GTGCGGTATG..GAATCCCTAG]
12:42:17.582 - INFO - CDS - seq=contig_1, start=1032044, stop=1032337, strand=+, nt=[ATGCTTCCGC..AAAGAAATGA]
12:42:17.582 - INFO - CDS - seq=contig_1, start=1032280, stop=1033305, strand=+, nt=[GTGCGAGTGG..CTTGGATTGA]
12:42:17.582 - INFO - CDS - seq=contig_1, start=1033396, stop=1034424, strand=+, nt=[ATGCGAACGT..ACAGCGCTGA]
12:42:17.582 - INFO - CDS - seq=contig_1, start=1034455, stop=1036353, strand=+, nt=[ATGAAGGGTG..ATTCCTGTAG]
12:42:17.582 - INFO - CDS - seq=contig_1, start=1036422, stop=1036811, strand=-, nt=[GTGAACGTGC..CGGCGCATAA]
12:42:17.582 - INFO - CDS - seq=contig_1, start=1036823, stop=1037617, strand=-, nt=[ATGGTACGAA..CAAGCGTTAG]
12:42:17.582 - INFO - CDS - seq=contig_1, start=1037693, stop=1038508, strand=-, nt=[ATGATCCGAG..TGCAAAGTAG]
12:42:17.582 - INFO - CDS - seq=contig_1, start=1038594, stop=1039826, strand=-, nt=[ATGCTTGAAG..TGCTCAGTGA]
12:42:17.582 - INFO - CDS - seq=contig_1, start=1039937, stop=1041166, strand=-, nt=[ATGGTGGGTG..AGACCGCTAG]
12:42:17.582 - INFO - CDS - seq=contig_1, start=1041156, stop=1041863, strand=-, nt=[GTGACTCCCG..TGGTGGGTGA]
12:42:17.582 - INFO - CDS - seq=contig_1, start=1041863, stop=1042825, strand=-, nt=[ATGACCACAG..GAGGAAATAG]
12:42:17.582 - INFO - CDS - seq=contig_1, start=1042850, stop=1044514, strand=-, nt=[ATGCTGCAAT..AGTACTCTAA]
12:42:17.582 - INFO - CDS - seq=contig_1, start=1044536, stop=1046074, strand=-, nt=[GTGAGCGGTC..CCAAACATGA]
12:42:17.582 - INFO - CDS - seq=contig_1, start=1046071, stop=1047693, strand=-, nt=[GTGAGCGTAA..GGTGCCGTGA]
12:42:17.582 - INFO - CDS - seq=contig_1, start=1047690, stop=1049234, strand=-, nt=[ATGAAAGTCT..GTCTTCGTGA]
12:42:17.582 - INFO - CDS - seq=contig_1, start=1049446, stop=1050060, strand=-, nt=[ATGAAGAGGG..TCAGTGGTAG]
12:42:17.582 - INFO - CDS - seq=contig_1, start=1050217, stop=1051563, strand=-, nt=[ATGGAACGAT..CAGCACGTAG]
12:42:17.582 - INFO - CDS - seq=contig_1, start=1051651, stop=1053312, strand=+, nt=[ATGATGCCGC..GAGGGTATAA]
12:42:17.582 - INFO - CDS - seq=contig_1, start=1053364, stop=1053642, strand=-, nt=[ATGATCGATA..GAATTTATAA]
12:42:17.582 - INFO - CDS - seq=contig_1, start=1053697, stop=1054521, strand=-, nt=[GTGGGTACCT..AAAATTTTAG]
12:42:17.582 - INFO - CDS - seq=contig_1, start=1054632, stop=1055951, strand=+, nt=[GTGTCAGATT..CCGCACGTGA]
12:42:17.582 - INFO - CDS - seq=contig_1, start=1055938, stop=1056798, strand=+, nt=[ATGACCGCAC..GGGGATGTGA]
12:42:17.582 - INFO - CDS - seq=contig_1, start=1056828, stop=1057388, strand=+, nt=[ATGAAACTCA..GCGCACGTAG]
12:42:17.582 - INFO - CDS - seq=contig_1, start=1057558, stop=1058331, strand=+, nt=[ATGCAGATCT..TCCTGAGTGA]
12:42:17.582 - INFO - CDS - seq=contig_1, start=1058306, stop=1059361, strand=+, nt=[GTGCGTGTTT..TGGTTTATAA]
12:42:17.582 - INFO - CDS - seq=contig_1, start=1059541, stop=1060584, strand=+, nt=[GTGAAAGAAT..TCAGGAATAA]
12:42:17.582 - INFO - CDS - seq=contig_1, start=1060606, stop=1061226, strand=+, nt=[GTGATCAGGA..TGTCCCGTAA]
12:42:17.582 - INFO - CDS - seq=contig_1, start=1061258, stop=1061932, strand=+, nt=[GTGCTAGCCT..CGTATACTAG]
12:42:17.582 - INFO - CDS - seq=contig_1, start=1061956, stop=1063875, strand=-, nt=[ATGGCTCAGT..ACGCGGGTAG]
12:42:17.582 - INFO - CDS - seq=contig_1, start=1064058, stop=1065827, strand=+, nt=[ATGGATTATC..ACACGTCTAG]
12:42:17.582 - INFO - CDS - seq=contig_1, start=1065883, stop=1066767, strand=+, nt=[ATGGCTTTTA..CACACGCTAG]
12:42:17.582 - INFO - CDS - seq=contig_1, start=1066813, stop=1067196, strand=-, nt=[GTGGCGCTTA..AAAAATCTAA]
12:42:17.583 - INFO - CDS - seq=contig_1, start=1067287, stop=1067886, strand=+, nt=[ATGAGTACTT..CGCTTCCTAG]
12:42:17.583 - INFO - CDS - seq=contig_1, start=1067922, stop=1068626, strand=-, nt=[ATGAGAGGAT..CGTCCCCTAA]
12:42:17.583 - INFO - CDS - seq=contig_1, start=1068841, stop=1071942, strand=+, nt=[ATGCCGAGTG..AGAGAACTAG]
12:42:17.583 - INFO - CDS - seq=contig_1, start=1072020, stop=1072166, strand=+, nt=[ATGTGTGATT..GAAAGTGTAG]
12:42:17.583 - INFO - CDS - seq=contig_1, start=1072200, stop=1072487, strand=+, nt=[GTGAAAAAAA..TGTCCTCTAG]
12:42:17.583 - INFO - CDS - seq=contig_1, start=1072557, stop=1073582, strand=-, nt=[ATGGTGGACA..AAGTTGGTAA]
12:42:17.583 - INFO - CDS - seq=contig_1, start=1073938, stop=1074753, strand=+, nt=[ATGGAGGTCG..TAATGCGTAG]
12:42:17.583 - INFO - CDS - seq=contig_1, start=1074828, stop=1076162, strand=+, nt=[ATGAGCAAAA..CCCCTCATGA]
12:42:17.583 - INFO - CDS - seq=contig_1, start=1076192, stop=1077868, strand=-, nt=[ATGCAAGAGG..CGGCTATTGA]
12:42:17.583 - INFO - CDS - seq=contig_1, start=1077965, stop=1079761, strand=-, nt=[ATGTACTCAT..TTGGCGTTGA]
12:42:17.583 - INFO - CDS - seq=contig_1, start=1079795, stop=1081183, strand=-, nt=[ATGACCGCGT..CCGGGAGTAG]
12:42:17.583 - INFO - CDS - seq=contig_1, start=1081369, stop=1083768, strand=+, nt=[ATGGAACGAT..GCGTTCGTAG]
12:42:17.583 - INFO - CDS - seq=contig_1, start=1084057, stop=1084617, strand=+, nt=[ATGATGAGAG..ACTCGAATGA]
12:42:17.583 - INFO - CDS - seq=contig_1, start=1084757, stop=1085995, strand=-, nt=[ATGGAGCATC..AAATCAATAG]
12:42:17.583 - INFO - CDS - seq=contig_1, start=1085952, stop=1086707, strand=-, nt=[ATGGGTAGAA..TCGTCTGTAA]
12:42:17.583 - INFO - CDS - seq=contig_1, start=1086905, stop=1087852, strand=+, nt=[GTGCTATCTG..ATGGCAGTAG]
12:42:17.583 - INFO - CDS - seq=contig_1, start=1087875, stop=1088480, strand=-, nt=[ATGATACCGG..GGAGGCTTAG]
12:42:17.583 - INFO - CDS - seq=contig_1, start=1088554, stop=1090272, strand=-, nt=[GTGGCGTATC..TCCGTATTGA]
12:42:17.583 - INFO - CDS - seq=contig_1, start=1090331, stop=1092244, strand=-, nt=[ATGGGGATTG..GGACGTATGA]
12:42:17.583 - INFO - CDS - seq=contig_1, start=1092353, stop=1093270, strand=-, nt=[GTGACGTTGC..GCAGCAGTAG]
12:42:17.583 - INFO - CDS - seq=contig_1, start=1093313, stop=1095850, strand=-, nt=[ATGCATATCA..TGCCTCGTAG]
12:42:17.583 - INFO - CDS - seq=contig_1, start=1095977, stop=1097047, strand=-, nt=[ATGGCTTCGA..TGGTTGGTAG]
12:42:17.583 - INFO - CDS - seq=contig_1, start=1097144, stop=1097593, strand=-, nt=[ATGGCATTTG..TTTTTTCTAA]
12:42:17.583 - INFO - CDS - seq=contig_1, start=1097719, stop=1098327, strand=-, nt=[TTGGGCATAC..ATGCGAATAA]
12:42:17.583 - INFO - CDS - seq=contig_1, start=1098362, stop=1099252, strand=-, nt=[GTGAGACAAA..CATAGCGTAG]
12:42:17.583 - INFO - CDS - seq=contig_1, start=1099502, stop=1099768, strand=+, nt=[ATGAAAATTA..CATCGAGTAG]
12:42:17.583 - INFO - CDS - seq=contig_1, start=1099779, stop=1101713, strand=-, nt=[ATGGTGTGCT..AGCCCGTTAA]
12:42:17.583 - INFO - CDS - seq=contig_1, start=1101679, stop=1102104, strand=-, nt=[GTGAGTGAAG..AAGTGCGTAG]
12:42:17.583 - INFO - CDS - seq=contig_1, start=1102101, stop=1103186, strand=-, nt=[ATGGGCAGAT..CGACTGGTGA]
12:42:17.583 - INFO - CDS - seq=contig_1, start=1103259, stop=1105190, strand=-, nt=[GTGTGCGAAT..AAAGTCGTAA]
12:42:17.583 - INFO - CDS - seq=contig_1, start=1105248, stop=1106762, strand=+, nt=[ATGACCACGT..CGCCCGCTGA]
12:42:17.583 - INFO - CDS - seq=contig_1, start=1106784, stop=1107227, strand=+, nt=[GTGCACGGGC..TAGCGCATAA]
12:42:17.583 - INFO - CDS - seq=contig_1, start=1107228, stop=1108748, strand=+, nt=[ATGGACGCGC..TCATGTCTGA]
12:42:17.583 - INFO - CDS - seq=contig_1, start=1108741, stop=1110270, strand=+, nt=[ATGTCTGACC..TCAGCTGTAA]
12:42:17.583 - INFO - CDS - seq=contig_1, start=1110366, stop=1111733, strand=-, nt=[GTGGCTAAAA..GAAGGCGTAG]
12:42:17.583 - INFO - CDS - seq=contig_1, start=1111749, stop=1112447, strand=-, nt=[ATGGCCAGCG..TTCTTCCTGA]
12:42:17.583 - INFO - CDS - seq=contig_1, start=1112401, stop=1112790, strand=-, nt=[GTGAAGAATC..TAAGCGATAG]
12:42:17.583 - INFO - CDS - seq=contig_1, start=1112806, stop=1113234, strand=-, nt=[GTGAGGACAA..GTCGTGTTAA]
12:42:17.583 - INFO - CDS - seq=contig_1, start=1113231, stop=1113473, strand=-, nt=[GTGGGCGCGG..AGAGGGGTGA]
12:42:17.583 - INFO - CDS - seq=contig_1, start=1113667, stop=1115436, strand=+, nt=[ATGCAAAGAT..CCTTTCCTAG]
12:42:17.583 - INFO - CDS - seq=contig_1, start=1115459, stop=1116334, strand=+, nt=[ATGCCTCGCC..CCCGCGCTAG]
12:42:17.583 - INFO - CDS - seq=contig_1, start=1116350, stop=1118392, strand=-, nt=[GTGCGGCAGT..CTTTGCCTAA]
12:42:17.583 - INFO - CDS - seq=contig_1, start=1118445, stop=1119113, strand=-, nt=[ATGTCAAAAA..GGAAGAATAA]
12:42:17.583 - INFO - CDS - seq=contig_1, start=1119400, stop=1121277, strand=+, nt=[GTGCAGAGTA..CGCGTGGTAG]
12:42:17.583 - INFO - CDS - seq=contig_1, start=1121342, stop=1121776, strand=-, nt=[GTGGCCTGCG..CGTGCAGTAA]
12:42:17.583 - INFO - CDS - seq=contig_1, start=1121788, stop=1122723, strand=-, nt=[GTGAAGTGGT..TGAGCGCTAA]
12:42:17.583 - INFO - CDS - seq=contig_1, start=1122797, stop=1123822, strand=+, nt=[ATGGAATCGT..AGGACCCTAG]
12:42:17.583 - INFO - CDS - seq=contig_1, start=1123819, stop=1126689, strand=-, nt=[ATGACCCAAA..CTCCGACTAG]
12:42:17.583 - INFO - CDS - seq=contig_1, start=1126843, stop=1129221, strand=+, nt=[ATGCAGGTGT..ATCACCATAA]
12:42:17.583 - INFO - CDS - seq=contig_1, start=1129311, stop=1130027, strand=-, nt=[GTGGAAAAAA..AAGCTTTTAA]
12:42:17.583 - INFO - CDS - seq=contig_1, start=1130186, stop=1130719, strand=-, nt=[ATGAACATGT..GAAAGCCTAG]
12:42:17.583 - INFO - CDS - seq=contig_1, start=1130977, stop=1131519, strand=+, nt=[ATGGACGGAC..TTCCAATTAA]
12:42:17.583 - INFO - CDS - seq=contig_1, start=1131542, stop=1132597, strand=-, nt=[ATGGATACCG..TGATCAGTGA]
12:42:17.583 - INFO - CDS - seq=contig_1, start=1132597, stop=1133196, strand=-, nt=[ATGAGGTGTG..TAAGAAATAA]
12:42:17.583 - INFO - CDS - predicted=987
12:42:17.584 - INFO - CDS - discarded=0
12:42:17.621 - INFO - ORF - discard spurious: seq=contig_1, start=538219, stop=538656, strand=+, homology=Spurious_ORF_10, evalue=2.1e-13, bitscore=45.308025
12:42:17.621 - INFO - ORF - discard spurious: seq=contig_1, start=639930, stop=640085, strand=-, homology=Spurious_ORF_10, evalue=3.8e-09, bitscore=31.804926
12:42:17.624 - INFO - ORF - discard spurious: seq=contig_1, start=240423, stop=240557, strand=+, homology=Spurious_ORF_10, evalue=3.2e-07, bitscore=25.669222
12:42:17.624 - INFO - ORF - discard spurious: seq=contig_1, start=24721, stop=25029, strand=-, homology=Spurious_ORF_13, evalue=2.4e-13, bitscore=45.367905
12:42:17.624 - INFO - ORF - discard spurious: seq=contig_1, start=692185, stop=692391, strand=-, homology=Spurious_ORF_13, evalue=5.4e-09, bitscore=31.525030
12:42:17.625 - INFO - ORF - discard spurious: seq=contig_1, start=538219, stop=538656, strand=+, homology=Spurious_ORF_15, evalue=3.3e-08, bitscore=29.478071
12:42:17.698 - INFO - ORF - discarded=6
12:42:17.699 - INFO - ORF - write internal aa seqs: # seqs=982, path=/private/var/folders/fw/6q_csqnj4979y2v5d3nfpcth0000gn/T/tmp9oev04fl/cds.pscc.faa
12:42:30.618 - INFO - PSCC - found: PSCC=642
12:42:30.636 - INFO - PSC - looked-up=0
12:42:31.189 - INFO - PSCC - looked-up=642
12:42:31.190 - INFO - ORF - write internal aa seqs: # seqs=982, path=/private/var/folders/fw/6q_csqnj4979y2v5d3nfpcth0000gn/T/tmp9oev04fl/cds.expert.faa
12:42:37.194 - INFO - EXPERT-AMRFINDER - found=0
12:42:38.529 - INFO - EXPERT_AA_SEQ - found=7
12:42:38.530 - INFO - ANNOTATION - marked as hypothetical: seq=contig_1, start=4, stop=1398, strand=+
12:42:38.530 - INFO - ANNOTATION - marked as hypothetical: seq=contig_1, start=2846, stop=3835, strand=+
12:42:38.530 - INFO - ANNOTATION - marked as hypothetical: seq=contig_1, start=3828, stop=4265, strand=+
12:42:38.530 - INFO - ANNOTATION - marked as hypothetical: seq=contig_1, start=6833, stop=7018, strand=+
12:42:38.530 - INFO - ANNOTATION - marked as hypothetical: seq=contig_1, start=12591, stop=13823, strand=+
12:42:38.530 - INFO - ANNOTATION - marked as hypothetical: seq=contig_1, start=14014, stop=15828, strand=+
12:42:38.530 - INFO - ANNOTATION - fix gene: extract symbol from protein name. symbol=greA
12:42:38.530 - INFO - ANNOTATION - marked as hypothetical: seq=contig_1, start=29158, stop=29868, strand=+
12:42:38.530 - INFO - ANNOTATION - marked as hypothetical: seq=contig_1, start=33047, stop=34069, strand=-
12:42:38.530 - INFO - ANNOTATION - marked as hypothetical: seq=contig_1, start=40344, stop=41168, strand=-
12:42:38.530 - INFO - ANNOTATION - marked as hypothetical: seq=contig_1, start=41877, stop=42833, strand=-
12:42:38.530 - INFO - ANNOTATION - fix gene: extract symbol from protein name. symbol=znuC
12:42:38.530 - INFO - ANNOTATION - marked as hypothetical: seq=contig_1, start=43747, stop=44547, strand=+
12:42:38.530 - INFO - ANNOTATION - marked as hypothetical: seq=contig_1, start=44656, stop=45651, strand=-
12:42:38.530 - INFO - ANNOTATION - fix product: replace putative synonyms. new=putative regulatory protein PfoR, old=Probable regulatory protein PfoR
12:42:38.530 - INFO - ANNOTATION - fix gene: extract symbol from protein name. symbol=pfoR
12:42:38.530 - INFO - ANNOTATION - fix product: replace putative synonyms. new=putative methyl-accepting chemotaxis protein, old=Probable methyl-accepting chemotaxis protein
12:42:38.530 - INFO - ANNOTATION - marked as hypothetical: seq=contig_1, start=49599, stop=50531, strand=+
12:42:38.530 - INFO - ANNOTATION - marked as hypothetical: seq=contig_1, start=52684, stop=54576, strand=+
12:42:38.530 - INFO - ANNOTATION - marked as hypothetical: seq=contig_1, start=55893, stop=56594, strand=-
12:42:38.530 - INFO - ANNOTATION - marked as hypothetical: seq=contig_1, start=56612, stop=57133, strand=-
12:42:38.530 - INFO - ANNOTATION - marked as hypothetical: seq=contig_1, start=57139, stop=57570, strand=-
12:42:38.530 - INFO - ANNOTATION - marked as hypothetical: seq=contig_1, start=58914, stop=59522, strand=-
12:42:38.530 - INFO - ANNOTATION - marked as hypothetical: seq=contig_1, start=60699, stop=61766, strand=+
12:42:38.530 - INFO - ANNOTATION - marked as hypothetical: seq=contig_1, start=63062, stop=64021, strand=+
12:42:38.530 - INFO - ANNOTATION - marked as hypothetical: seq=contig_1, start=64228, stop=64464, strand=+
12:42:38.530 - INFO - ANNOTATION - fix gene: extract symbol from protein name. symbol=dnaB
12:42:38.530 - INFO - ANNOTATION - marked as hypothetical: seq=contig_1, start=69271, stop=69741, strand=-
12:42:38.531 - INFO - ANNOTATION - marked as hypothetical: seq=contig_1, start=70802, stop=71083, strand=-
12:42:38.531 - INFO - ANNOTATION - marked as hypothetical: seq=contig_1, start=71366, stop=71800, strand=+
12:42:38.531 - INFO - ANNOTATION - fix gene: extract symbol from protein name. symbol=rsmD
12:42:38.531 - INFO - ANNOTATION - marked as hypothetical: seq=contig_1, start=74110, stop=75132, strand=+
12:42:38.531 - INFO - ANNOTATION - marked as hypothetical: seq=contig_1, start=75188, stop=75571, strand=-
12:42:38.531 - INFO - ANNOTATION - marked as hypothetical: seq=contig_1, start=75568, stop=75954, strand=-
12:42:38.531 - INFO - ANNOTATION - fix gene: extract symbol from protein name. symbol=clpB
12:42:38.531 - INFO - ANNOTATION - marked as hypothetical: seq=contig_1, start=78845, stop=79117, strand=+
12:42:38.531 - INFO - ANNOTATION - marked as hypothetical: seq=contig_1, start=82572, stop=83450, strand=+
12:42:38.531 - INFO - ANNOTATION - fix gene: extract symbol from protein name. symbol=capD
12:42:38.531 - INFO - ANNOTATION - marked as hypothetical: seq=contig_1, start=87209, stop=89362, strand=+
12:42:38.531 - INFO - ANNOTATION - marked as hypothetical: seq=contig_1, start=89359, stop=89826, strand=+
12:42:38.531 - INFO - ANNOTATION - marked as hypothetical: seq=contig_1, start=89833, stop=90681, strand=+
12:42:38.531 - INFO - ANNOTATION - marked as hypothetical: seq=contig_1, start=94539, stop=94772, strand=-
12:42:38.531 - INFO - ANNOTATION - fix gene: extract symbol from protein name. symbol=pilZ
12:42:38.531 - INFO - ANNOTATION - marked as hypothetical: seq=contig_1, start=96358, stop=96744, strand=-
12:42:38.531 - INFO - ANNOTATION - marked as hypothetical: seq=contig_1, start=96881, stop=97495, strand=-
12:42:38.531 - INFO - ANNOTATION - marked as hypothetical: seq=contig_1, start=102194, stop=102841, strand=+
12:42:38.531 - INFO - ANNOTATION - fix gene: extract symbol from protein name. symbol=dnaK
12:42:38.531 - INFO - ANNOTATION - fix gene: extract symbol from protein name. symbol=dnaJ
12:42:38.531 - INFO - ANNOTATION - marked as hypothetical: seq=contig_1, start=108422, stop=109024, strand=+
12:42:38.531 - INFO - ANNOTATION - marked as hypothetical: seq=contig_1, start=109017, stop=109811, strand=+
12:42:38.531 - INFO - ANNOTATION - marked as hypothetical: seq=contig_1, start=111887, stop=113251, strand=+
12:42:38.531 - INFO - ANNOTATION - marked as hypothetical: seq=contig_1, start=113299, stop=113709, strand=+
12:42:38.531 - INFO - ANNOTATION - fix product: replace putative synonyms. new=putative bifunctional choline-phosphate cytidylyltransferase/choline kinase, old=Probable bifunctional choline-phosphate cytidylyltransferase/choline kinase
12:42:38.531 - INFO - ANNOTATION - fix product: replace putative synonyms. new=putative rRNA (Adenosine-2'-O-)-methyltransferase, old=Probable rRNA (Adenosine-2'-O-)-methyltransferase
12:42:38.531 - INFO - ANNOTATION - marked as hypothetical: seq=contig_1, start=129836, stop=130822, strand=+
12:42:38.531 - INFO - ANNOTATION - fix gene: extract symbol from protein name. symbol=hflC
12:42:38.531 - INFO - ANNOTATION - marked as hypothetical: seq=contig_1, start=134846, stop=136093, strand=-
12:42:38.531 - INFO - ANNOTATION - marked as hypothetical: seq=contig_1, start=136047, stop=136637, strand=-
12:42:38.531 - INFO - ANNOTATION - marked as hypothetical: seq=contig_1, start=136716, stop=137981, strand=-
12:42:38.531 - INFO - ANNOTATION - fix gene: extract symbol from protein name. symbol=ychF
12:42:38.531 - INFO - ANNOTATION - marked as hypothetical: seq=contig_1, start=147552, stop=148223, strand=-
12:42:38.531 - INFO - ANNOTATION - marked as hypothetical: seq=contig_1, start=148277, stop=148915, strand=-
12:42:38.531 - INFO - ANNOTATION - marked as hypothetical: seq=contig_1, start=148997, stop=149266, strand=+
12:42:38.531 - INFO - ANNOTATION - marked as hypothetical: seq=contig_1, start=149144, stop=149602, strand=-
12:42:38.531 - INFO - ANNOTATION - marked as hypothetical: seq=contig_1, start=149625, stop=150092, strand=-
12:42:38.531 - INFO - ANNOTATION - marked as hypothetical: seq=contig_1, start=150800, stop=152047, strand=-
12:42:38.531 - INFO - ANNOTATION - marked as hypothetical: seq=contig_1, start=152001, stop=152591, strand=-
12:42:38.532 - INFO - ANNOTATION - fix gene: extract symbol from protein name. symbol=trkA
12:42:38.532 - INFO - ANNOTATION - marked as hypothetical: seq=contig_1, start=160472, stop=161005, strand=+
12:42:38.532 - INFO - ANNOTATION - marked as hypothetical: seq=contig_1, start=163350, stop=164357, strand=-
12:42:38.532 - INFO - ANNOTATION - marked as hypothetical: seq=contig_1, start=166777, stop=167256, strand=+
12:42:38.532 - INFO - ANNOTATION - marked as hypothetical: seq=contig_1, start=167253, stop=167564, strand=+
12:42:38.532 - INFO - ANNOTATION - marked as hypothetical: seq=contig_1, start=167528, stop=167830, strand=+
12:42:38.532 - INFO - ANNOTATION - marked as hypothetical: seq=contig_1, start=169696, stop=170271, strand=-
12:42:38.532 - INFO - ANNOTATION - marked as hypothetical: seq=contig_1, start=170268, stop=170861, strand=-
12:42:38.532 - INFO - ANNOTATION - marked as hypothetical: seq=contig_1, start=170854, stop=171321, strand=-
12:42:38.532 - INFO - ANNOTATION - marked as hypothetical: seq=contig_1, start=171305, stop=172324, strand=-
12:42:38.532 - INFO - ANNOTATION - fix product: replace putative synonyms. new=putative NADH dehydrogenase (Ubiquinone), subunit RnfC, old=Probable NADH dehydrogenase (Ubiquinone), subunit RnfC
12:42:38.532 - INFO - ANNOTATION - fix gene: extract symbol from protein name. symbol=rnfC
12:42:38.532 - INFO - ANNOTATION - fix gene: extract symbol from protein name. symbol=lysM
12:42:38.532 - INFO - ANNOTATION - marked as hypothetical: seq=contig_1, start=177248, stop=178150, strand=-
12:42:38.532 - INFO - ANNOTATION - marked as hypothetical: seq=contig_1, start=178837, stop=179865, strand=-
12:42:38.532 - INFO - ANNOTATION - fix gene: extract symbol from protein name. symbol=ruvB
12:42:38.532 - INFO - ANNOTATION - fix gene: extract symbol from protein name. symbol=troA
12:42:38.532 - INFO - ANNOTATION - fix gene: extract symbol from protein name. symbol=troB
12:42:38.532 - INFO - ANNOTATION - fix gene: extract symbol from protein name. symbol=troC
12:42:38.532 - INFO - ANNOTATION - fix gene: extract symbol from protein name. symbol=troD
12:42:38.532 - INFO - ANNOTATION - fix gene: extract symbol from protein name. symbol=troR
12:42:38.532 - INFO - ANNOTATION - marked as hypothetical: seq=contig_1, start=189974, stop=191341, strand=-
12:42:38.532 - INFO - ANNOTATION - marked as hypothetical: seq=contig_1, start=191349, stop=192869, strand=-
12:42:38.532 - INFO - ANNOTATION - marked as hypothetical: seq=contig_1, start=192866, stop=194194, strand=-
12:42:38.532 - INFO - ANNOTATION - marked as hypothetical: seq=contig_1, start=194269, stop=195195, strand=-
12:42:38.532 - INFO - ANNOTATION - marked as hypothetical: seq=contig_1, start=197172, stop=197615, strand=+
12:42:38.532 - INFO - ANNOTATION - marked as hypothetical: seq=contig_1, start=197596, stop=198234, strand=+
12:42:38.532 - INFO - ANNOTATION - marked as hypothetical: seq=contig_1, start=198237, stop=199082, strand=-
12:42:38.532 - INFO - ANNOTATION - marked as hypothetical: seq=contig_1, start=199639, stop=200346, strand=+
12:42:38.532 - INFO - ANNOTATION - marked as hypothetical: seq=contig_1, start=204837, stop=205121, strand=+
12:42:38.532 - INFO - ANNOTATION - marked as hypothetical: seq=contig_1, start=207843, stop=208061, strand=+
12:42:38.532 - INFO - ANNOTATION - marked as hypothetical: seq=contig_1, start=212303, stop=213622, strand=+
12:42:38.532 - INFO - ANNOTATION - marked as hypothetical: seq=contig_1, start=213661, stop=213774, strand=+
12:42:38.533 - INFO - ANNOTATION - marked as hypothetical: seq=contig_1, start=215614, stop=216108, strand=+
12:42:38.533 - INFO - ANNOTATION - marked as hypothetical: seq=contig_1, start=216132, stop=216329, strand=+
12:42:38.533 - INFO - ANNOTATION - marked as hypothetical: seq=contig_1, start=216514, stop=217197, strand=+
12:42:38.533 - INFO - ANNOTATION - fix gene: extract symbol from protein name. symbol=dnaK
12:42:38.533 - INFO - ANNOTATION - fix gene: extract symbol from protein name. symbol=dnaJ
12:42:38.533 - INFO - ANNOTATION - marked as hypothetical: seq=contig_1, start=220768, stop=222237, strand=+
12:42:38.533 - INFO - ANNOTATION - marked as hypothetical: seq=contig_1, start=222241, stop=224388, strand=+
12:42:38.533 - INFO - ANNOTATION - marked as hypothetical: seq=contig_1, start=224417, stop=224575, strand=+
12:42:38.533 - INFO - ANNOTATION - marked as hypothetical: seq=contig_1, start=224572, stop=224748, strand=+
12:42:38.533 - INFO - ANNOTATION - marked as hypothetical: seq=contig_1, start=224735, stop=225532, strand=+
12:42:38.533 - INFO - ANNOTATION - marked as hypothetical: seq=contig_1, start=226125, stop=227564, strand=+
12:42:38.533 - INFO - ANNOTATION - marked as hypothetical: seq=contig_1, start=227598, stop=227708, strand=+
12:42:38.533 - INFO - ANNOTATION - marked as hypothetical: seq=contig_1, start=227754, stop=228494, strand=+
12:42:38.533 - INFO - ANNOTATION - marked as hypothetical: seq=contig_1, start=228538, stop=228645, strand=+
12:42:38.533 - INFO - ANNOTATION - marked as hypothetical: seq=contig_1, start=235220, stop=235798, strand=-
12:42:38.533 - INFO - ANNOTATION - marked as hypothetical: seq=contig_1, start=236000, stop=236812, strand=+
12:42:38.533 - INFO - ANNOTATION - marked as hypothetical: seq=contig_1, start=238891, stop=239541, strand=+
12:42:38.533 - INFO - ANNOTATION - marked as hypothetical: seq=contig_1, start=240889, stop=241068, strand=+
12:42:38.533 - INFO - ANNOTATION - fix gene: extract symbol from protein name. symbol=nusG
12:42:38.533 - INFO - ANNOTATION - marked as hypothetical: seq=contig_1, start=256377, stop=258329, strand=+
12:42:38.533 - INFO - ANNOTATION - marked as hypothetical: seq=contig_1, start=259450, stop=259923, strand=+
12:42:38.533 - INFO - ANNOTATION - marked as hypothetical: seq=contig_1, start=261486, stop=261803, strand=+
12:42:38.533 - INFO - ANNOTATION - marked as hypothetical: seq=contig_1, start=261793, stop=263433, strand=+
12:42:38.533 - INFO - ANNOTATION - marked as hypothetical: seq=contig_1, start=263424, stop=263837, strand=+
12:42:38.533 - INFO - ANNOTATION - marked as hypothetical: seq=contig_1, start=266000, stop=266650, strand=+
12:42:38.533 - INFO - ANNOTATION - fix gene: extract symbol from protein name. symbol=lysM
12:42:38.533 - INFO - ANNOTATION - marked as hypothetical: seq=contig_1, start=269406, stop=270686, strand=-
12:42:38.533 - INFO - ANNOTATION - marked as hypothetical: seq=contig_1, start=276890, stop=276979, strand=+
12:42:38.533 - INFO - ANNOTATION - marked as hypothetical: seq=contig_1, start=276925, stop=277032, strand=+
12:42:38.533 - INFO - ANNOTATION - marked as hypothetical: seq=contig_1, start=283113, stop=284561, strand=+
12:42:38.533 - INFO - ANNOTATION - fix product: replace putative synonyms. new=putative chromosome-partitioning protein ParB, old=Probable chromosome-partitioning protein ParB
12:42:38.533 - INFO - ANNOTATION - fix gene: extract symbol from protein name. symbol=parB
12:42:38.533 - INFO - ANNOTATION - marked as hypothetical: seq=contig_1, start=287923, stop=288714, strand=+
12:42:38.533 - INFO - ANNOTATION - marked as hypothetical: seq=contig_1, start=290069, stop=290953, strand=-
12:42:38.533 - INFO - ANNOTATION - marked as hypothetical: seq=contig_1, start=295637, stop=296356, strand=+
12:42:38.533 - INFO - ANNOTATION - marked as hypothetical: seq=contig_1, start=296453, stop=297013, strand=+
12:42:38.533 - INFO - ANNOTATION - marked as hypothetical: seq=contig_1, start=299725, stop=302298, strand=+
12:42:38.533 - INFO - ANNOTATION - marked as hypothetical: seq=contig_1, start=302353, stop=303186, strand=+
12:42:38.534 - INFO - ANNOTATION - marked as hypothetical: seq=contig_1, start=308128, stop=308763, strand=+
12:42:38.534 - INFO - ANNOTATION - marked as hypothetical: seq=contig_1, start=308766, stop=309539, strand=+
12:42:38.534 - INFO - ANNOTATION - fix gene: extract symbol from protein name. symbol=rfuA
12:42:38.534 - INFO - ANNOTATION - fix product: replace putative synonyms. new=putative riboflavin import ATP-binding protein RfuB, old=Probable riboflavin import ATP-binding protein RfuB
12:42:38.534 - INFO - ANNOTATION - fix gene: extract symbol from protein name. symbol=rfuB
12:42:38.534 - INFO - ANNOTATION - marked as hypothetical: seq=contig_1, start=312457, stop=313590, strand=+
12:42:38.534 - INFO - ANNOTATION - fix product: replace putative synonyms. new=putative riboflavin import permease protein RfuD, old=Probable riboflavin import permease protein RfuD
12:42:38.534 - INFO - ANNOTATION - fix gene: extract symbol from protein name. symbol=rfuD
12:42:38.534 - INFO - ANNOTATION - marked as hypothetical: seq=contig_1, start=314509, stop=316455, strand=-
12:42:38.534 - INFO - ANNOTATION - marked as hypothetical: seq=contig_1, start=322109, stop=323137, strand=+
12:42:38.534 - INFO - ANNOTATION - marked as hypothetical: seq=contig_1, start=324143, stop=324361, strand=+
12:42:38.534 - INFO - ANNOTATION - marked as hypothetical: seq=contig_1, start=324375, stop=324959, strand=+
12:42:38.534 - INFO - ANNOTATION - marked as hypothetical: seq=contig_1, start=324982, stop=325344, strand=+
12:42:38.534 - INFO - ANNOTATION - marked as hypothetical: seq=contig_1, start=326609, stop=326905, strand=-
12:42:38.534 - INFO - ANNOTATION - marked as hypothetical: seq=contig_1, start=327048, stop=328790, strand=+
12:42:38.534 - INFO - ANNOTATION - marked as hypothetical: seq=contig_1, start=328849, stop=329121, strand=-
12:42:38.534 - INFO - ANNOTATION - marked as hypothetical: seq=contig_1, start=329624, stop=330928, strand=-
12:42:38.534 - INFO - ANNOTATION - marked as hypothetical: seq=contig_1, start=331101, stop=331397, strand=+
12:42:38.534 - INFO - ANNOTATION - fix gene: extract symbol from protein name. symbol=tmpC
12:42:38.534 - INFO - ANNOTATION - marked as hypothetical: seq=contig_1, start=334545, stop=335660, strand=+
12:42:38.534 - INFO - ANNOTATION - marked as hypothetical: seq=contig_1, start=335657, stop=336607, strand=+
12:42:38.534 - INFO - ANNOTATION - fix gene: extract symbol from protein name. symbol=mutS
12:42:38.534 - INFO - ANNOTATION - fix gene: extract symbol from protein name. symbol=lolA
12:42:38.534 - INFO - ANNOTATION - marked as hypothetical: seq=contig_1, start=354380, stop=354844, strand=-
12:42:38.534 - INFO - ANNOTATION - marked as hypothetical: seq=contig_1, start=356443, stop=357300, strand=+
12:42:38.534 - INFO - ANNOTATION - marked as hypothetical: seq=contig_1, start=357318, stop=357806, strand=+
12:42:38.534 - INFO - ANNOTATION - marked as hypothetical: seq=contig_1, start=363248, stop=366694, strand=-
12:42:38.534 - INFO - ANNOTATION - marked as hypothetical: seq=contig_1, start=368876, stop=369586, strand=+
12:42:38.534 - INFO - ANNOTATION - marked as hypothetical: seq=contig_1, start=369607, stop=370722, strand=-
12:42:38.534 - INFO - ANNOTATION - marked as hypothetical: seq=contig_1, start=370701, stop=371231, strand=-
12:42:38.534 - INFO - ANNOTATION - marked as hypothetical: seq=contig_1, start=371444, stop=372730, strand=+
12:42:38.534 - INFO - ANNOTATION - marked as hypothetical: seq=contig_1, start=374776, stop=375402, strand=+
12:42:38.534 - INFO - ANNOTATION - marked as hypothetical: seq=contig_1, start=375478, stop=375768, strand=+
12:42:38.534 - INFO - ANNOTATION - marked as hypothetical: seq=contig_1, start=376299, stop=376406, strand=+
12:42:38.534 - INFO - ANNOTATION - marked as hypothetical: seq=contig_1, start=376456, stop=377115, strand=+
12:42:38.534 - INFO - ANNOTATION - marked as hypothetical: seq=contig_1, start=377120, stop=378700, strand=-
12:42:38.534 - INFO - ANNOTATION - marked as hypothetical: seq=contig_1, start=378712, stop=379347, strand=-
12:42:38.534 - INFO - ANNOTATION - fix gene: extract symbol from protein name. symbol=cheA
12:42:38.534 - INFO - ANNOTATION - marked as hypothetical: seq=contig_1, start=383848, stop=385182, strand=+
12:42:38.534 - INFO - ANNOTATION - fix gene: extract symbol from protein name. symbol=cheX
12:42:38.534 - INFO - ANNOTATION - marked as hypothetical: seq=contig_1, start=389244, stop=389579, strand=+
12:42:38.534 - INFO - ANNOTATION - marked as hypothetical: seq=contig_1, start=389576, stop=391114, strand=+
12:42:38.534 - INFO - ANNOTATION - marked as hypothetical: seq=contig_1, start=391182, stop=391445, strand=-
12:42:38.534 - INFO - ANNOTATION - marked as hypothetical: seq=contig_1, start=392614, stop=393204, strand=+
12:42:38.534 - INFO - ANNOTATION - marked as hypothetical: seq=contig_1, start=397049, stop=397408, strand=-
12:42:38.534 - INFO - ANNOTATION - marked as hypothetical: seq=contig_1, start=398676, stop=399170, strand=+
12:42:38.535 - INFO - ANNOTATION - fix gene: extract symbol from protein name. symbol=secA
12:42:38.535 - INFO - ANNOTATION - fix gene: extract symbol from protein name. symbol=mraZ
12:42:38.535 - INFO - ANNOTATION - marked as hypothetical: seq=contig_1, start=406602, stop=406976, strand=+
12:42:38.535 - INFO - ANNOTATION - fix product: replace putative synonyms. new=putative peptidoglycan glycosyltransferase FtsW, old=Probable peptidoglycan glycosyltransferase FtsW
12:42:38.535 - INFO - ANNOTATION - fix gene: extract symbol from protein name. symbol=ftsW
12:42:38.535 - INFO - ANNOTATION - marked as hypothetical: seq=contig_1, start=409468, stop=410283, strand=+
12:42:38.535 - INFO - ANNOTATION - fix gene: extract symbol from protein name. symbol=ftsA
12:42:38.535 - INFO - ANNOTATION - fix gene: extract symbol from protein name. symbol=ftsZ
12:42:38.535 - INFO - ANNOTATION - fix gene: extract symbol from protein name. symbol=xerD
12:42:38.535 - INFO - ANNOTATION - marked as hypothetical: seq=contig_1, start=413749, stop=414501, strand=+
12:42:38.535 - INFO - ANNOTATION - fix gene: extract symbol from protein name. symbol=xerC
12:42:38.535 - INFO - ANNOTATION - marked as hypothetical: seq=contig_1, start=418668, stop=419078, strand=+
12:42:38.535 - INFO - ANNOTATION - fix gene: extract symbol from protein name. symbol=flgC
12:42:38.535 - INFO - ANNOTATION - fix gene: extract symbol from protein name. symbol=fliE
12:42:38.535 - INFO - ANNOTATION - fix gene: extract symbol from protein name. symbol=fliF
12:42:38.535 - INFO - ANNOTATION - fix gene: extract symbol from protein name. symbol=fliG
12:42:38.535 - INFO - ANNOTATION - marked as hypothetical: seq=contig_1, start=422912, stop=423841, strand=+
12:42:38.535 - INFO - ANNOTATION - marked as hypothetical: seq=contig_1, start=425241, stop=425693, strand=+
12:42:38.535 - INFO - ANNOTATION - marked as hypothetical: seq=contig_1, start=425690, stop=426223, strand=-
12:42:38.535 - INFO - ANNOTATION - marked as hypothetical: seq=contig_1, start=426445, stop=426687, strand=+
12:42:38.535 - INFO - ANNOTATION - marked as hypothetical: seq=contig_1, start=428546, stop=431800, strand=+
12:42:38.535 - INFO - ANNOTATION - marked as hypothetical: seq=contig_1, start=431918, stop=432295, strand=+
12:42:38.535 - INFO - ANNOTATION - fix gene: extract symbol from protein name. symbol=secD
12:42:38.535 - INFO - ANNOTATION - fix gene: extract symbol from protein name. symbol=secF
12:42:38.535 - INFO - ANNOTATION - marked as hypothetical: seq=contig_1, start=435378, stop=435683, strand=-
12:42:38.535 - INFO - ANNOTATION - marked as hypothetical: seq=contig_1, start=435702, stop=437600, strand=-
12:42:38.535 - INFO - ANNOTATION - marked as hypothetical: seq=contig_1, start=439075, stop=439599, strand=+
12:42:38.535 - INFO - ANNOTATION - marked as hypothetical: seq=contig_1, start=443770, stop=444522, strand=+
12:42:38.535 - INFO - ANNOTATION - fix gene: extract symbol from protein name. symbol=pknD
12:42:38.535 - INFO - ANNOTATION - marked as hypothetical: seq=contig_1, start=446766, stop=447734, strand=+
12:42:38.535 - INFO - ANNOTATION - marked as hypothetical: seq=contig_1, start=447759, stop=448565, strand=+
12:42:38.535 - INFO - ANNOTATION - marked as hypothetical: seq=contig_1, start=448691, stop=449305, strand=+
12:42:38.535 - INFO - ANNOTATION - marked as hypothetical: seq=contig_1, start=449305, stop=449850, strand=+
12:42:38.535 - INFO - ANNOTATION - marked as hypothetical: seq=contig_1, start=456784, stop=457317, strand=+
12:42:38.535 - INFO - ANNOTATION - fix gene: extract symbol from protein name. symbol=nrnA
12:42:38.535 - INFO - ANNOTATION - marked as hypothetical: seq=contig_1, start=463457, stop=464608, strand=+
12:42:38.535 - INFO - ANNOTATION - marked as hypothetical: seq=contig_1, start=464662, stop=465522, strand=+
12:42:38.535 - INFO - ANNOTATION - fix gene: extract symbol from protein name. symbol=recN
12:42:38.535 - INFO - ANNOTATION - marked as hypothetical: seq=contig_1, start=468038, stop=469066, strand=+
12:42:38.535 - INFO - ANNOTATION - marked as hypothetical: seq=contig_1, start=469202, stop=469831, strand=+
12:42:38.535 - INFO - ANNOTATION - marked as hypothetical: seq=contig_1, start=473352, stop=473942, strand=+
12:42:38.536 - INFO - ANNOTATION - marked as hypothetical: seq=contig_1, start=480721, stop=481071, strand=+
12:42:38.536 - INFO - ANNOTATION - marked as hypothetical: seq=contig_1, start=481055, stop=481744, strand=-
12:42:38.536 - INFO - ANNOTATION - marked as hypothetical: seq=contig_1, start=482802, stop=484118, strand=-
12:42:38.536 - INFO - ANNOTATION - marked as hypothetical: seq=contig_1, start=484270, stop=485967, strand=+
12:42:38.536 - INFO - ANNOTATION - fix gene: extract symbol from protein name. symbol=scpB
12:42:38.536 - INFO - ANNOTATION - fix gene: extract symbol from protein name. symbol=rsuA
12:42:38.536 - INFO - ANNOTATION - marked as hypothetical: seq=contig_1, start=487580, stop=488200, strand=+
12:42:38.536 - INFO - ANNOTATION - marked as hypothetical: seq=contig_1, start=490748, stop=491545, strand=-
12:42:38.536 - INFO - ANNOTATION - marked as hypothetical: seq=contig_1, start=491550, stop=492620, strand=-
12:42:38.536 - INFO - ANNOTATION - marked as hypothetical: seq=contig_1, start=492928, stop=494880, strand=-
12:42:38.536 - INFO - ANNOTATION - marked as hypothetical: seq=contig_1, start=494873, stop=495718, strand=-
12:42:38.536 - INFO - ANNOTATION - marked as hypothetical: seq=contig_1, start=499282, stop=499908, strand=-
12:42:38.536 - INFO - ANNOTATION - fix product: replace putative synonyms. new=putative transcriptional regulatory protein DET0444, old=Probable transcriptional regulatory protein DET0444
12:42:38.536 - INFO - ANNOTATION - marked as hypothetical: seq=contig_1, start=503975, stop=504679, strand=-
12:42:38.536 - INFO - ANNOTATION - marked as hypothetical: seq=contig_1, start=507146, stop=507634, strand=+
12:42:38.536 - INFO - ANNOTATION - marked as hypothetical: seq=contig_1, start=513002, stop=514846, strand=-
12:42:38.536 - INFO - ANNOTATION - marked as hypothetical: seq=contig_1, start=516527, stop=518548, strand=-
12:42:38.536 - INFO - ANNOTATION - marked as hypothetical: seq=contig_1, start=522361, stop=522549, strand=+
12:42:38.536 - INFO - ANNOTATION - fix gene: extract symbol from protein name. symbol=rpoD
12:42:38.536 - INFO - ANNOTATION - marked as hypothetical: seq=contig_1, start=527274, stop=528095, strand=+
12:42:38.536 - INFO - ANNOTATION - fix gene: extract symbol from protein name. symbol=mreB
12:42:38.536 - INFO - ANNOTATION - fix gene: extract symbol from protein name. symbol=mreC
12:42:38.536 - INFO - ANNOTATION - marked as hypothetical: seq=contig_1, start=531326, stop=531832, strand=+
12:42:38.536 - INFO - ANNOTATION - fix gene: extract symbol from protein name. symbol=rodA
12:42:38.536 - INFO - ANNOTATION - marked as hypothetical: seq=contig_1, start=535031, stop=535927, strand=+
12:42:38.536 - INFO - ANNOTATION - marked as hypothetical: seq=contig_1, start=535927, stop=536469, strand=+
12:42:38.536 - INFO - ANNOTATION - fix gene: extract symbol from protein name. symbol=clpX
12:42:38.536 - INFO - ANNOTATION - fix gene: extract symbol from protein name. symbol=lptD
12:42:38.536 - INFO - ANNOTATION - fix product: replace putative synonyms. new=putative lipid II flippase MurJ, old=Probable lipid II flippase MurJ
12:42:38.536 - INFO - ANNOTATION - fix gene: extract symbol from protein name. symbol=murJ
12:42:38.536 - INFO - ANNOTATION - fix gene: extract symbol from protein name. symbol=ruvC
12:42:38.536 - INFO - ANNOTATION - marked as hypothetical: seq=contig_1, start=560563, stop=561042, strand=-
12:42:38.536 - INFO - ANNOTATION - marked as hypothetical: seq=contig_1, start=567743, stop=568372, strand=-
12:42:38.536 - INFO - ANNOTATION - marked as hypothetical: seq=contig_1, start=571720, stop=572346, strand=-
12:42:38.536 - INFO - ANNOTATION - marked as hypothetical: seq=contig_1, start=572352, stop=572669, strand=-
12:42:38.536 - INFO - ANNOTATION - marked as hypothetical: seq=contig_1, start=572691, stop=572987, strand=-
12:42:38.536 - INFO - ANNOTATION - marked as hypothetical: seq=contig_1, start=572989, stop=574674, strand=-
12:42:38.537 - INFO - ANNOTATION - marked as hypothetical: seq=contig_1, start=574667, stop=575692, strand=-
12:42:38.537 - INFO - ANNOTATION - marked as hypothetical: seq=contig_1, start=575696, stop=575980, strand=-
12:42:38.537 - INFO - ANNOTATION - marked as hypothetical: seq=contig_1, start=576037, stop=576447, strand=-
12:42:38.537 - INFO - ANNOTATION - marked as hypothetical: seq=contig_1, start=582465, stop=583148, strand=-
12:42:38.537 - INFO - ANNOTATION - marked as hypothetical: seq=contig_1, start=583190, stop=585064, strand=-
12:42:38.537 - INFO - ANNOTATION - fix gene: extract symbol from protein name. symbol=mglB
12:42:38.537 - INFO - ANNOTATION - fix gene: extract symbol from protein name. symbol=clpA
12:42:38.537 - INFO - ANNOTATION - fix gene: extract symbol from protein name. symbol=mnmE
12:42:38.537 - INFO - ANNOTATION - fix product: revise DUF. new=DUF1007 domain-containing protein, old=DUF1007 family protein
12:42:38.537 - INFO - ANNOTATION - fix product: replace putative synonyms. new=putative tRNA sulfurtransferase, old=Probable tRNA sulfurtransferase
12:42:38.537 - INFO - ANNOTATION - marked as hypothetical: seq=contig_1, start=605990, stop=606841, strand=-
12:42:38.537 - INFO - ANNOTATION - marked as hypothetical: seq=contig_1, start=610467, stop=611684, strand=-
12:42:38.537 - INFO - ANNOTATION - marked as hypothetical: seq=contig_1, start=613217, stop=613837, strand=-
12:42:38.537 - INFO - ANNOTATION - fix gene: extract symbol from protein name. symbol=lemA
12:42:38.537 - INFO - ANNOTATION - marked as hypothetical: seq=contig_1, start=618574, stop=619656, strand=-
12:42:38.537 - INFO - ANNOTATION - marked as hypothetical: seq=contig_1, start=626133, stop=627014, strand=+
12:42:38.537 - INFO - ANNOTATION - marked as hypothetical: seq=contig_1, start=627011, stop=627787, strand=+
12:42:38.537 - INFO - ANNOTATION - fix gene: extract symbol from protein name. symbol=lolD
12:42:38.537 - INFO - ANNOTATION - marked as hypothetical: seq=contig_1, start=637072, stop=638094, strand=-
12:42:38.537 - INFO - ANNOTATION - marked as hypothetical: seq=contig_1, start=638182, stop=638448, strand=-
12:42:38.537 - INFO - ANNOTATION - marked as hypothetical: seq=contig_1, start=644416, stop=645051, strand=-
12:42:38.537 - INFO - ANNOTATION - marked as hypothetical: seq=contig_1, start=648396, stop=649049, strand=-
12:42:38.538 - INFO - ANNOTATION - fix gene: extract symbol from protein name. symbol=sufB
12:42:38.538 - INFO - ANNOTATION - marked as hypothetical: seq=contig_1, start=664428, stop=665642, strand=+
12:42:38.538 - INFO - ANNOTATION - marked as hypothetical: seq=contig_1, start=667816, stop=669528, strand=-
12:42:38.538 - INFO - ANNOTATION - marked as hypothetical: seq=contig_1, start=669701, stop=669997, strand=+
12:42:38.538 - INFO - ANNOTATION - marked as hypothetical: seq=contig_1, start=672089, stop=673681, strand=+
12:42:38.538 - INFO - ANNOTATION - marked as hypothetical: seq=contig_1, start=675226, stop=675864, strand=+
12:42:38.538 - INFO - ANNOTATION - marked as hypothetical: seq=contig_1, start=683716, stop=684990, strand=+
12:42:38.538 - INFO - ANNOTATION - marked as hypothetical: seq=contig_1, start=689749, stop=690519, strand=-
12:42:38.538 - INFO - ANNOTATION - marked as hypothetical: seq=contig_1, start=691731, stop=692165, strand=-
12:42:38.538 - INFO - ANNOTATION - fix gene: extract symbol from protein name. symbol=ybeY
12:42:38.538 - INFO - ANNOTATION - fix gene: extract symbol from protein name. symbol=potA
12:42:38.538 - INFO - ANNOTATION - fix gene: extract symbol from protein name. symbol=csrA
12:42:38.538 - INFO - ANNOTATION - fix gene: extract symbol from protein name. symbol=fliW
12:42:38.538 - INFO - ANNOTATION - marked as hypothetical: seq=contig_1, start=718518, stop=719030, strand=-
12:42:38.538 - INFO - ANNOTATION - fix gene: extract symbol from protein name. symbol=flaA
12:42:38.538 - INFO - ANNOTATION - fix gene: extract symbol from protein name. symbol=flaA
12:42:38.538 - INFO - ANNOTATION - marked as hypothetical: seq=contig_1, start=721886, stop=722641, strand=-
12:42:38.538 - INFO - ANNOTATION - marked as hypothetical: seq=contig_1, start=722638, stop=722814, strand=-
12:42:38.538 - INFO - ANNOTATION - marked as hypothetical: seq=contig_1, start=724873, stop=725475, strand=-
12:42:38.538 - INFO - ANNOTATION - marked as hypothetical: seq=contig_1, start=734709, stop=735317, strand=+
12:42:38.538 - INFO - ANNOTATION - marked as hypothetical: seq=contig_1, start=736333, stop=736611, strand=-
12:42:38.538 - INFO - ANNOTATION - marked as hypothetical: seq=contig_1, start=736633, stop=737241, strand=-
12:42:38.538 - INFO - ANNOTATION - marked as hypothetical: seq=contig_1, start=737495, stop=738418, strand=+
12:42:38.538 - INFO - ANNOTATION - marked as hypothetical: seq=contig_1, start=738415, stop=738732, strand=+
12:42:38.538 - INFO - ANNOTATION - marked as hypothetical: seq=contig_1, start=739882, stop=741015, strand=-
12:42:38.538 - INFO - ANNOTATION - marked as hypothetical: seq=contig_1, start=741044, stop=741646, strand=-
12:42:38.538 - INFO - ANNOTATION - marked as hypothetical: seq=contig_1, start=741700, stop=742833, strand=+
12:42:38.538 - INFO - ANNOTATION - fix gene: extract symbol from protein name. symbol=mglC
12:42:38.539 - INFO - ANNOTATION - fix gene: extract symbol from protein name. symbol=recG
12:42:38.539 - INFO - ANNOTATION - marked as hypothetical: seq=contig_1, start=749801, stop=750793, strand=-
12:42:38.539 - INFO - ANNOTATION - marked as hypothetical: seq=contig_1, start=750815, stop=752197, strand=-
12:42:38.539 - INFO - ANNOTATION - fix gene: extract symbol from protein name. symbol=recA
12:42:38.539 - INFO - ANNOTATION - marked as hypothetical: seq=contig_1, start=755077, stop=756399, strand=-
12:42:38.539 - INFO - ANNOTATION - marked as hypothetical: seq=contig_1, start=756559, stop=757236, strand=+
12:42:38.539 - INFO - ANNOTATION - fix product: replace putative synonyms. new=putative nicotinamidase, old=Probable nicotinamidase
12:42:38.539 - INFO - ANNOTATION - marked as hypothetical: seq=contig_1, start=760642, stop=761100, strand=-
12:42:38.539 - INFO - ANNOTATION - marked as hypothetical: seq=contig_1, start=761314, stop=761706, strand=-
12:42:38.539 - INFO - ANNOTATION - marked as hypothetical: seq=contig_1, start=762218, stop=763450, strand=-
12:42:38.539 - INFO - ANNOTATION - fix gene: extract symbol from protein name. symbol=recJ
12:42:38.539 - INFO - ANNOTATION - fix gene: extract symbol from protein name. symbol=lysM
12:42:38.539 - INFO - ANNOTATION - marked as hypothetical: seq=contig_1, start=769652, stop=770029, strand=-
12:42:38.539 - INFO - ANNOTATION - marked as hypothetical: seq=contig_1, start=770196, stop=770711, strand=+
12:42:38.539 - INFO - ANNOTATION - fix gene: extract symbol from protein name. symbol=khpB
12:42:38.539 - INFO - ANNOTATION - marked as hypothetical: seq=contig_1, start=773571, stop=774146, strand=+
12:42:38.539 - INFO - ANNOTATION - fix gene: extract symbol from protein name. symbol=fleN
12:42:38.539 - INFO - ANNOTATION - fix gene: extract symbol from protein name. symbol=flhF
12:42:38.539 - INFO - ANNOTATION - fix gene: extract symbol from protein name. symbol=flhA
12:42:38.539 - INFO - ANNOTATION - fix gene: extract symbol from protein name. symbol=flhB
12:42:38.539 - INFO - ANNOTATION - fix gene: extract symbol from protein name. symbol=fliR
12:42:38.539 - INFO - ANNOTATION - fix gene: extract symbol from protein name. symbol=fliQ
12:42:38.539 - INFO - ANNOTATION - fix gene: extract symbol from protein name. symbol=fliP
12:42:38.539 - INFO - ANNOTATION - marked as hypothetical: seq=contig_1, start=782303, stop=783349, strand=-
12:42:38.539 - INFO - ANNOTATION - fix gene: extract symbol from protein name. symbol=fliM
12:42:38.539 - INFO - ANNOTATION - fix gene: extract symbol from protein name. symbol=fliL
12:42:38.539 - INFO - ANNOTATION - marked as hypothetical: seq=contig_1, start=784925, stop=785056, strand=-
12:42:38.539 - INFO - ANNOTATION - marked as hypothetical: seq=contig_1, start=786573, stop=786770, strand=-
12:42:38.539 - INFO - ANNOTATION - fix gene: extract symbol from protein name. symbol=flgE
12:42:38.539 - INFO - ANNOTATION - fix gene: extract symbol from protein name. symbol=fliK
12:42:38.539 - INFO - ANNOTATION - marked as hypothetical: seq=contig_1, start=790687, stop=791538, strand=+
12:42:38.539 - INFO - ANNOTATION - marked as hypothetical: seq=contig_1, start=791612, stop=792232, strand=+
12:42:38.539 - INFO - ANNOTATION - fix gene: extract symbol from protein name. symbol=folD
12:42:38.539 - INFO - ANNOTATION - marked as hypothetical: seq=contig_1, start=798721, stop=799056, strand=-
12:42:38.539 - INFO - ANNOTATION - fix gene: extract symbol from protein name. symbol=lytR
12:42:38.539 - INFO - ANNOTATION - marked as hypothetical: seq=contig_1, start=800323, stop=801036, strand=-
12:42:38.539 - INFO - ANNOTATION - fix product: replace putative synonyms. new=putative nicotinate-nucleotide adenylyltransferase, old=Probable nicotinate-nucleotide adenylyltransferase
12:42:38.540 - INFO - ANNOTATION - marked as hypothetical: seq=contig_1, start=803170, stop=803496, strand=-
12:42:38.540 - INFO - ANNOTATION - fix gene: extract symbol from protein name. symbol=cfpA
12:42:38.540 - INFO - ANNOTATION - marked as hypothetical: seq=contig_1, start=809976, stop=810647, strand=+
12:42:38.540 - INFO - ANNOTATION - marked as hypothetical: seq=contig_1, start=812758, stop=813042, strand=-
12:42:38.540 - INFO - ANNOTATION - marked as hypothetical: seq=contig_1, start=813039, stop=814376, strand=-
12:42:38.540 - INFO - ANNOTATION - marked as hypothetical: seq=contig_1, start=814451, stop=815140, strand=-
12:42:38.540 - INFO - ANNOTATION - marked as hypothetical: seq=contig_1, start=815193, stop=816152, strand=-
12:42:38.540 - INFO - ANNOTATION - marked as hypothetical: seq=contig_1, start=816685, stop=816894, strand=-
12:42:38.540 - INFO - ANNOTATION - marked as hypothetical: seq=contig_1, start=819028, stop=819906, strand=+
12:42:38.540 - INFO - ANNOTATION - marked as hypothetical: seq=contig_1, start=821179, stop=822012, strand=-
12:42:38.540 - INFO - ANNOTATION - fix gene: extract symbol from protein name. symbol=ftsH
12:42:38.540 - INFO - ANNOTATION - marked as hypothetical: seq=contig_1, start=825468, stop=826349, strand=+
12:42:38.540 - INFO - ANNOTATION - fix gene: extract symbol from protein name. symbol=phoU
12:42:38.540 - INFO - ANNOTATION - marked as hypothetical: seq=contig_1, start=834631, stop=835413, strand=+
12:42:38.540 - INFO - ANNOTATION - marked as hypothetical: seq=contig_1, start=835455, stop=836687, strand=-
12:42:38.540 - INFO - ANNOTATION - marked as hypothetical: seq=contig_1, start=838310, stop=838465, strand=-
12:42:38.540 - INFO - ANNOTATION - marked as hypothetical: seq=contig_1, start=838462, stop=839238, strand=-
12:42:38.540 - INFO - ANNOTATION - fix product: replace putative synonyms. new=putative nucleoside-triphosphate diphosphatase, old=Probable nucleoside-triphosphate diphosphatase
12:42:38.540 - INFO - ANNOTATION - marked as hypothetical: seq=contig_1, start=840490, stop=841134, strand=-
12:42:38.540 - INFO - ANNOTATION - marked as hypothetical: seq=contig_1, start=843257, stop=844207, strand=-
12:42:38.540 - INFO - ANNOTATION - marked as hypothetical: seq=contig_1, start=845349, stop=845519, strand=+
12:42:38.540 - INFO - ANNOTATION - marked as hypothetical: seq=contig_1, start=845535, stop=846134, strand=+
12:42:38.540 - INFO - ANNOTATION - fix gene: extract symbol from protein name. symbol=lptB
12:42:38.540 - INFO - ANNOTATION - marked as hypothetical: seq=contig_1, start=848208, stop=849098, strand=+
12:42:38.540 - INFO - ANNOTATION - marked as hypothetical: seq=contig_1, start=849111, stop=849887, strand=-
12:42:38.540 - INFO - ANNOTATION - fix gene: extract symbol from protein name. symbol=flaB1
12:42:38.540 - INFO - ANNOTATION - marked as hypothetical: seq=contig_1, start=853885, stop=855504, strand=+
12:42:38.540 - INFO - ANNOTATION - marked as hypothetical: seq=contig_1, start=858083, stop=858874, strand=-
12:42:38.540 - INFO - ANNOTATION - marked as hypothetical: seq=contig_1, start=863221, stop=863373, strand=-
12:42:38.540 - INFO - ANNOTATION - fix gene: extract symbol from protein name. symbol=clpA
12:42:38.540 - INFO - ANNOTATION - marked as hypothetical: seq=contig_1, start=866040, stop=867248, strand=+
12:42:38.540 - INFO - ANNOTATION - fix gene: extract symbol from protein name. symbol=ugpC
12:42:38.540 - INFO - ANNOTATION - fix product: replace putative synonyms. new=putative exoribonuclease II, old=Probable exoribonuclease II
12:42:38.540 - INFO - ANNOTATION - fix gene: extract symbol from protein name. symbol=femA
12:42:38.540 - INFO - ANNOTATION - marked as hypothetical: seq=contig_1, start=872238, stop=872426, strand=+
12:42:38.540 - INFO - ANNOTATION - marked as hypothetical: seq=contig_1, start=872720, stop=873484, strand=+
12:42:38.540 - INFO - ANNOTATION - marked as hypothetical: seq=contig_1, start=874621, stop=876072, strand=+
12:42:38.540 - INFO - ANNOTATION - marked as hypothetical: seq=contig_1, start=876296, stop=877318, strand=-
12:42:38.540 - INFO - ANNOTATION - marked as hypothetical: seq=contig_1, start=879641, stop=880285, strand=-
12:42:38.540 - INFO - ANNOTATION - marked as hypothetical: seq=contig_1, start=889263, stop=890225, strand=+
12:42:38.540 - INFO - ANNOTATION - marked as hypothetical: seq=contig_1, start=892330, stop=894099, strand=-
12:42:38.540 - INFO - ANNOTATION - marked as hypothetical: seq=contig_1, start=894122, stop=894928, strand=-
12:42:38.541 - INFO - ANNOTATION - marked as hypothetical: seq=contig_1, start=897120, stop=899924, strand=-
12:42:38.541 - INFO - ANNOTATION - marked as hypothetical: seq=contig_1, start=900065, stop=900889, strand=-
12:42:38.541 - INFO - ANNOTATION - marked as hypothetical: seq=contig_1, start=904603, stop=905610, strand=-
12:42:38.541 - INFO - ANNOTATION - marked as hypothetical: seq=contig_1, start=905715, stop=907964, strand=+
12:42:38.541 - INFO - ANNOTATION - marked as hypothetical: seq=contig_1, start=912710, stop=913243, strand=-
12:42:38.541 - INFO - ANNOTATION - marked as hypothetical: seq=contig_1, start=913607, stop=913942, strand=-
12:42:38.541 - INFO - ANNOTATION - marked as hypothetical: seq=contig_1, start=915298, stop=917466, strand=+
12:42:38.541 - INFO - ANNOTATION - marked as hypothetical: seq=contig_1, start=930630, stop=931367, strand=+
12:42:38.541 - INFO - ANNOTATION - marked as hypothetical: seq=contig_1, start=931342, stop=932097, strand=+
12:42:38.541 - INFO - ANNOTATION - marked as hypothetical: seq=contig_1, start=934164, stop=934295, strand=-
12:42:38.541 - INFO - ANNOTATION - marked as hypothetical: seq=contig_1, start=934318, stop=935085, strand=-
12:42:38.541 - INFO - ANNOTATION - fix gene: extract symbol from protein name. symbol=lysM
12:42:38.541 - INFO - ANNOTATION - fix gene: extract symbol from protein name. symbol=flaB1
12:42:38.541 - INFO - ANNOTATION - fix gene: extract symbol from protein name. symbol=flaB1
12:42:38.541 - INFO - ANNOTATION - marked as hypothetical: seq=contig_1, start=946513, stop=947115, strand=+
12:42:38.541 - INFO - ANNOTATION - marked as hypothetical: seq=contig_1, start=947112, stop=947387, strand=+
12:42:38.541 - INFO - ANNOTATION - fix gene: extract symbol from protein name. symbol=tsaE
12:42:38.541 - INFO - ANNOTATION - marked as hypothetical: seq=contig_1, start=947881, stop=948546, strand=+
12:42:38.541 - INFO - ANNOTATION - marked as hypothetical: seq=contig_1, start=949661, stop=950620, strand=-
12:42:38.541 - INFO - ANNOTATION - marked as hypothetical: seq=contig_1, start=960374, stop=961201, strand=-
12:42:38.541 - INFO - ANNOTATION - marked as hypothetical: seq=contig_1, start=962283, stop=962663, strand=-
12:42:38.541 - INFO - ANNOTATION - marked as hypothetical: seq=contig_1, start=962660, stop=965356, strand=-
12:42:38.541 - INFO - ANNOTATION - marked as hypothetical: seq=contig_1, start=965364, stop=966821, strand=-
12:42:38.541 - INFO - ANNOTATION - marked as hypothetical: seq=contig_1, start=966871, stop=967341, strand=-
12:42:38.541 - INFO - ANNOTATION - marked as hypothetical: seq=contig_1, start=967362, stop=967496, strand=-
12:42:38.541 - INFO - ANNOTATION - marked as hypothetical: seq=contig_1, start=967515, stop=968537, strand=-
12:42:38.541 - INFO - ANNOTATION - marked as hypothetical: seq=contig_1, start=968544, stop=969071, strand=-
12:42:38.541 - INFO - ANNOTATION - marked as hypothetical: seq=contig_1, start=978976, stop=979857, strand=-
12:42:38.541 - INFO - ANNOTATION - marked as hypothetical: seq=contig_1, start=979859, stop=981457, strand=+
12:42:38.541 - INFO - ANNOTATION - marked as hypothetical: seq=contig_1, start=981664, stop=982035, strand=+
12:42:38.541 - INFO - ANNOTATION - fix gene: extract symbol from protein name. symbol=khpA
12:42:38.541 - INFO - ANNOTATION - marked as hypothetical: seq=contig_1, start=982337, stop=982873, strand=+
12:42:38.541 - INFO - ANNOTATION - marked as hypothetical: seq=contig_1, start=984904, stop=985155, strand=+
12:42:38.541 - INFO - ANNOTATION - marked as hypothetical: seq=contig_1, start=986474, stop=986854, strand=+
12:42:38.541 - INFO - ANNOTATION - marked as hypothetical: seq=contig_1, start=986851, stop=987033, strand=+
12:42:38.541 - INFO - ANNOTATION - marked as hypothetical: seq=contig_1, start=987026, stop=987412, strand=+
12:42:38.541 - INFO - ANNOTATION - fix gene: extract symbol from protein name. symbol=yrrB
12:42:38.541 - INFO - ANNOTATION - fix gene: extract symbol from protein name. symbol=mgtE
12:42:38.541 - INFO - ANNOTATION - marked as hypothetical: seq=contig_1, start=990618, stop=991043, strand=-
12:42:38.541 - INFO - ANNOTATION - marked as hypothetical: seq=contig_1, start=995638, stop=996690, strand=+
12:42:38.541 - INFO - ANNOTATION - marked as hypothetical: seq=contig_1, start=996634, stop=997992, strand=-
12:42:38.542 - INFO - ANNOTATION - marked as hypothetical: seq=contig_1, start=1000596, stop=1000883, strand=-
12:42:38.542 - INFO - ANNOTATION - marked as hypothetical: seq=contig_1, start=1001604, stop=1003439, strand=-
12:42:38.542 - INFO - ANNOTATION - marked as hypothetical: seq=contig_1, start=1003613, stop=1003825, strand=+
12:42:38.542 - INFO - ANNOTATION - marked as hypothetical: seq=contig_1, start=1003979, stop=1005448, strand=+
12:42:38.542 - INFO - ANNOTATION - marked as hypothetical: seq=contig_1, start=1012925, stop=1013935, strand=-
12:42:38.542 - INFO - ANNOTATION - marked as hypothetical: seq=contig_1, start=1014170, stop=1014805, strand=-
12:42:38.542 - INFO - ANNOTATION - marked as hypothetical: seq=contig_1, start=1014802, stop=1015398, strand=-
12:42:38.542 - INFO - ANNOTATION - marked as hypothetical: seq=contig_1, start=1015365, stop=1015601, strand=-
12:42:38.542 - INFO - ANNOTATION - marked as hypothetical: seq=contig_1, start=1020040, stop=1020504, strand=-
12:42:38.542 - INFO - ANNOTATION - fix gene: extract symbol from protein name. symbol=fliS
12:42:38.542 - INFO - ANNOTATION - marked as hypothetical: seq=contig_1, start=1023336, stop=1023755, strand=-
12:42:38.542 - INFO - ANNOTATION - marked as hypothetical: seq=contig_1, start=1024513, stop=1025208, strand=-
12:42:38.542 - INFO - ANNOTATION - fix gene: extract symbol from protein name. symbol=yidC
12:42:38.542 - INFO - ANNOTATION - marked as hypothetical: seq=contig_1, start=1027380, stop=1027781, strand=-
12:42:38.542 - INFO - ANNOTATION - fix gene: extract symbol from protein name. symbol=traB
12:42:38.542 - INFO - ANNOTATION - marked as hypothetical: seq=contig_1, start=1030458, stop=1031894, strand=-
12:42:38.542 - INFO - ANNOTATION - marked as hypothetical: seq=contig_1, start=1032044, stop=1032337, strand=+
12:42:38.542 - INFO - ANNOTATION - marked as hypothetical: seq=contig_1, start=1036422, stop=1036811, strand=-
12:42:38.542 - INFO - ANNOTATION - fix gene: extract symbol from protein name. symbol=flgG
12:42:38.542 - INFO - ANNOTATION - fix gene: extract symbol from protein name. symbol=flgF
12:42:38.542 - INFO - ANNOTATION - marked as hypothetical: seq=contig_1, start=1038594, stop=1039826, strand=-
12:42:38.542 - INFO - ANNOTATION - fix product: replace putative synonyms. new=putative macrolide ABC superfamily ATP binding cassette transporter, ABC/membrane protein, old=Probable macrolide ABC superfamily ATP binding cassette transporter, ABC/membrane protein
12:42:38.542 - INFO - ANNOTATION - fix gene: extract symbol from protein name. symbol=lolD
12:42:38.542 - INFO - ANNOTATION - marked as hypothetical: seq=contig_1, start=1051651, stop=1053312, strand=+
12:42:38.542 - INFO - ANNOTATION - marked as hypothetical: seq=contig_1, start=1053364, stop=1053642, strand=-
12:42:38.542 - INFO - ANNOTATION - fix product: replace Homolog. new=GTP cyclohydrolase 1 type 2-like protein, old=GTP cyclohydrolase 1 type 2 homolog
12:42:38.542 - INFO - ANNOTATION - fix gene: extract symbol from protein name. symbol=ycfH
12:42:38.542 - INFO - ANNOTATION - marked as hypothetical: seq=contig_1, start=1058306, stop=1059361, strand=+
12:42:38.542 - INFO - ANNOTATION - fix gene: extract symbol from protein name. symbol=aarA
12:42:38.542 - INFO - ANNOTATION - marked as hypothetical: seq=contig_1, start=1061258, stop=1061932, strand=+
12:42:38.542 - INFO - ANNOTATION - fix gene: extract symbol from protein name. symbol=htpG
12:42:38.542 - INFO - ANNOTATION - marked as hypothetical: seq=contig_1, start=1066813, stop=1067196, strand=-
12:42:38.542 - INFO - ANNOTATION - marked as hypothetical: seq=contig_1, start=1072020, stop=1072166, strand=+
12:42:38.542 - INFO - ANNOTATION - marked as hypothetical: seq=contig_1, start=1072200, stop=1072487, strand=+
12:42:38.542 - INFO - ANNOTATION - fix product: replace putative synonyms. new=putative endolytic peptidoglycan transglycosylase RlpA, old=Probable endolytic peptidoglycan transglycosylase RlpA
12:42:38.542 - INFO - ANNOTATION - fix gene: extract symbol from protein name. symbol=rlpA
12:42:38.542 - INFO - ANNOTATION - marked as hypothetical: seq=contig_1, start=1073938, stop=1074753, strand=+
12:42:38.542 - INFO - ANNOTATION - marked as hypothetical: seq=contig_1, start=1079795, stop=1081183, strand=-
12:42:38.542 - INFO - ANNOTATION - marked as hypothetical: seq=contig_1, start=1081369, stop=1083768, strand=+
12:42:38.542 - INFO - ANNOTATION - marked as hypothetical: seq=contig_1, start=1084757, stop=1085995, strand=-
12:42:38.542 - INFO - ANNOTATION - marked as hypothetical: seq=contig_1, start=1086905, stop=1087852, strand=+
12:42:38.542 - INFO - ANNOTATION - fix gene: extract symbol from protein name. symbol=recR
12:42:38.543 - INFO - ANNOTATION - marked as hypothetical: seq=contig_1, start=1088554, stop=1090272, strand=-
12:42:38.543 - INFO - ANNOTATION - marked as hypothetical: seq=contig_1, start=1097719, stop=1098327, strand=-
12:42:38.543 - INFO - ANNOTATION - marked as hypothetical: seq=contig_1, start=1098362, stop=1099252, strand=-
12:42:38.543 - INFO - ANNOTATION - marked as hypothetical: seq=contig_1, start=1099502, stop=1099768, strand=+
12:42:38.543 - INFO - ANNOTATION - marked as hypothetical: seq=contig_1, start=1099779, stop=1101713, strand=-
12:42:38.543 - INFO - ANNOTATION - fix gene: extract symbol from protein name. symbol=nusB
12:42:38.543 - INFO - ANNOTATION - marked as hypothetical: seq=contig_1, start=1106784, stop=1107227, strand=+
12:42:38.543 - INFO - ANNOTATION - fix gene: extract symbol from protein name. symbol=radA
12:42:38.543 - INFO - ANNOTATION - marked as hypothetical: seq=contig_1, start=1111749, stop=1112447, strand=-
12:42:38.543 - INFO - ANNOTATION - marked as hypothetical: seq=contig_1, start=1113231, stop=1113473, strand=-
12:42:38.543 - INFO - ANNOTATION - marked as hypothetical: seq=contig_1, start=1122797, stop=1123822, strand=+
12:42:38.543 - INFO - ANNOTATION - marked as hypothetical: seq=contig_1, start=1126843, stop=1129221, strand=+
12:42:38.552 - INFO - CDS - pfam detected: seq=contig_1, start=44656, stop=45651, strand=-, pfam-id=PF00389.36, length=327, aa-start=4, aa-stop=329, aa-cov=1.0, hmm-cov=0.4, evalue=1.8e-27, bitscore=90.1, name=2-Hacid_dh
12:42:38.553 - INFO - CDS - pfam detected: seq=contig_1, start=44656, stop=45651, strand=-, pfam-id=PF02826.25, length=190, aa-start=112, aa-stop=298, aa-cov=0.6, hmm-cov=0.9, evalue=6.7e-57, bitscore=186.1, name=2-Hacid_dh_C
12:42:38.574 - INFO - CDS - pfam detected: seq=contig_1, start=1088554, stop=1090272, strand=-, pfam-id=PF00004.35, length=153, aa-start=42, aa-stop=172, aa-cov=0.2, hmm-cov=0.8, evalue=3.8e-15, bitscore=50.9, name=AAA
12:42:38.574 - INFO - CDS - pfam detected: seq=contig_1, start=4, stop=1398, strand=+, pfam-id=PF00004.35, length=133, aa-start=155, aa-stop=275, aa-cov=0.3, hmm-cov=0.9, evalue=1.8e-09, bitscore=32.5, name=AAA
12:42:38.585 - INFO - CDS - pfam detected: seq=contig_1, start=644416, stop=645051, strand=-, pfam-id=PF13207.12, length=124, aa-start=6, aa-stop=122, aa-cov=0.6, hmm-cov=1.0, evalue=1.1e-21, bitscore=72.0, name=AAA_17
12:42:38.591 - INFO - CDS - pfam detected: seq=contig_1, start=1088554, stop=1090272, strand=-, pfam-id=PF07728.20, length=104, aa-start=42, aa-stop=145, aa-cov=0.2, hmm-cov=0.9, evalue=2.7e-07, bitscore=25.1, name=AAA_5
12:42:38.603 - INFO - CDS - pfam detected: seq=contig_1, start=978976, stop=979857, strand=-, pfam-id=PF00561.26, length=133, aa-start=64, aa-stop=189, aa-cov=0.4, hmm-cov=1.0, evalue=8.7e-13, bitscore=42.9, name=Abhydrolase_1
12:42:38.604 - INFO - CDS - pfam detected: seq=contig_1, start=978976, stop=979857, strand=-, pfam-id=PF12697.13, length=233, aa-start=65, aa-stop=284, aa-cov=0.8, hmm-cov=0.9, evalue=8.3e-19, bitscore=63.5, name=Abhydrolase_6
12:42:38.628 - INFO - CDS - pfam detected: seq=contig_1, start=644416, stop=645051, strand=-, pfam-id=PF00406.28, length=185, aa-start=6, aa-stop=185, aa-cov=0.9, hmm-cov=0.8, evalue=3.4e-45, bitscore=148.3, name=ADK
12:42:38.629 - INFO - CDS - pfam detected: seq=contig_1, start=644416, stop=645051, strand=-, pfam-id=PF05191.20, length=36, aa-start=122, aa-stop=157, aa-cov=0.2, hmm-cov=1.0, evalue=4.1e-16, bitscore=53.1, name=ADK_lid
12:42:38.642 - INFO - CDS - pfam detected: seq=contig_1, start=108422, stop=109024, strand=+, pfam-id=PF00578.27, length=118, aa-start=67, aa-stop=177, aa-cov=0.6, hmm-cov=1.0, evalue=2.5e-22, bitscore=73.6, name=AhpC-TSA
12:42:38.643 - INFO - CDS - pfam detected: seq=contig_1, start=750815, stop=752197, strand=-, pfam-id=PF04548.22, length=118, aa-start=22, aa-stop=138, aa-cov=0.3, hmm-cov=1.0, evalue=2.5e-18, bitscore=60.6, name=AIG1
12:42:38.646 - INFO - CDS - pfam detected: seq=contig_1, start=739882, stop=741015, strand=-, pfam-id=PF00842.27, length=130, aa-start=246, aa-stop=375, aa-cov=0.3, hmm-cov=1.0, evalue=9.6e-44, bitscore=142.5, name=Ala_racemase_C
12:42:38.647 - INFO - CDS - pfam detected: seq=contig_1, start=739882, stop=741015, strand=-, pfam-id=PF01168.26, length=227, aa-start=8, aa-stop=232, aa-cov=0.6, hmm-cov=1.0, evalue=6.1e-70, bitscore=229.7, name=Ala_racemase_N
12:42:38.669 - INFO - CDS - pfam detected: seq=contig_1, start=226125, stop=227564, strand=+, pfam-id=PF00155.27, length=338, aa-start=138, aa-stop=462, aa-cov=0.7, hmm-cov=0.9, evalue=1.5e-23, bitscore=78.0, name=Aminotran_1_2
12:42:38.669 - INFO - CDS - pfam detected: seq=contig_1, start=664428, stop=665642, strand=+, pfam-id=PF00155.27, length=200, aa-start=67, aa-stop=240, aa-cov=0.4, hmm-cov=1.0, evalue=1.7e-09, bitscore=31.7, name=Aminotran_1_2
12:42:38.669 - INFO - CDS - pfam detected: seq=contig_1, start=664428, stop=665642, strand=+, pfam-id=PF00266.25, length=372, aa-start=20, aa-stop=390, aa-cov=0.9, hmm-cov=1.0, evalue=6.0e-138, bitscore=454.2, name=Aminotran_5
12:42:38.674 - INFO - CDS - pfam detected: seq=contig_1, start=1030458, stop=1031894, strand=-, pfam-id=PF12895.13, length=80, aa-start=162, aa-stop=241, aa-cov=0.2, hmm-cov=1.0, evalue=3.9e-14, bitscore=47.2, name=ANAPC3
12:42:38.674 - INFO - CDS - pfam detected: seq=contig_1, start=494873, stop=495718, strand=-, pfam-id=PF12895.13, length=83, aa-start=52, aa-stop=132, aa-cov=0.3, hmm-cov=1.0, evalue=4.8e-12, bitscore=40.5, name=ANAPC3
12:42:38.675 - INFO - CDS - pfam detected: seq=contig_1, start=492928, stop=494880, strand=-, pfam-id=PF12895.13, length=46, aa-start=551, aa-stop=596, aa-cov=0.1, hmm-cov=1.0, evalue=7.3e-10, bitscore=33.5, name=ANAPC3
12:42:38.675 - INFO - CDS - pfam detected: seq=contig_1, start=473352, stop=473942, strand=+, pfam-id=PF12895.13, length=46, aa-start=115, aa-stop=160, aa-cov=0.2, hmm-cov=1.0, evalue=2.7e-08, bitscore=28.5, name=ANAPC3
12:42:38.677 - INFO - CDS - pfam detected: seq=contig_1, start=897120, stop=899924, strand=-, pfam-id=PF00023.36, length=29, aa-start=284, aa-stop=312, aa-cov=0.0, hmm-cov=1.0, evalue=3.2e-96, bitscore=304.3, name=Ank
12:42:38.678 - INFO - CDS - pfam detected: seq=contig_1, start=535031, stop=535927, strand=+, pfam-id=PF00023.36, length=28, aa-start=213, aa-stop=240, aa-cov=0.1, hmm-cov=1.0, evalue=1.4e-17, bitscore=57.5, name=Ank
12:42:38.684 - INFO - CDS - pfam detected: seq=contig_1, start=897120, stop=899924, strand=-, pfam-id=PF12796.13, length=75, aa-start=240, aa-stop=312, aa-cov=0.1, hmm-cov=1.0, evalue=3.3e-110, bitscore=355.4, name=Ank_2
12:42:38.685 - INFO - CDS - pfam detected: seq=contig_1, start=535031, stop=535927, strand=+, pfam-id=PF12796.13, length=88, aa-start=153, aa-stop=240, aa-cov=0.3, hmm-cov=1.0, evalue=5.9e-22, bitscore=72.5, name=Ank_2
12:42:38.685 - INFO - CDS - pfam detected: seq=contig_1, start=897120, stop=899924, strand=-, pfam-id=PF13606.12, length=28, aa-start=653, aa-stop=680, aa-cov=0.0, hmm-cov=1.0, evalue=4.4e-64, bitscore=198.6, name=Ank_3
12:42:38.685 - INFO - CDS - pfam detected: seq=contig_1, start=535031, stop=535927, strand=+, pfam-id=PF13606.12, length=28, aa-start=212, aa-stop=239, aa-cov=0.1, hmm-cov=1.0, evalue=2.2e-12, bitscore=40.6, name=Ank_3
12:42:38.685 - INFO - CDS - pfam detected: seq=contig_1, start=897120, stop=899924, strand=-, pfam-id=PF13637.12, length=50, aa-start=253, aa-stop=302, aa-cov=0.1, hmm-cov=1.0, evalue=1.0e-74, bitscore=239.3, name=Ank_4
12:42:38.685 - INFO - CDS - pfam detected: seq=contig_1, start=535031, stop=535927, strand=+, pfam-id=PF13637.12, length=31, aa-start=226, aa-stop=256, aa-cov=0.1, hmm-cov=1.0, evalue=5.7e-09, bitscore=30.6, name=Ank_4
12:42:38.685 - INFO - CDS - pfam detected: seq=contig_1, start=897120, stop=899924, strand=-, pfam-id=PF13857.12, length=55, aa-start=268, aa-stop=321, aa-cov=0.1, hmm-cov=1.0, evalue=5.2e-74, bitscore=237.9, name=Ank_5
12:42:38.685 - INFO - CDS - pfam detected: seq=contig_1, start=535031, stop=535927, strand=+, pfam-id=PF13857.12, length=57, aa-start=196, aa-stop=251, aa-cov=0.2, hmm-cov=1.0, evalue=2.3e-10, bitscore=35.1, name=Ank_5
12:42:38.720 - INFO - CDS - pfam detected: seq=contig_1, start=750815, stop=752197, strand=-, pfam-id=PF00025.27, length=176, aa-start=196, aa-stop=366, aa-cov=0.4, hmm-cov=0.9, evalue=6.1e-11, bitscore=36.5, name=Arf
12:42:38.723 - INFO - CDS - pfam detected: seq=contig_1, start=892330, stop=894099, strand=-, pfam-id=PF03485.21, length=89, aa-start=8, aa-stop=94, aa-cov=0.1, hmm-cov=0.9, evalue=7.4e-15, bitscore=49.8, name=Arg_tRNA_synt_N
12:42:38.731 - INFO - CDS - pfam detected: seq=contig_1, start=1030458, stop=1031894, strand=-, pfam-id=PF25058.1, length=79, aa-start=72, aa-stop=150, aa-cov=0.2, hmm-cov=1.0, evalue=5.4e-08, bitscore=27.4, name=ARM_TT21
12:42:38.731 - INFO - CDS - pfam detected: seq=contig_1, start=1030458, stop=1031894, strand=-, pfam-id=PF25060.1, length=45, aa-start=171, aa-stop=215, aa-cov=0.1, hmm-cov=1.0, evalue=2.2e-09, bitscore=31.6, name=ARM_TT21_2nd
12:42:38.752 - INFO - CDS - pfam detected: seq=contig_1, start=572691, stop=572987, strand=-, pfam-id=PF00137.26, length=60, aa-start=36, aa-stop=95, aa-cov=0.6, hmm-cov=1.0, evalue=1.3e-17, bitscore=58.2, name=ATP-synt_C
12:42:38.762 - INFO - CDS - pfam detected: seq=contig_1, start=14014, stop=15828, strand=+, pfam-id=PF03484.21, length=60, aa-start=334, aa-stop=392, aa-cov=0.1, hmm-cov=1.0, evalue=4.9e-15, bitscore=50.0, name=B5
12:42:38.765 - INFO - CDS - pfam detected: seq=contig_1, start=57139, stop=57570, strand=-, pfam-id=PF04519.19, length=97, aa-start=11, aa-stop=107, aa-cov=0.7, hmm-cov=1.0, evalue=8.6e-25, bitscore=81.3, name=Bactofilin
12:42:38.765 - INFO - CDS - pfam detected: seq=contig_1, start=263424, stop=263837, strand=+, pfam-id=PF04519.19, length=98, aa-start=13, aa-stop=110, aa-cov=0.7, hmm-cov=1.0, evalue=1.7e-23, bitscore=77.2, name=Bactofilin
12:42:38.767 - INFO - CDS - pfam detected: seq=contig_1, start=4, stop=1398, strand=+, pfam-id=PF00308.24, length=163, aa-start=119, aa-stop=280, aa-cov=0.3, hmm-cov=1.0, evalue=2.4e-63, bitscore=207.5, name=Bac_DnaA
12:42:38.767 - INFO - CDS - pfam detected: seq=contig_1, start=4, stop=1398, strand=+, pfam-id=PF08299.17, length=69, aa-start=370, aa-stop=438, aa-cov=0.1, hmm-cov=1.0, evalue=2.6e-31, bitscore=102.0, name=Bac_DnaA_C
12:42:38.767 - INFO - CDS - pfam detected: seq=contig_1, start=261486, stop=261803, strand=+, pfam-id=PF00216.26, length=88, aa-start=7, aa-stop=94, aa-cov=0.8, hmm-cov=1.0, evalue=8.3e-28, bitscore=91.0, name=Bac_DNA_binding
12:42:38.801 - INFO - CDS - pfam detected: seq=contig_1, start=377120, stop=378700, strand=-, pfam-id=PF09210.16, length=100, aa-start=423, aa-stop=522, aa-cov=0.2, hmm-cov=1.0, evalue=4.3e-30, bitscore=98.6, name=BE_C
12:42:38.825 - INFO - CDS - pfam detected: seq=contig_1, start=376456, stop=377115, strand=+, pfam-id=PF02237.23, length=47, aa-start=176, aa-stop=219, aa-cov=0.2, hmm-cov=1.0, evalue=2.6e-10, bitscore=34.5, name=BPL_C
12:42:38.826 - INFO - CDS - pfam detected: seq=contig_1, start=376456, stop=377115, strand=+, pfam-id=PF03099.24, length=113, aa-start=11, aa-stop=112, aa-cov=0.5, hmm-cov=1.0, evalue=2.5e-12, bitscore=41.3, name=BPL_LplA_LipB
12:42:38.836 - INFO - CDS - pfam detected: seq=contig_1, start=1030458, stop=1031894, strand=-, pfam-id=PF03704.23, length=66, aa-start=217, aa-stop=282, aa-cov=0.1, hmm-cov=1.0, evalue=1.8e-06, bitscore=22.8, name=BTAD
12:42:38.837 - INFO - CDS - pfam detected: seq=contig_1, start=413749, stop=414501, strand=+, pfam-id=PF03704.23, length=51, aa-start=168, aa-stop=218, aa-cov=0.2, hmm-cov=1.0, evalue=2.6e-06, bitscore=22.3, name=BTAD
12:42:38.865 - INFO - CDS - pfam detected: seq=contig_1, start=363248, stop=366694, strand=-, pfam-id=PF02559.22, length=57, aa-start=484, aa-stop=540, aa-cov=0.0, hmm-cov=1.0, evalue=1.0e-19, bitscore=64.9, name=CarD_TRCF_RID
12:42:38.890 - INFO - CDS - pfam detected: seq=contig_1, start=1012925, stop=1013935, strand=-, pfam-id=PF00571.33, length=48, aa-start=153, aa-stop=199, aa-cov=0.1, hmm-cov=1.0, evalue=1.2e-09, bitscore=32.8, name=CBS
12:42:38.928 - INFO - CDS - pfam detected: seq=contig_1, start=683716, stop=684990, strand=+, pfam-id=PF01339.22, length=182, aa-start=235, aa-stop=414, aa-cov=0.4, hmm-cov=1.0, evalue=3.0e-66, bitscore=216.8, name=CheB_methylest
12:42:38.930 - INFO - CDS - pfam detected: seq=contig_1, start=383848, stop=385182, strand=+, pfam-id=PF01739.24, length=192, aa-start=261, aa-stop=439, aa-cov=0.4, hmm-cov=1.0, evalue=2.4e-50, bitscore=165.1, name=CheR
12:42:38.930 - INFO - CDS - pfam detected: seq=contig_1, start=383848, stop=385182, strand=+, pfam-id=PF01584.24, length=137, aa-start=30, aa-stop=165, aa-cov=0.3, hmm-cov=1.0, evalue=2.4e-37, bitscore=122.1, name=CheW
12:42:38.955 - INFO - CDS - pfam detected: seq=contig_1, start=308128, stop=308763, strand=+, pfam-id=PF01121.26, length=167, aa-start=7, aa-stop=170, aa-cov=0.8, hmm-cov=0.9, evalue=7.9e-21, bitscore=68.9, name=CoaE
12:42:38.973 - INFO - CDS - pfam detected: seq=contig_1, start=1012925, stop=1013935, strand=-, pfam-id=PF03471.22, length=82, aa-start=218, aa-stop=297, aa-cov=0.2, hmm-cov=1.0, evalue=5.0e-18, bitscore=59.4, name=CorC_HlyC
12:42:38.978 - INFO - CDS - pfam detected: seq=contig_1, start=1099502, stop=1099768, strand=+, pfam-id=PF00166.26, length=93, aa-start=2, aa-stop=87, aa-cov=1.0, hmm-cov=1.0, evalue=1.2e-31, bitscore=103.1, name=Cpn10
12:42:39.004 - INFO - CDS - pfam detected: seq=contig_1, start=296453, stop=297013, strand=+, pfam-id=PF01467.32, length=133, aa-start=31, aa-stop=159, aa-cov=0.7, hmm-cov=1.0, evalue=2.2e-24, bitscore=80.6, name=CTP_transf_like
12:42:39.032 - INFO - CDS - pfam detected: seq=contig_1, start=892330, stop=894099, strand=-, pfam-id=PF05746.21, length=123, aa-start=467, aa-stop=589, aa-cov=0.2, hmm-cov=1.0, evalue=5.0e-34, bitscore=111.4, name=DALR_1
12:42:39.048 - INFO - CDS - pfam detected: seq=contig_1, start=363248, stop=366694, strand=-, pfam-id=PF00270.35, length=176, aa-start=609, aa-stop=770, aa-cov=0.1, hmm-cov=0.9, evalue=1.2e-26, bitscore=87.9, name=DEAD
12:42:39.048 - INFO - CDS - pfam detected: seq=contig_1, start=111887, stop=113251, strand=+, pfam-id=PF00270.35, length=90, aa-start=241, aa-stop=327, aa-cov=0.2, hmm-cov=0.9, evalue=7.1e-19, bitscore=62.6, name=DEAD
12:42:39.054 - INFO - CDS - pfam detected: seq=contig_1, start=463457, stop=464608, strand=+, pfam-id=PF01041.23, length=263, aa-start=40, aa-stop=278, aa-cov=0.6, hmm-cov=1.0, evalue=1.2e-22, bitscore=75.0, name=DegT_DnrJ_EryC1
12:42:39.054 - INFO - CDS - pfam detected: seq=contig_1, start=664428, stop=665642, strand=+, pfam-id=PF01041.23, length=153, aa-start=83, aa-stop=231, aa-cov=0.4, hmm-cov=0.9, evalue=1.2e-06, bitscore=22.3, name=DegT_DnrJ_EryC1
12:42:39.062 - INFO - CDS - pfam detected: seq=contig_1, start=866040, stop=867248, strand=+, pfam-id=PF01368.27, length=139, aa-start=41, aa-stop=177, aa-cov=0.3, hmm-cov=0.7, evalue=4.8e-11, bitscore=37.5, name=DHH
12:42:39.072 - INFO - CDS - pfam detected: seq=contig_1, start=197172, stop=197615, strand=+, pfam-id=PF04977.20, length=78, aa-start=16, aa-stop=92, aa-cov=0.5, hmm-cov=1.0, evalue=3.9e-18, bitscore=59.5, name=DivIC
12:42:39.074 - INFO - CDS - pfam detected: seq=contig_1, start=469202, stop=469831, strand=+, pfam-id=PF01965.30, length=189, aa-start=4, aa-stop=191, aa-cov=0.9, hmm-cov=0.9, evalue=1.2e-44, bitscore=146.4, name=DJ-1_PfpI
12:42:39.079 - INFO - CDS - pfam detected: seq=contig_1, start=4, stop=1398, strand=+, pfam-id=PF11638.13, length=58, aa-start=9, aa-stop=65, aa-cov=0.1, hmm-cov=1.0, evalue=3.2e-09, bitscore=30.9, name=DnaA_N
12:42:39.085 - INFO - CDS - pfam detected: seq=contig_1, start=1088554, stop=1090272, strand=-, pfam-id=PF22608.2, length=44, aa-start=187, aa-stop=230, aa-cov=0.1, hmm-cov=1.0, evalue=2.1e-10, bitscore=34.7, name=DNAX_ATPase_lid
12:42:39.085 - INFO - CDS - pfam detected: seq=contig_1, start=160472, stop=161005, strand=+, pfam-id=PF01035.26, length=80, aa-start=92, aa-stop=171, aa-cov=0.5, hmm-cov=1.0, evalue=2.5e-29, bitscore=95.4, name=DNA_binding_1
12:42:39.089 - INFO - CDS - pfam detected: seq=contig_1, start=1088554, stop=1090272, strand=-, pfam-id=PF13177.12, length=157, aa-start=21, aa-stop=176, aa-cov=0.3, hmm-cov=1.0, evalue=1.5e-46, bitscore=152.7, name=DNA_pol3_delta2
12:42:39.089 - INFO - CDS - pfam detected: seq=contig_1, start=637072, stop=638094, strand=-, pfam-id=PF21694.2, length=108, aa-start=192, aa-stop=299, aa-cov=0.3, hmm-cov=1.0, evalue=7.2e-09, bitscore=30.2, name=DNA_pol3_delta_C
12:42:39.091 - INFO - CDS - pfam detected: seq=contig_1, start=374776, stop=375402, strand=+, pfam-id=PF01712.25, length=91, aa-start=113, aa-stop=202, aa-cov=0.4, hmm-cov=1.0, evalue=3.6e-08, bitscore=27.8, name=dNK
12:42:39.103 - INFO - CDS - pfam detected: seq=contig_1, start=109017, stop=109811, strand=+, pfam-id=PF02683.22, length=218, aa-start=8, aa-stop=219, aa-cov=0.8, hmm-cov=1.0, evalue=6.7e-15, bitscore=49.4, name=DsbD_TM
12:42:39.106 - INFO - CDS - pfam detected: seq=contig_1, start=872720, stop=873484, strand=+, pfam-id=PF00035.32, length=67, aa-start=182, aa-stop=248, aa-cov=0.3, hmm-cov=1.0, evalue=5.5e-17, bitscore=56.6, name=dsrm
12:42:39.113 - INFO - CDS - pfam detected: seq=contig_1, start=966871, stop=967341, strand=-, pfam-id=PF17384.8, length=68, aa-start=94, aa-stop=153, aa-cov=0.4, hmm-cov=1.0, evalue=2.8e-14, bitscore=47.6, name=DUF150_C
12:42:39.153 - INFO - CDS - pfam detected: seq=contig_1, start=368876, stop=369586, strand=+, pfam-id=PF10895.14, length=227, aa-start=20, aa-stop=236, aa-cov=0.9, hmm-cov=0.7, evalue=7.2e-50, bitscore=163.2, name=DUF2715
12:42:39.154 - INFO - CDS - pfam detected: seq=contig_1, start=760642, stop=761100, strand=-, pfam-id=PF10895.14, length=151, aa-start=3, aa-stop=152, aa-cov=1.0, hmm-cov=0.9, evalue=6.5e-40, bitscore=130.9, name=DUF2715
12:42:39.154 - INFO - CDS - pfam detected: seq=contig_1, start=328849, stop=329121, strand=-, pfam-id=PF10895.14, length=58, aa-start=33, aa-stop=90, aa-cov=0.6, hmm-cov=0.9, evalue=1.7e-20, bitscore=67.8, name=DUF2715
12:42:39.156 - INFO - CDS - pfam detected: seq=contig_1, start=968544, stop=969071, strand=-, pfam-id=PF03625.19, length=61, aa-start=85, aa-stop=144, aa-cov=0.3, hmm-cov=1.0, evalue=2.3e-13, bitscore=44.3, name=DUF302
12:42:39.182 - INFO - CDS - pfam detected: seq=contig_1, start=904603, stop=905610, strand=-, pfam-id=PF13349.12, length=123, aa-start=186, aa-stop=305, aa-cov=0.4, hmm-cov=1.0, evalue=1.6e-09, bitscore=31.9, name=DUF4097
12:42:39.204 - INFO - CDS - pfam detected: seq=contig_1, start=915298, stop=917466, strand=+, pfam-id=PF16314.11, length=449, aa-start=40, aa-stop=481, aa-cov=0.6, hmm-cov=1.0, evalue=3.6e-60, bitscore=198.2, name=DUF4954
12:42:39.261 - INFO - CDS - pfam detected: seq=contig_1, start=915298, stop=917466, strand=+, pfam-id=PF20683.2, length=65, aa-start=572, aa-stop=636, aa-cov=0.1, hmm-cov=1.0, evalue=9.2e-08, bitscore=26.4, name=DUF6819
12:42:39.387 - INFO - CDS - pfam detected: seq=contig_1, start=1058306, stop=1059361, strand=+, pfam-id=PF01207.24, length=304, aa-start=34, aa-stop=334, aa-cov=0.9, hmm-cov=1.0, evalue=5.2e-72, bitscore=236.9, name=Dus
12:42:39.388 - INFO - CDS - pfam detected: seq=contig_1, start=750815, stop=752197, strand=-, pfam-id=PF00350.29, length=34, aa-start=200, aa-stop=233, aa-cov=0.1, hmm-cov=1.0, evalue=8.7e-15, bitscore=49.6, name=Dynamin_N
12:42:39.402 - INFO - CDS - pfam detected: seq=contig_1, start=962660, stop=965356, strand=-, pfam-id=PF22042.2, length=82, aa-start=560, aa-stop=638, aa-cov=0.1, hmm-cov=1.0, evalue=2.3e-27, bitscore=89.4, name=EF-G_D2
12:42:39.457 - INFO - CDS - pfam detected: seq=contig_1, start=583190, stop=585064, strand=-, pfam-id=PF03372.29, length=323, aa-start=304, aa-stop=615, aa-cov=0.5, hmm-cov=0.7, evalue=2.0e-14, bitscore=48.3, name=Exo_endo_phos
12:42:39.467 - INFO - CDS - pfam detected: seq=contig_1, start=89833, stop=90681, strand=+, pfam-id=PF00941.27, length=167, aa-start=12, aa-stop=177, aa-cov=0.6, hmm-cov=1.0, evalue=6.8e-39, bitscore=127.8, name=FAD_binding_5
12:42:39.494 - INFO - CDS - pfam detected: seq=contig_1, start=750815, stop=752197, strand=-, pfam-id=PF02421.24, length=161, aa-start=199, aa-stop=359, aa-cov=0.3, hmm-cov=0.9, evalue=7.0e-27, bitscore=88.3, name=FeoB_N
12:42:39.495 - INFO - CDS - pfam detected: seq=contig_1, start=89359, stop=89826, strand=+, pfam-id=PF01799.25, length=65, aa-start=83, aa-stop=146, aa-cov=0.4, hmm-cov=1.0, evalue=3.5e-20, bitscore=66.4, name=Fer2_2
12:42:39.501 - INFO - CDS - pfam detected: seq=contig_1, start=618574, stop=619656, strand=-, pfam-id=PF01794.25, length=109, aa-start=71, aa-stop=177, aa-cov=0.3, hmm-cov=1.0, evalue=2.9e-08, bitscore=28.3, name=Ferric_reduct
12:42:39.515 - INFO - CDS - pfam detected: seq=contig_1, start=934318, stop=935085, strand=-, pfam-id=PF00254.34, length=91, aa-start=160, aa-stop=244, aa-cov=0.3, hmm-cov=1.0, evalue=4.2e-27, bitscore=88.8, name=FKBP_C
12:42:39.515 - INFO - CDS - pfam detected: seq=contig_1, start=370701, stop=371231, strand=-, pfam-id=PF00254.34, length=142, aa-start=4, aa-stop=135, aa-cov=0.8, hmm-cov=0.6, evalue=1.2e-11, bitscore=39.2, name=FKBP_C
12:42:39.515 - INFO - CDS - pfam detected: seq=contig_1, start=934318, stop=935085, strand=-, pfam-id=PF01346.23, length=98, aa-start=58, aa-stop=152, aa-cov=0.4, hmm-cov=1.0, evalue=2.1e-23, bitscore=77.4, name=FKBP_N
12:42:39.522 - INFO - CDS - pfam detected: seq=contig_1, start=996634, stop=997992, strand=-, pfam-id=PF13860.12, length=68, aa-start=123, aa-stop=187, aa-cov=0.1, hmm-cov=1.0, evalue=3.6e-09, bitscore=31.0, name=FlgD_ig
12:42:39.525 - INFO - CDS - pfam detected: seq=contig_1, start=33047, stop=34069, strand=-, pfam-id=PF01706.21, length=105, aa-start=234, aa-stop=337, aa-cov=0.3, hmm-cov=1.0, evalue=1.0e-23, bitscore=78.2, name=FliG_C
12:42:39.525 - INFO - CDS - pfam detected: seq=contig_1, start=425241, stop=425693, strand=+, pfam-id=PF02050.21, length=118, aa-start=24, aa-stop=141, aa-cov=0.8, hmm-cov=1.0, evalue=5.1e-11, bitscore=37.3, name=FliJ
12:42:39.529 - INFO - CDS - pfam detected: seq=contig_1, start=618574, stop=619656, strand=-, pfam-id=PF04205.19, length=78, aa-start=284, aa-stop=356, aa-cov=0.2, hmm-cov=1.0, evalue=1.3e-13, bitscore=45.9, name=FMN_bind
12:42:39.539 - INFO - CDS - pfam detected: seq=contig_1, start=815193, stop=816152, strand=-, pfam-id=PF02911.23, length=97, aa-start=213, aa-stop=309, aa-cov=0.3, hmm-cov=1.0, evalue=2.1e-25, bitscore=83.3, name=Formyl_trans_C
12:42:39.540 - INFO - CDS - pfam detected: seq=contig_1, start=815193, stop=816152, strand=-, pfam-id=PF00551.24, length=172, aa-start=9, aa-stop=176, aa-cov=0.5, hmm-cov=0.9, evalue=7.5e-35, bitscore=114.7, name=Formyl_trans_N
12:42:39.545 - INFO - CDS - pfam detected: seq=contig_1, start=1081369, stop=1083768, strand=+, pfam-id=PF17854.6, length=98, aa-start=339, aa-stop=436, aa-cov=0.1, hmm-cov=1.0, evalue=2.6e-30, bitscore=99.1, name=FtsK_alpha
12:42:39.546 - INFO - CDS - pfam detected: seq=contig_1, start=1081369, stop=1083768, strand=+, pfam-id=PF09397.16, length=61, aa-start=738, aa-stop=798, aa-cov=0.1, hmm-cov=1.0, evalue=3.0e-31, bitscore=101.4, name=FtsK_gamma
12:42:39.547 - INFO - CDS - pfam detected: seq=contig_1, start=1081369, stop=1083768, strand=+, pfam-id=PF01580.24, length=217, aa-start=446, aa-stop=635, aa-cov=0.2, hmm-cov=1.0, evalue=3.8e-62, bitscore=204.0, name=FtsK_SpoIIIE
12:42:39.548 - INFO - CDS - pfam detected: seq=contig_1, start=1038594, stop=1039826, strand=-, pfam-id=PF02687.27, length=119, aa-start=286, aa-stop=404, aa-cov=0.3, hmm-cov=1.0, evalue=1.4e-19, bitscore=64.8, name=FtsX
12:42:39.577 - INFO - CDS - pfam detected: seq=contig_1, start=750815, stop=752197, strand=-, pfam-id=PF02263.25, length=29, aa-start=194, aa-stop=222, aa-cov=0.1, hmm-cov=1.0, evalue=1.6e-06, bitscore=21.8, name=GBP
12:42:39.588 - INFO - CDS - pfam detected: seq=contig_1, start=894122, stop=894928, strand=-, pfam-id=PF10646.14, length=114, aa-start=141, aa-stop=248, aa-cov=0.4, hmm-cov=1.0, evalue=2.1e-21, bitscore=71.1, name=Germane
12:42:39.611 - INFO - CDS - pfam detected: seq=contig_1, start=503975, stop=504679, strand=-, pfam-id=PF01182.26, length=217, aa-start=9, aa-stop=220, aa-cov=0.9, hmm-cov=1.0, evalue=4.4e-67, bitscore=220.6, name=Glucosamine_iso
12:42:39.611 - INFO - CDS - pfam detected: seq=contig_1, start=78845, stop=79117, strand=+, pfam-id=PF00462.30, length=34, aa-start=6, aa-stop=39, aa-cov=0.4, hmm-cov=1.0, evalue=1.1e-08, bitscore=29.7, name=Glutaredoxin
12:42:39.625 - INFO - CDS - pfam detected: seq=contig_1, start=377120, stop=378700, strand=-, pfam-id=PF03065.20, length=226, aa-start=10, aa-stop=223, aa-cov=0.4, hmm-cov=0.8, evalue=1.2e-19, bitscore=65.2, name=Glyco_hydro_57
12:42:39.678 - INFO - CDS - pfam detected: seq=contig_1, start=962660, stop=965356, strand=-, pfam-id=PF00009.33, length=179, aa-start=389, aa-stop=545, aa-cov=0.2, hmm-cov=1.0, evalue=4.6e-37, bitscore=121.8, name=GTP_EFTU
12:42:39.678 - INFO - CDS - pfam detected: seq=contig_1, start=750815, stop=752197, strand=-, pfam-id=PF00009.33, length=193, aa-start=197, aa-stop=367, aa-cov=0.4, hmm-cov=0.9, evalue=6.0e-22, bitscore=72.5, name=GTP_EFTU
12:42:39.679 - INFO - CDS - pfam detected: seq=contig_1, start=750815, stop=752197, strand=-, pfam-id=PF04670.18, length=148, aa-start=202, aa-stop=340, aa-cov=0.3, hmm-cov=1.0, evalue=8.9e-07, bitscore=22.9, name=Gtr1_RagA
12:42:39.681 - INFO - CDS - pfam detected: seq=contig_1, start=513002, stop=514846, strand=-, pfam-id=PF00211.25, length=180, aa-start=390, aa-stop=567, aa-cov=0.3, hmm-cov=0.9, evalue=2.5e-25, bitscore=83.5, name=Guanylate_cyc
12:42:39.693 - INFO - CDS - pfam detected: seq=contig_1, start=513002, stop=514846, strand=-, pfam-id=PF00672.30, length=51, aa-start=306, aa-stop=356, aa-cov=0.1, hmm-cov=1.0, evalue=1.0e-11, bitscore=39.4, name=HAMP
12:42:39.695 - INFO - CDS - pfam detected: seq=contig_1, start=314509, stop=316455, strand=-, pfam-id=PF02518.31, length=60, aa-start=55, aa-stop=111, aa-cov=0.1, hmm-cov=1.0, evalue=1.0e-09, bitscore=33.3, name=HATPase_c
12:42:39.696 - INFO - CDS - pfam detected: seq=contig_1, start=314509, stop=316455, strand=-, pfam-id=PF13589.12, length=100, aa-start=58, aa-stop=153, aa-cov=0.1, hmm-cov=1.0, evalue=9.8e-13, bitscore=42.7, name=HATPase_c_3
12:42:39.702 - INFO - CDS - pfam detected: seq=contig_1, start=905715, stop=907964, strand=+, pfam-id=PF13646.12, length=65, aa-start=521, aa-stop=584, aa-cov=0.1, hmm-cov=1.0, evalue=4.3e-11, bitscore=37.5, name=HEAT_2
12:42:39.707 - INFO - CDS - pfam detected: seq=contig_1, start=363248, stop=366694, strand=-, pfam-id=PF00271.37, length=107, aa-start=809, aa-stop=913, aa-cov=0.1, hmm-cov=1.0, evalue=6.6e-23, bitscore=75.5, name=Helicase_C
12:42:39.707 - INFO - CDS - pfam detected: seq=contig_1, start=111887, stop=113251, strand=+, pfam-id=PF00271.37, length=79, aa-start=364, aa-stop=441, aa-cov=0.2, hmm-cov=1.0, evalue=2.1e-09, bitscore=32.1, name=Helicase_C
12:42:39.726 - INFO - CDS - pfam detected: seq=contig_1, start=582465, stop=583148, strand=-, pfam-id=PF00633.29, length=14, aa-start=110, aa-stop=123, aa-cov=0.1, hmm-cov=1.0, evalue=2.0e-08, bitscore=28.3, name=HHH
12:42:39.726 - INFO - CDS - pfam detected: seq=contig_1, start=582465, stop=583148, strand=-, pfam-id=PF14520.12, length=59, aa-start=72, aa-stop=129, aa-cov=0.3, hmm-cov=0.9, evalue=9.3e-18, bitscore=59.0, name=HHH_5
12:42:39.735 - INFO - CDS - pfam detected: seq=contig_1, start=1126843, stop=1129221, strand=+, pfam-id=PF00403.32, length=64, aa-start=6, aa-stop=69, aa-cov=0.1, hmm-cov=0.9, evalue=1.6e-10, bitscore=35.7, name=HMA
12:42:39.755 - INFO - CDS - pfam detected: seq=contig_1, start=814451, stop=815140, strand=-, pfam-id=PF12728.13, length=47, aa-start=17, aa-stop=63, aa-cov=0.2, hmm-cov=1.0, evalue=1.1e-20, bitscore=68.1, name=HTH_17
12:42:39.756 - INFO - CDS - pfam detected: seq=contig_1, start=397049, stop=397408, strand=-, pfam-id=PF13309.12, length=61, aa-start=54, aa-stop=114, aa-cov=0.5, hmm-cov=1.0, evalue=1.1e-14, bitscore=48.7, name=HTH_22
12:42:39.770 - INFO - CDS - pfam detected: seq=contig_1, start=261486, stop=261803, strand=+, pfam-id=PF18291.6, length=77, aa-start=20, aa-stop=96, aa-cov=0.7, hmm-cov=1.0, evalue=5.8e-09, bitscore=30.5, name=HU-HIG
12:42:39.774 - INFO - CDS - pfam detected: seq=contig_1, start=1126843, stop=1129221, strand=+, pfam-id=PF00702.32, length=234, aa-start=470, aa-stop=689, aa-cov=0.3, hmm-cov=0.8, evalue=3.8e-32, bitscore=106.6, name=Hydrolase
12:42:39.774 - INFO - CDS - pfam detected: seq=contig_1, start=302353, stop=303186, strand=+, pfam-id=PF00702.32, length=49, aa-start=192, aa-stop=238, aa-cov=0.2, hmm-cov=1.0, evalue=5.6e-12, bitscore=40.8, name=Hydrolase
12:42:39.774 - INFO - CDS - pfam detected: seq=contig_1, start=302353, stop=303186, strand=+, pfam-id=PF08282.18, length=263, aa-start=9, aa-stop=270, aa-cov=0.9, hmm-cov=1.0, evalue=1.7e-64, bitscore=212.4, name=Hydrolase_3
12:42:39.774 - INFO - CDS - pfam detected: seq=contig_1, start=978976, stop=979857, strand=-, pfam-id=PF12146.15, length=232, aa-start=64, aa-stop=277, aa-cov=0.7, hmm-cov=1.0, evalue=1.9e-12, bitscore=41.4, name=Hydrolase_4
12:42:39.782 - INFO - CDS - pfam detected: seq=contig_1, start=962660, stop=965356, strand=-, pfam-id=PF11987.13, length=116, aa-start=660, aa-stop=775, aa-cov=0.1, hmm-cov=1.0, evalue=9.8e-43, bitscore=139.3, name=IF-2
12:42:39.782 - INFO - CDS - pfam detected: seq=contig_1, start=962660, stop=965356, strand=-, pfam-id=PF04760.21, length=52, aa-start=309, aa-stop=359, aa-cov=0.1, hmm-cov=1.0, evalue=5.4e-19, bitscore=62.2, name=IF2_N
12:42:39.825 - INFO - CDS - pfam detected: seq=contig_1, start=4, stop=1398, strand=+, pfam-id=PF01695.23, length=108, aa-start=155, aa-stop=262, aa-cov=0.2, hmm-cov=1.0, evalue=4.6e-08, bitscore=27.2, name=IstB_IS21
12:42:39.828 - INFO - CDS - pfam detected: seq=contig_1, start=1024513, stop=1025208, strand=-, pfam-id=PF14804.11, length=51, aa-start=5, aa-stop=52, aa-cov=0.2, hmm-cov=1.0, evalue=6.5e-13, bitscore=43.4, name=Jag_N
12:42:39.841 - INFO - CDS - pfam detected: seq=contig_1, start=1024513, stop=1025208, strand=-, pfam-id=PF07650.23, length=47, aa-start=107, aa-stop=153, aa-cov=0.2, hmm-cov=1.0, evalue=1.1e-07, bitscore=26.1, name=KH_2
12:42:39.841 - INFO - CDS - pfam detected: seq=contig_1, start=965364, stop=966821, strand=-, pfam-id=PF13184.12, length=68, aa-start=229, aa-stop=296, aa-cov=0.1, hmm-cov=1.0, evalue=3.3e-30, bitscore=98.5, name=KH_5
12:42:39.843 - INFO - CDS - pfam detected: seq=contig_1, start=750815, stop=752197, strand=-, pfam-id=PF14714.11, length=81, aa-start=375, aa-stop=454, aa-cov=0.2, hmm-cov=1.0, evalue=5.4e-26, bitscore=85.2, name=KH_dom-like
12:42:39.844 - INFO - CDS - pfam detected: seq=contig_1, start=1024513, stop=1025208, strand=-, pfam-id=PF13083.13, length=69, aa-start=86, aa-stop=153, aa-cov=0.3, hmm-cov=1.0, evalue=1.9e-11, bitscore=38.2, name=KH_KhpA-B
12:42:39.890 - INFO - CDS - pfam detected: seq=contig_1, start=261793, stop=263433, strand=+, pfam-id=PF20154.4, length=150, aa-start=34, aa-stop=173, aa-cov=0.3, hmm-cov=1.0, evalue=9.7e-19, bitscore=62.5, name=LNT_N
12:42:39.891 - INFO - CDS - pfam detected: seq=contig_1, start=849111, stop=849887, strand=-, pfam-id=PF17131.11, length=186, aa-start=70, aa-stop=254, aa-cov=0.7, hmm-cov=1.0, evalue=1.7e-53, bitscore=175.4, name=LolA_like
12:42:39.905 - INFO - CDS - pfam detected: seq=contig_1, start=227754, stop=228494, strand=+, pfam-id=PF13306.12, length=127, aa-start=80, aa-stop=206, aa-cov=0.5, hmm-cov=1.0, evalue=4.3e-51, bitscore=166.6, name=LRR_5
12:42:39.920 - INFO - CDS - pfam detected: seq=contig_1, start=468038, stop=469066, strand=+, pfam-id=PF01476.26, length=44, aa-start=113, aa-stop=156, aa-cov=0.1, hmm-cov=1.0, evalue=1.7e-31, bitscore=102.4, name=LysM
12:42:39.920 - INFO - CDS - pfam detected: seq=contig_1, start=672089, stop=673681, strand=+, pfam-id=PF01476.26, length=44, aa-start=358, aa-stop=401, aa-cov=0.1, hmm-cov=1.0, evalue=5.2e-31, bitscore=100.8, name=LysM
12:42:39.920 - INFO - CDS - pfam detected: seq=contig_1, start=49599, stop=50531, strand=+, pfam-id=PF01476.26, length=47, aa-start=262, aa-stop=308, aa-cov=0.2, hmm-cov=0.9, evalue=1.1e-13, bitscore=45.4, name=LysM
12:42:39.921 - INFO - CDS - pfam detected: seq=contig_1, start=468038, stop=469066, strand=+, pfam-id=PF23473.1, length=44, aa-start=113, aa-stop=156, aa-cov=0.1, hmm-cov=1.0, evalue=2.9e-09, bitscore=31.4, name=LysM3_LYK4_5
12:42:39.929 - INFO - CDS - pfam detected: seq=contig_1, start=1038594, stop=1039826, strand=-, pfam-id=PF12704.14, length=237, aa-start=19, aa-stop=249, aa-cov=0.6, hmm-cov=0.9, evalue=5.2e-29, bitscore=96.4, name=MacB_PCD
12:42:39.972 - INFO - CDS - pfam detected: seq=contig_1, start=1014170, stop=1014805, strand=-, pfam-id=PF00149.33, length=123, aa-start=30, aa-stop=119, aa-cov=0.4, hmm-cov=0.9, evalue=4.9e-09, bitscore=31.3, name=Metallophos
12:42:39.973 - INFO - CDS - pfam detected: seq=contig_1, start=1014170, stop=1014805, strand=-, pfam-id=PF12850.12, length=170, aa-start=29, aa-stop=184, aa-cov=0.7, hmm-cov=0.9, evalue=2.0e-23, bitscore=77.6, name=Metallophos_2
12:42:39.975 - INFO - CDS - pfam detected: seq=contig_1, start=299725, stop=302298, strand=+, pfam-id=PF08241.18, length=113, aa-start=642, aa-stop=754, aa-cov=0.1, hmm-cov=0.8, evalue=2.6e-11, bitscore=38.5, name=Methyltransf_11
12:42:39.975 - INFO - CDS - pfam detected: seq=contig_1, start=299725, stop=302298, strand=+, pfam-id=PF08242.18, length=118, aa-start=642, aa-stop=752, aa-cov=0.1, hmm-cov=0.8, evalue=5.7e-12, bitscore=40.7, name=Methyltransf_12
12:42:39.979 - INFO - CDS - pfam detected: seq=contig_1, start=299725, stop=302298, strand=+, pfam-id=PF13489.12, length=167, aa-start=635, aa-stop=799, aa-cov=0.2, hmm-cov=0.9, evalue=2.9e-24, bitscore=80.1, name=Methyltransf_23
12:42:39.979 - INFO - CDS - pfam detected: seq=contig_1, start=299725, stop=302298, strand=+, pfam-id=PF13649.12, length=114, aa-start=641, aa-stop=750, aa-cov=0.1, hmm-cov=0.9, evalue=2.4e-10, bitscore=35.5, name=Methyltransf_25
12:42:39.980 - INFO - CDS - pfam detected: seq=contig_1, start=40344, stop=41168, strand=-, pfam-id=PF04452.19, length=165, aa-start=78, aa-stop=240, aa-cov=0.6, hmm-cov=1.0, evalue=3.1e-35, bitscore=115.6, name=Methyltrans_RNA
12:42:39.982 - INFO - CDS - pfam detected: seq=contig_1, start=290069, stop=290953, strand=-, pfam-id=PF04452.19, length=195, aa-start=91, aa-stop=277, aa-cov=0.6, hmm-cov=0.8, evalue=3.8e-31, bitscore=102.3, name=Methyltrans_RNA
12:42:40.009 - INFO - CDS - pfam detected: seq=contig_1, start=87209, stop=89362, strand=+, pfam-id=PF02738.23, length=233, aa-start=123, aa-stop=350, aa-cov=0.3, hmm-cov=1.0, evalue=3.9e-28, bitscore=92.5, name=MoCoBD_1
12:42:40.015 - INFO - CDS - pfam detected: seq=contig_1, start=667816, stop=669528, strand=-, pfam-id=PF02722.21, length=205, aa-start=367, aa-stop=570, aa-cov=0.4, hmm-cov=1.0, evalue=3.6e-97, bitscore=318.4, name=MOSP_C
12:42:40.016 - INFO - CDS - pfam detected: seq=contig_1, start=327048, stop=328790, strand=+, pfam-id=PF02722.21, length=205, aa-start=377, aa-stop=580, aa-cov=0.4, hmm-cov=1.0, evalue=3.8e-97, bitscore=318.3, name=MOSP_C
12:42:40.016 - INFO - CDS - pfam detected: seq=contig_1, start=134846, stop=136093, strand=-, pfam-id=PF02722.21, length=206, aa-start=217, aa-stop=415, aa-cov=0.5, hmm-cov=1.0, evalue=6.6e-93, bitscore=304.5, name=MOSP_C
12:42:40.016 - INFO - CDS - pfam detected: seq=contig_1, start=150800, stop=152047, strand=-, pfam-id=PF02722.21, length=206, aa-start=217, aa-stop=415, aa-cov=0.5, hmm-cov=1.0, evalue=6.6e-93, bitscore=304.5, name=MOSP_C
12:42:40.016 - INFO - CDS - pfam detected: seq=contig_1, start=329624, stop=330928, strand=-, pfam-id=PF02722.21, length=206, aa-start=236, aa-stop=434, aa-cov=0.5, hmm-cov=1.0, evalue=7.3e-81, bitscore=265.2, name=MOSP_C
12:42:40.016 - INFO - CDS - pfam detected: seq=contig_1, start=149144, stop=149602, strand=-, pfam-id=PF02722.21, length=78, aa-start=23, aa-stop=100, aa-cov=0.5, hmm-cov=1.0, evalue=1.0e-35, bitscore=117.7, name=MOSP_C
12:42:40.043 - INFO - CDS - pfam detected: seq=contig_1, start=979859, stop=981457, strand=+, pfam-id=PF02875.26, length=94, aa-start=393, aa-stop=474, aa-cov=0.2, hmm-cov=1.0, evalue=2.1e-08, bitscore=29.5, name=Mur_ligase_C
12:42:40.044 - INFO - CDS - pfam detected: seq=contig_1, start=979859, stop=981457, strand=+, pfam-id=PF08245.18, length=161, aa-start=122, aa-stop=270, aa-cov=0.3, hmm-cov=0.9, evalue=8.0e-14, bitscore=46.5, name=Mur_ligase_M
12:42:40.046 - INFO - CDS - pfam detected: seq=contig_1, start=314509, stop=316455, strand=-, pfam-id=PF08676.16, length=141, aa-start=474, aa-stop=604, aa-cov=0.2, hmm-cov=1.0, evalue=3.7e-32, bitscore=105.4, name=MutL_C
12:42:40.062 - INFO - CDS - pfam detected: seq=contig_1, start=858083, stop=858874, strand=-, pfam-id=PF03446.21, length=80, aa-start=2, aa-stop=80, aa-cov=0.3, hmm-cov=0.9, evalue=1.3e-08, bitscore=29.5, name=NAD_binding_2
12:42:40.064 - INFO - CDS - pfam detected: seq=contig_1, start=464662, stop=465522, strand=+, pfam-id=PF01513.26, length=59, aa-start=46, aa-stop=104, aa-cov=0.2, hmm-cov=1.0, evalue=4.3e-15, bitscore=50.6, name=NAD_kinase
12:42:40.064 - INFO - CDS - pfam detected: seq=contig_1, start=464662, stop=465522, strand=+, pfam-id=PF20143.4, length=126, aa-start=130, aa-stop=255, aa-cov=0.4, hmm-cov=1.0, evalue=3.3e-30, bitscore=98.9, name=NAD_kinase_C
12:42:40.131 - INFO - CDS - pfam detected: seq=contig_1, start=995638, stop=996690, strand=+, pfam-id=PF12804.13, length=142, aa-start=8, aa-stop=148, aa-cov=0.4, hmm-cov=0.8, evalue=1.3e-08, bitscore=29.7, name=NTP_transf_3
12:42:40.144 - INFO - CDS - pfam detected: seq=contig_1, start=791612, stop=792232, strand=+, pfam-id=PF00293.34, length=124, aa-start=69, aa-stop=179, aa-cov=0.5, hmm-cov=0.9, evalue=9.3e-20, bitscore=65.4, name=NUDIX
12:42:40.156 - INFO - CDS - pfam detected: seq=contig_1, start=965364, stop=966821, strand=-, pfam-id=PF08529.16, length=116, aa-start=9, aa-stop=122, aa-cov=0.2, hmm-cov=1.0, evalue=1.9e-22, bitscore=74.2, name=NusA_N
12:42:40.158 - INFO - CDS - pfam detected: seq=contig_1, start=967515, stop=968537, strand=-, pfam-id=PF01936.24, length=146, aa-start=4, aa-stop=137, aa-cov=0.4, hmm-cov=1.0, evalue=1.6e-26, bitscore=87.9, name=NYN
12:42:40.174 - INFO - CDS - pfam detected: seq=contig_1, start=967515, stop=968537, strand=-, pfam-id=PF12872.13, length=55, aa-start=190, aa-stop=243, aa-cov=0.2, hmm-cov=1.0, evalue=6.2e-17, bitscore=55.7, name=OST-HTH
12:42:40.183 - INFO - CDS - pfam detected: seq=contig_1, start=858083, stop=858874, strand=-, pfam-id=PF14748.11, length=97, aa-start=165, aa-stop=261, aa-cov=0.4, hmm-cov=1.0, evalue=1.6e-35, bitscore=116.0, name=P5CR_dimer
12:42:40.208 - INFO - CDS - pfam detected: seq=contig_1, start=322109, stop=323137, strand=+, pfam-id=PF03793.24, length=62, aa-start=40, aa-stop=100, aa-cov=0.2, hmm-cov=1.0, evalue=2.2e-22, bitscore=73.3, name=PASTA
12:42:40.236 - INFO - CDS - pfam detected: seq=contig_1, start=835455, stop=836687, strand=-, pfam-id=PF00595.29, length=36, aa-start=357, aa-stop=392, aa-cov=0.1, hmm-cov=1.0, evalue=4.7e-08, bitscore=27.8, name=PDZ
12:42:40.236 - INFO - CDS - pfam detected: seq=contig_1, start=835455, stop=836687, strand=-, pfam-id=PF13180.12, length=88, aa-start=316, aa-stop=403, aa-cov=0.2, hmm-cov=0.8, evalue=1.3e-13, bitscore=45.5, name=PDZ_2
12:42:40.237 - INFO - CDS - pfam detected: seq=contig_1, start=835455, stop=836687, strand=-, pfam-id=PF17820.7, length=37, aa-start=357, aa-stop=393, aa-cov=0.1, hmm-cov=1.0, evalue=2.8e-10, bitscore=34.3, name=PDZ_6
12:42:40.254 - INFO - CDS - pfam detected: seq=contig_1, start=762218, stop=763450, strand=-, pfam-id=PF01551.29, length=95, aa-start=275, aa-stop=369, aa-cov=0.2, hmm-cov=1.0, evalue=1.2e-29, bitscore=96.8, name=Peptidase_M23
12:42:40.254 - INFO - CDS - pfam detected: seq=contig_1, start=468038, stop=469066, strand=+, pfam-id=PF01551.29, length=94, aa-start=242, aa-stop=335, aa-cov=0.3, hmm-cov=1.0, evalue=7.8e-20, bitscore=65.4, name=Peptidase_M23
12:42:40.257 - INFO - CDS - pfam detected: seq=contig_1, start=1001604, stop=1003439, strand=-, pfam-id=PF10502.14, length=143, aa-start=156, aa-stop=298, aa-cov=0.2, hmm-cov=0.7, evalue=4.4e-30, bitscore=99.2, name=Peptidase_S26
12:42:40.257 - INFO - CDS - pfam detected: seq=contig_1, start=199639, stop=200346, strand=+, pfam-id=PF10502.14, length=204, aa-start=27, aa-stop=226, aa-cov=0.9, hmm-cov=0.8, evalue=1.2e-25, bitscore=84.9, name=Peptidase_S26
12:42:40.257 - INFO - CDS - pfam detected: seq=contig_1, start=749801, stop=750793, strand=-, pfam-id=PF02016.21, length=123, aa-start=12, aa-stop=131, aa-cov=0.4, hmm-cov=1.0, evalue=1.0e-35, bitscore=117.0, name=Peptidase_S66
12:42:40.257 - INFO - CDS - pfam detected: seq=contig_1, start=749801, stop=750793, strand=-, pfam-id=PF17676.7, length=120, aa-start=197, aa-stop=310, aa-cov=0.3, hmm-cov=1.0, evalue=1.5e-29, bitscore=97.5, name=Peptidase_S66C
12:42:40.258 - INFO - CDS - pfam detected: seq=contig_1, start=1097719, stop=1098327, strand=-, pfam-id=PF01195.25, length=177, aa-start=5, aa-stop=181, aa-cov=0.9, hmm-cov=1.0, evalue=2.0e-55, bitscore=181.9, name=Pept_tRNA_hydro
12:42:40.270 - INFO - CDS - pfam detected: seq=contig_1, start=435702, stop=437600, strand=-, pfam-id=PF02878.22, length=112, aa-start=52, aa-stop=161, aa-cov=0.2, hmm-cov=1.0, evalue=4.4e-24, bitscore=79.2, name=PGM_PMM_I
12:42:40.271 - INFO - CDS - pfam detected: seq=contig_1, start=435702, stop=437600, strand=-, pfam-id=PF02880.22, length=89, aa-start=364, aa-stop=452, aa-cov=0.1, hmm-cov=0.9, evalue=1.5e-07, bitscore=26.0, name=PGM_PMM_III
12:42:40.339 - INFO - CDS - pfam detected: seq=contig_1, start=741700, stop=742833, strand=+, pfam-id=PF00348.22, length=255, aa-start=56, aa-stop=305, aa-cov=0.7, hmm-cov=0.9, evalue=2.1e-52, bitscore=172.2, name=polyprenyl_synt
12:42:40.345 - INFO - CDS - pfam detected: seq=contig_1, start=409468, stop=410283, strand=+, pfam-id=PF08478.15, length=67, aa-start=57, aa-stop=123, aa-cov=0.2, hmm-cov=1.0, evalue=1.3e-18, bitscore=61.5, name=POTRA_1
12:42:40.353 - INFO - CDS - pfam detected: seq=contig_1, start=516527, stop=518548, strand=-, pfam-id=PF13360.12, length=199, aa-start=185, aa-stop=373, aa-cov=0.3, hmm-cov=0.7, evalue=4.1e-09, bitscore=30.8, name=PQQ_2
12:42:40.354 - INFO - CDS - pfam detected: seq=contig_1, start=982337, stop=982873, strand=+, pfam-id=PF24986.1, length=65, aa-start=112, aa-stop=175, aa-cov=0.4, hmm-cov=1.0, evalue=2.3e-12, bitscore=40.9, name=PRC_RimM
12:42:40.358 - INFO - CDS - pfam detected: seq=contig_1, start=58914, stop=59522, strand=-, pfam-id=PF00156.33, length=44, aa-start=91, aa-stop=134, aa-cov=0.2, hmm-cov=1.0, evalue=1.2e-08, bitscore=28.8, name=Pribosyltran
12:42:40.361 - INFO - CDS - pfam detected: seq=contig_1, start=60699, stop=61766, strand=+, pfam-id=PF17827.6, length=61, aa-start=34, aa-stop=91, aa-cov=0.2, hmm-cov=1.0, evalue=8.8e-10, bitscore=33.5, name=PrmC_N
12:42:40.382 - INFO - CDS - pfam detected: seq=contig_1, start=638182, stop=638448, strand=-, pfam-id=PF00381.24, length=79, aa-start=4, aa-stop=82, aa-cov=0.9, hmm-cov=1.0, evalue=2.1e-31, bitscore=102.3, name=PTS-HPr
12:42:40.382 - INFO - CDS - pfam detected: seq=contig_1, start=814451, stop=815140, strand=-, pfam-id=PF00359.27, length=142, aa-start=85, aa-stop=225, aa-cov=0.6, hmm-cov=1.0, evalue=1.4e-27, bitscore=90.8, name=PTS_EIIA_2
12:42:40.382 - INFO - CDS - pfam detected: seq=contig_1, start=290069, stop=290953, strand=-, pfam-id=PF20260.4, length=38, aa-start=33, aa-stop=70, aa-cov=0.1, hmm-cov=1.0, evalue=1.4e-08, bitscore=29.2, name=PUA_4
12:42:40.383 - INFO - CDS - pfam detected: seq=contig_1, start=40344, stop=41168, strand=-, pfam-id=PF20260.4, length=46, aa-start=21, aa-stop=66, aa-cov=0.2, hmm-cov=1.0, evalue=9.6e-08, bitscore=26.5, name=PUA_4
12:42:40.394 - INFO - CDS - pfam detected: seq=contig_1, start=1024513, stop=1025208, strand=-, pfam-id=PF01424.28, length=60, aa-start=166, aa-stop=225, aa-cov=0.3, hmm-cov=1.0, evalue=2.1e-18, bitscore=60.6, name=R3H
12:42:40.398 - INFO - CDS - pfam detected: seq=contig_1, start=813039, stop=814376, strand=-, pfam-id=PF04055.27, length=195, aa-start=145, aa-stop=322, aa-cov=0.4, hmm-cov=0.8, evalue=5.2e-29, bitscore=96.0, name=Radical_SAM
12:42:40.398 - INFO - CDS - pfam detected: seq=contig_1, start=283113, stop=284561, strand=+, pfam-id=PF04055.27, length=172, aa-start=207, aa-stop=374, aa-cov=0.3, hmm-cov=1.0, evalue=1.8e-24, bitscore=81.2, name=Radical_SAM
12:42:40.398 - INFO - CDS - pfam detected: seq=contig_1, start=74110, stop=75132, strand=+, pfam-id=PF04055.27, length=165, aa-start=107, aa-stop=266, aa-cov=0.5, hmm-cov=1.0, evalue=2.5e-17, bitscore=57.9, name=Radical_SAM
12:42:40.402 - INFO - CDS - pfam detected: seq=contig_1, start=750815, stop=752197, strand=-, pfam-id=PF00071.28, length=174, aa-start=200, aa-stop=365, aa-cov=0.4, hmm-cov=0.9, evalue=6.9e-12, bitscore=39.7, name=Ras
12:42:40.417 - INFO - CDS - pfam detected: seq=contig_1, start=582465, stop=583148, strand=-, pfam-id=PF21176.3, length=19, aa-start=109, aa-stop=127, aa-cov=0.1, hmm-cov=1.0, evalue=8.0e-09, bitscore=29.7, name=RecR_HhH
12:42:40.417 - INFO - CDS - pfam detected: seq=contig_1, start=1111749, stop=1112447, strand=-, pfam-id=PF21982.2, length=32, aa-start=84, aa-stop=115, aa-cov=0.1, hmm-cov=1.0, evalue=4.4e-13, bitscore=43.5, name=RecX_HTH1
12:42:40.417 - INFO - CDS - pfam detected: seq=contig_1, start=1111749, stop=1112447, strand=-, pfam-id=PF02631.22, length=42, aa-start=126, aa-stop=167, aa-cov=0.2, hmm-cov=1.0, evalue=6.6e-14, bitscore=46.4, name=RecX_HTH2
12:42:40.418 - INFO - CDS - pfam detected: seq=contig_1, start=108422, stop=109024, strand=+, pfam-id=PF08534.16, length=114, aa-start=81, aa-stop=184, aa-cov=0.5, hmm-cov=1.0, evalue=2.7e-23, bitscore=76.8, name=Redoxin
12:42:40.422 - INFO - CDS - pfam detected: seq=contig_1, start=683716, stop=684990, strand=+, pfam-id=PF00072.30, length=108, aa-start=30, aa-stop=137, aa-cov=0.3, hmm-cov=1.0, evalue=1.5e-26, bitscore=87.2, name=Response_reg
12:42:40.439 - INFO - CDS - pfam detected: seq=contig_1, start=392614, stop=393204, strand=+, pfam-id=PF01386.24, length=88, aa-start=6, aa-stop=93, aa-cov=0.4, hmm-cov=0.9, evalue=2.0e-21, bitscore=70.7, name=Ribosomal_L25p
12:42:40.440 - INFO - CDS - pfam detected: seq=contig_1, start=213661, stop=213774, strand=+, pfam-id=PF00444.23, length=38, aa-start=1, aa-stop=37, aa-cov=1.0, hmm-cov=1.0, evalue=6.8e-20, bitscore=65.4, name=Ribosomal_L36
12:42:40.442 - INFO - CDS - pfam detected: seq=contig_1, start=69271, stop=69741, strand=-, pfam-id=PF03948.19, length=85, aa-start=64, aa-stop=146, aa-cov=0.5, hmm-cov=1.0, evalue=3.4e-22, bitscore=73.2, name=Ribosomal_L9_C
12:42:40.442 - INFO - CDS - pfam detected: seq=contig_1, start=69271, stop=69741, strand=-, pfam-id=PF01281.25, length=45, aa-start=1, aa-stop=45, aa-cov=0.3, hmm-cov=1.0, evalue=1.3e-20, bitscore=67.2, name=Ribosomal_L9_N
12:42:40.445 - INFO - CDS - pfam detected: seq=contig_1, start=70802, stop=71083, strand=-, pfam-id=PF01250.22, length=90, aa-start=3, aa-stop=90, aa-cov=0.9, hmm-cov=1.0, evalue=2.0e-19, bitscore=64.1, name=Ribosomal_S6
12:42:40.446 - INFO - CDS - pfam detected: seq=contig_1, start=392614, stop=393204, strand=+, pfam-id=PF14693.11, length=80, aa-start=102, aa-stop=181, aa-cov=0.4, hmm-cov=1.0, evalue=1.1e-20, bitscore=68.2, name=Ribosomal_TL5_C
12:42:40.451 - INFO - CDS - pfam detected: seq=contig_1, start=982337, stop=982873, strand=+, pfam-id=PF01782.24, length=93, aa-start=6, aa-stop=98, aa-cov=0.5, hmm-cov=0.9, evalue=6.9e-14, bitscore=46.4, name=RimM
12:42:40.452 - INFO - CDS - pfam detected: seq=contig_1, start=966871, stop=967341, strand=-, pfam-id=PF02576.22, length=77, aa-start=14, aa-stop=89, aa-cov=0.5, hmm-cov=0.9, evalue=3.3e-13, bitscore=44.3, name=RimP_N
12:42:40.456 - INFO - CDS - pfam detected: seq=contig_1, start=74110, stop=75132, strand=+, pfam-id=PF21016.3, length=40, aa-start=23, aa-stop=61, aa-cov=0.1, hmm-cov=1.0, evalue=1.3e-10, bitscore=35.4, name=RlmN_N
12:42:40.462 - INFO - CDS - pfam detected: seq=contig_1, start=750815, stop=752197, strand=-, pfam-id=PF00910.28, length=21, aa-start=202, aa-stop=222, aa-cov=0.0, hmm-cov=1.0, evalue=1.6e-06, bitscore=23.1, name=RNA_helicase
12:42:40.462 - INFO - CDS - pfam detected: seq=contig_1, start=4, stop=1398, strand=+, pfam-id=PF00910.28, length=93, aa-start=156, aa-stop=244, aa-cov=0.2, hmm-cov=0.8, evalue=2.4e-06, bitscore=22.5, name=RNA_helicase
12:42:40.470 - INFO - CDS - pfam detected: seq=contig_1, start=750815, stop=752197, strand=-, pfam-id=PF08477.19, length=70, aa-start=22, aa-stop=82, aa-cov=0.1, hmm-cov=1.0, evalue=6.3e-10, bitscore=33.8, name=Roc
12:42:40.472 - INFO - CDS - pfam detected: seq=contig_1, start=1003979, stop=1005448, strand=+, pfam-id=PF13145.12, length=128, aa-start=193, aa-stop=311, aa-cov=0.2, hmm-cov=0.9, evalue=3.0e-08, bitscore=28.9, name=Rotamase_2
12:42:40.483 - INFO - CDS - pfam detected: seq=contig_1, start=356443, stop=357300, strand=+, pfam-id=PF00398.26, length=264, aa-start=22, aa-stop=278, aa-cov=0.9, hmm-cov=1.0, evalue=6.7e-42, bitscore=137.8, name=RrnaAD
12:42:40.485 - INFO - CDS - pfam detected: seq=contig_1, start=750815, stop=752197, strand=-, pfam-id=PF03193.22, length=61, aa-start=23, aa-stop=79, aa-cov=0.1, hmm-cov=1.0, evalue=3.7e-12, bitscore=40.8, name=RsgA_GTPase
12:42:40.492 - INFO - CDS - pfam detected: seq=contig_1, start=1072020, stop=1072166, strand=+, pfam-id=PF00301.25, length=45, aa-start=1, aa-stop=45, aa-cov=0.9, hmm-cov=1.0, evalue=3.5e-24, bitscore=79.1, name=Rubredoxin
12:42:40.493 - INFO - CDS - pfam detected: seq=contig_1, start=582465, stop=583148, strand=-, pfam-id=PF01330.27, length=62, aa-start=1, aa-stop=62, aa-cov=0.3, hmm-cov=1.0, evalue=5.2e-16, bitscore=53.0, name=RuvA_N
12:42:40.493 - INFO - CDS - pfam detected: seq=contig_1, start=1088554, stop=1090272, strand=-, pfam-id=PF05496.18, length=69, aa-start=11, aa-stop=75, aa-cov=0.1, hmm-cov=1.0, evalue=3.5e-08, bitscore=27.8, name=RuvB_N
12:42:40.508 - INFO - CDS - pfam detected: seq=contig_1, start=52684, stop=54576, strand=+, pfam-id=PF13932.14, length=56, aa-start=570, aa-stop=625, aa-cov=0.1, hmm-cov=1.0, evalue=1.4e-21, bitscore=70.5, name=SAM_GIDA_C
12:42:40.521 - INFO - CDS - pfam detected: seq=contig_1, start=324375, stop=324959, strand=+, pfam-id=PF00497.25, length=187, aa-start=1, aa-stop=186, aa-cov=1.0, hmm-cov=0.5, evalue=9.3e-18, bitscore=58.7, name=SBP_bac_3
12:42:40.551 - INFO - CDS - pfam detected: seq=contig_1, start=269406, stop=270686, strand=-, pfam-id=PF08239.17, length=66, aa-start=91, aa-stop=156, aa-cov=0.2, hmm-cov=0.8, evalue=1.2e-11, bitscore=39.1, name=SH3_3
12:42:40.565 - INFO - CDS - pfam detected: seq=contig_1, start=1098362, stop=1099252, strand=-, pfam-id=PF04542.20, length=70, aa-start=49, aa-stop=118, aa-cov=0.2, hmm-cov=1.0, evalue=3.4e-20, bitscore=66.1, name=Sigma70_r2
12:42:40.565 - INFO - CDS - pfam detected: seq=contig_1, start=1098362, stop=1099252, strand=-, pfam-id=PF04545.22, length=52, aa-start=232, aa-stop=283, aa-cov=0.2, hmm-cov=0.9, evalue=1.1e-17, bitscore=57.7, name=Sigma70_r4
12:42:40.575 - INFO - CDS - pfam detected: seq=contig_1, start=672089, stop=673681, strand=+, pfam-id=PF01464.25, length=113, aa-start=131, aa-stop=242, aa-cov=0.2, hmm-cov=1.0, evalue=3.7e-32, bitscore=104.8, name=SLT
12:42:40.582 - INFO - CDS - pfam detected: seq=contig_1, start=734709, stop=735317, strand=+, pfam-id=PF01713.27, length=81, aa-start=116, aa-stop=196, aa-cov=0.4, hmm-cov=1.0, evalue=8.1e-23, bitscore=74.9, name=Smr
12:42:40.608 - INFO - CDS - pfam detected: seq=contig_1, start=308766, stop=309539, strand=+, pfam-id=PF05036.18, length=73, aa-start=178, aa-stop=250, aa-cov=0.3, hmm-cov=1.0, evalue=2.9e-16, bitscore=54.0, name=SPOR
12:42:40.609 - INFO - CDS - pfam detected: seq=contig_1, start=63062, stop=64021, strand=+, pfam-id=PF08032.17, length=75, aa-start=28, aa-stop=101, aa-cov=0.2, hmm-cov=1.0, evalue=2.9e-17, bitscore=57.3, name=SpoU_sub_bind
12:42:40.621 - INFO - CDS - pfam detected: seq=contig_1, start=626133, stop=627014, strand=+, pfam-id=PF00448.28, length=200, aa-start=90, aa-stop=289, aa-cov=0.7, hmm-cov=1.0, evalue=1.5e-69, bitscore=228.0, name=SRP54
12:42:40.621 - INFO - CDS - pfam detected: seq=contig_1, start=626133, stop=627014, strand=+, pfam-id=PF02881.24, length=73, aa-start=6, aa-stop=70, aa-cov=0.2, hmm-cov=1.0, evalue=7.2e-10, bitscore=33.5, name=SRP54_N
12:42:40.622 - INFO - CDS - pfam detected: seq=contig_1, start=750815, stop=752197, strand=-, pfam-id=PF09439.16, length=114, aa-start=21, aa-stop=129, aa-cov=0.2, hmm-cov=0.8, evalue=4.8e-08, bitscore=27.0, name=SRPRB
12:42:40.623 - INFO - CDS - pfam detected: seq=contig_1, start=324982, stop=325344, strand=+, pfam-id=PF00436.31, length=103, aa-start=4, aa-stop=103, aa-cov=0.8, hmm-cov=1.0, evalue=1.4e-23, bitscore=77.4, name=SSB
12:42:40.629 - INFO - CDS - pfam detected: seq=contig_1, start=224572, stop=224748, strand=+, pfam-id=PF01740.26, length=55, aa-start=2, aa-stop=56, aa-cov=0.9, hmm-cov=1.0, evalue=8.8e-13, bitscore=42.4, name=STAS
12:42:40.642 - INFO - CDS - pfam detected: seq=contig_1, start=443770, stop=444522, strand=+, pfam-id=PF01975.23, length=194, aa-start=3, aa-stop=188, aa-cov=0.7, hmm-cov=1.0, evalue=1.4e-51, bitscore=169.4, name=SurE
12:42:40.673 - INFO - CDS - pfam detected: seq=contig_1, start=1073938, stop=1074753, strand=+, pfam-id=PF01026.27, length=225, aa-start=28, aa-stop=250, aa-cov=0.8, hmm-cov=0.9, evalue=1.1e-48, bitscore=160.2, name=TatD_DNase
12:42:40.716 - INFO - CDS - pfam detected: seq=contig_1, start=108422, stop=109024, strand=+, pfam-id=PF00085.26, length=65, aa-start=86, aa-stop=150, aa-cov=0.3, hmm-cov=1.0, evalue=7.6e-10, bitscore=33.2, name=Thioredoxin
12:42:40.717 - INFO - CDS - pfam detected: seq=contig_1, start=108422, stop=109024, strand=+, pfam-id=PF13098.12, length=107, aa-start=84, aa-stop=187, aa-cov=0.5, hmm-cov=0.9, evalue=1.0e-10, bitscore=36.3, name=Thioredoxin_2
12:42:40.718 - INFO - CDS - pfam detected: seq=contig_1, start=108422, stop=109024, strand=+, pfam-id=PF13905.12, length=94, aa-start=85, aa-stop=175, aa-cov=0.5, hmm-cov=1.0, evalue=1.5e-14, bitscore=48.6, name=Thioredoxin_8
12:42:40.721 - INFO - CDS - pfam detected: seq=contig_1, start=374776, stop=375402, strand=+, pfam-id=PF02223.23, length=193, aa-start=10, aa-stop=197, aa-cov=0.9, hmm-cov=1.0, evalue=1.8e-45, bitscore=149.3, name=Thymidylate_kin
12:42:40.788 - INFO - CDS - pfam detected: seq=contig_1, start=605990, stop=606841, strand=-, pfam-id=PF04536.20, length=107, aa-start=74, aa-stop=180, aa-cov=0.4, hmm-cov=1.0, evalue=1.7e-30, bitscore=100.0, name=TPM_phosphatase
12:42:40.790 - INFO - CDS - pfam detected: seq=contig_1, start=1030458, stop=1031894, strand=-, pfam-id=PF00515.34, length=32, aa-start=286, aa-stop=317, aa-cov=0.1, hmm-cov=1.0, evalue=1.9e-29, bitscore=94.8, name=TPR_1
12:42:40.790 - INFO - CDS - pfam detected: seq=contig_1, start=492928, stop=494880, strand=-, pfam-id=PF00515.34, length=32, aa-start=502, aa-stop=533, aa-cov=0.0, hmm-cov=1.0, evalue=3.3e-27, bitscore=87.7, name=TPR_1
12:42:40.790 - INFO - CDS - pfam detected: seq=contig_1, start=494873, stop=495718, strand=-, pfam-id=PF00515.34, length=30, aa-start=111, aa-stop=140, aa-cov=0.1, hmm-cov=1.0, evalue=3.8e-17, bitscore=55.9, name=TPR_1
12:42:40.790 - INFO - CDS - pfam detected: seq=contig_1, start=487580, stop=488200, strand=+, pfam-id=PF00515.34, length=31, aa-start=128, aa-stop=158, aa-cov=0.2, hmm-cov=1.0, evalue=7.5e-15, bitscore=48.6, name=TPR_1
12:42:40.790 - INFO - CDS - pfam detected: seq=contig_1, start=413749, stop=414501, strand=+, pfam-id=PF00515.34, length=26, aa-start=193, aa-stop=218, aa-cov=0.1, hmm-cov=1.0, evalue=1.4e-14, bitscore=47.8, name=TPR_1
12:42:40.790 - INFO - CDS - pfam detected: seq=contig_1, start=1030458, stop=1031894, strand=-, pfam-id=PF13374.12, length=24, aa-start=187, aa-stop=210, aa-cov=0.1, hmm-cov=1.0, evalue=3.7e-09, bitscore=30.8, name=TPR_10
12:42:40.791 - INFO - CDS - pfam detected: seq=contig_1, start=492928, stop=494880, strand=-, pfam-id=PF13414.12, length=39, aa-start=509, aa-stop=547, aa-cov=0.1, hmm-cov=1.0, evalue=5.7e-24, bitscore=78.0, name=TPR_11
12:42:40.791 - INFO - CDS - pfam detected: seq=contig_1, start=1030458, stop=1031894, strand=-, pfam-id=PF13414.12, length=42, aa-start=155, aa-stop=196, aa-cov=0.1, hmm-cov=1.0, evalue=2.6e-23, bitscore=75.9, name=TPR_11
12:42:40.791 - INFO - CDS - pfam detected: seq=contig_1, start=487580, stop=488200, strand=+, pfam-id=PF13414.12, length=37, aa-start=101, aa-stop=137, aa-cov=0.2, hmm-cov=1.0, evalue=4.4e-12, bitscore=40.0, name=TPR_11
12:42:40.792 - INFO - CDS - pfam detected: seq=contig_1, start=413749, stop=414501, strand=+, pfam-id=PF13414.12, length=18, aa-start=199, aa-stop=216, aa-cov=0.1, hmm-cov=1.0, evalue=1.3e-10, bitscore=35.3, name=TPR_11
12:42:40.792 - INFO - CDS - pfam detected: seq=contig_1, start=494873, stop=495718, strand=-, pfam-id=PF13414.12, length=37, aa-start=114, aa-stop=150, aa-cov=0.1, hmm-cov=1.0, evalue=3.6e-09, bitscore=30.7, name=TPR_11
12:42:40.793 - INFO - CDS - pfam detected: seq=contig_1, start=1030458, stop=1031894, strand=-, pfam-id=PF13424.12, length=52, aa-start=323, aa-stop=372, aa-cov=0.1, hmm-cov=1.0, evalue=2.4e-21, bitscore=70.2, name=TPR_12
12:42:40.793 - INFO - CDS - pfam detected: seq=contig_1, start=492928, stop=494880, strand=-, pfam-id=PF13424.12, length=69, aa-start=362, aa-stop=428, aa-cov=0.1, hmm-cov=1.0, evalue=1.1e-17, bitscore=58.5, name=TPR_12
12:42:40.793 - INFO - CDS - pfam detected: seq=contig_1, start=487580, stop=488200, strand=+, pfam-id=PF13424.12, length=61, aa-start=127, aa-stop=179, aa-cov=0.3, hmm-cov=1.0, evalue=4.0e-15, bitscore=50.3, name=TPR_12
12:42:40.793 - INFO - CDS - pfam detected: seq=contig_1, start=413749, stop=414501, strand=+, pfam-id=PF13424.12, length=29, aa-start=189, aa-stop=217, aa-cov=0.1, hmm-cov=1.0, evalue=2.1e-11, bitscore=38.4, name=TPR_12
12:42:40.793 - INFO - CDS - pfam detected: seq=contig_1, start=295637, stop=296356, strand=+, pfam-id=PF13424.12, length=68, aa-start=116, aa-stop=178, aa-cov=0.3, hmm-cov=1.0, evalue=6.3e-10, bitscore=33.6, name=TPR_12
12:42:40.793 - INFO - CDS - pfam detected: seq=contig_1, start=492928, stop=494880, strand=-, pfam-id=PF13428.12, length=38, aa-start=576, aa-stop=613, aa-cov=0.1, hmm-cov=1.0, evalue=1.8e-20, bitscore=66.1, name=TPR_14
12:42:40.793 - INFO - CDS - pfam detected: seq=contig_1, start=1030458, stop=1031894, strand=-, pfam-id=PF13428.12, length=31, aa-start=287, aa-stop=317, aa-cov=0.1, hmm-cov=1.0, evalue=4.2e-20, bitscore=64.9, name=TPR_14
12:42:40.793 - INFO - CDS - pfam detected: seq=contig_1, start=487580, stop=488200, strand=+, pfam-id=PF13428.12, length=41, aa-start=128, aa-stop=168, aa-cov=0.2, hmm-cov=1.0, evalue=1.6e-11, bitscore=38.4, name=TPR_14
12:42:40.793 - INFO - CDS - pfam detected: seq=contig_1, start=413749, stop=414501, strand=+, pfam-id=PF13428.12, length=33, aa-start=192, aa-stop=224, aa-cov=0.1, hmm-cov=1.0, evalue=1.4e-09, bitscore=32.4, name=TPR_14
12:42:40.793 - INFO - CDS - pfam detected: seq=contig_1, start=473352, stop=473942, strand=+, pfam-id=PF13428.12, length=41, aa-start=32, aa-stop=71, aa-cov=0.2, hmm-cov=1.0, evalue=4.9e-09, bitscore=30.7, name=TPR_14
12:42:40.793 - INFO - CDS - pfam detected: seq=contig_1, start=1030458, stop=1031894, strand=-, pfam-id=PF13432.12, length=61, aa-start=153, aa-stop=213, aa-cov=0.1, hmm-cov=1.0, evalue=1.8e-30, bitscore=99.5, name=TPR_16
12:42:40.793 - INFO - CDS - pfam detected: seq=contig_1, start=492928, stop=494880, strand=-, pfam-id=PF13432.12, length=60, aa-start=475, aa-stop=534, aa-cov=0.1, hmm-cov=1.0, evalue=1.2e-26, bitscore=87.2, name=TPR_16
12:42:40.793 - INFO - CDS - pfam detected: seq=contig_1, start=494873, stop=495718, strand=-, pfam-id=PF13432.12, length=64, aa-start=111, aa-stop=174, aa-cov=0.2, hmm-cov=1.0, evalue=2.8e-14, bitscore=47.8, name=TPR_16
12:42:40.793 - INFO - CDS - pfam detected: seq=contig_1, start=487580, stop=488200, strand=+, pfam-id=PF13432.12, length=52, aa-start=140, aa-stop=190, aa-cov=0.2, hmm-cov=1.0, evalue=4.0e-13, bitscore=44.0, name=TPR_16
12:42:40.793 - INFO - CDS - pfam detected: seq=contig_1, start=295637, stop=296356, strand=+, pfam-id=PF13432.12, length=58, aa-start=159, aa-stop=216, aa-cov=0.2, hmm-cov=1.0, evalue=1.3e-09, bitscore=32.8, name=TPR_16
12:42:40.793 - INFO - CDS - pfam detected: seq=contig_1, start=492928, stop=494880, strand=-, pfam-id=PF13431.12, length=33, aa-start=422, aa-stop=454, aa-cov=0.1, hmm-cov=1.0, evalue=9.5e-23, bitscore=73.2, name=TPR_17
12:42:40.793 - INFO - CDS - pfam detected: seq=contig_1, start=487580, stop=488200, strand=+, pfam-id=PF13431.12, length=33, aa-start=114, aa-stop=146, aa-cov=0.2, hmm-cov=1.0, evalue=2.2e-20, bitscore=65.8, name=TPR_17
12:42:40.794 - INFO - CDS - pfam detected: seq=contig_1, start=1030458, stop=1031894, strand=-, pfam-id=PF13431.12, length=30, aa-start=240, aa-stop=269, aa-cov=0.1, hmm-cov=1.0, evalue=9.3e-19, bitscore=60.7, name=TPR_17
12:42:40.794 - INFO - CDS - pfam detected: seq=contig_1, start=494873, stop=495718, strand=-, pfam-id=PF13431.12, length=31, aa-start=63, aa-stop=93, aa-cov=0.1, hmm-cov=1.0, evalue=6.2e-08, bitscore=27.0, name=TPR_17
12:42:40.794 - INFO - CDS - pfam detected: seq=contig_1, start=1030458, stop=1031894, strand=-, pfam-id=PF14559.12, length=59, aa-start=195, aa-stop=253, aa-cov=0.1, hmm-cov=1.0, evalue=3.5e-29, bitscore=95.4, name=TPR_19
12:42:40.794 - INFO - CDS - pfam detected: seq=contig_1, start=492928, stop=494880, strand=-, pfam-id=PF14559.12, length=67, aa-start=581, aa-stop=647, aa-cov=0.1, hmm-cov=1.0, evalue=1.1e-26, bitscore=87.4, name=TPR_19
12:42:40.794 - INFO - CDS - pfam detected: seq=contig_1, start=487580, stop=488200, strand=+, pfam-id=PF14559.12, length=43, aa-start=138, aa-stop=180, aa-cov=0.2, hmm-cov=1.0, evalue=2.9e-12, bitscore=41.2, name=TPR_19
12:42:40.794 - INFO - CDS - pfam detected: seq=contig_1, start=413749, stop=414501, strand=+, pfam-id=PF14559.12, length=53, aa-start=169, aa-stop=221, aa-cov=0.2, hmm-cov=1.0, evalue=2.7e-11, bitscore=38.1, name=TPR_19
12:42:40.794 - INFO - CDS - pfam detected: seq=contig_1, start=494873, stop=495718, strand=-, pfam-id=PF14559.12, length=52, aa-start=48, aa-stop=99, aa-cov=0.2, hmm-cov=1.0, evalue=1.3e-10, bitscore=36.0, name=TPR_19
12:42:40.794 - INFO - CDS - pfam detected: seq=contig_1, start=473352, stop=473942, strand=+, pfam-id=PF14559.12, length=49, aa-start=108, aa-stop=156, aa-cov=0.2, hmm-cov=1.0, evalue=9.2e-10, bitscore=33.2, name=TPR_19
12:42:40.794 - INFO - CDS - pfam detected: seq=contig_1, start=492928, stop=494880, strand=-, pfam-id=PF07719.23, length=32, aa-start=503, aa-stop=534, aa-cov=0.0, hmm-cov=1.0, evalue=3.9e-33, bitscore=105.4, name=TPR_2
12:42:40.794 - INFO - CDS - pfam detected: seq=contig_1, start=1030458, stop=1031894, strand=-, pfam-id=PF07719.23, length=33, aa-start=285, aa-stop=317, aa-cov=0.1, hmm-cov=1.0, evalue=7.6e-32, bitscore=101.4, name=TPR_2
12:42:40.794 - INFO - CDS - pfam detected: seq=contig_1, start=487580, stop=488200, strand=+, pfam-id=PF07719.23, length=31, aa-start=128, aa-stop=158, aa-cov=0.2, hmm-cov=1.0, evalue=5.7e-21, bitscore=67.5, name=TPR_2
12:42:40.794 - INFO - CDS - pfam detected: seq=contig_1, start=494873, stop=495718, strand=-, pfam-id=PF07719.23, length=29, aa-start=109, aa-stop=137, aa-cov=0.1, hmm-cov=1.0, evalue=5.9e-16, bitscore=51.9, name=TPR_2
12:42:40.794 - INFO - CDS - pfam detected: seq=contig_1, start=413749, stop=414501, strand=+, pfam-id=PF07719.23, length=26, aa-start=193, aa-stop=218, aa-cov=0.1, hmm-cov=1.0, evalue=3.1e-14, bitscore=46.5, name=TPR_2
12:42:40.794 - INFO - CDS - pfam detected: seq=contig_1, start=295637, stop=296356, strand=+, pfam-id=PF07719.23, length=27, aa-start=151, aa-stop=177, aa-cov=0.1, hmm-cov=1.0, evalue=1.2e-08, bitscore=29.0, name=TPR_2
12:42:40.795 - INFO - CDS - pfam detected: seq=contig_1, start=1030458, stop=1031894, strand=-, pfam-id=PF13174.12, length=28, aa-start=289, aa-stop=316, aa-cov=0.1, hmm-cov=1.0, evalue=1.4e-16, bitscore=54.5, name=TPR_6
12:42:40.795 - INFO - CDS - pfam detected: seq=contig_1, start=413749, stop=414501, strand=+, pfam-id=PF13174.12, length=31, aa-start=193, aa-stop=223, aa-cov=0.1, hmm-cov=1.0, evalue=6.7e-08, bitscore=27.3, name=TPR_6
12:42:40.795 - INFO - CDS - pfam detected: seq=contig_1, start=1030458, stop=1031894, strand=-, pfam-id=PF13176.12, length=28, aa-start=187, aa-stop=214, aa-cov=0.1, hmm-cov=1.0, evalue=7.5e-13, bitscore=42.1, name=TPR_7
12:42:40.795 - INFO - CDS - pfam detected: seq=contig_1, start=492928, stop=494880, strand=-, pfam-id=PF13176.12, length=32, aa-start=504, aa-stop=533, aa-cov=0.0, hmm-cov=1.0, evalue=2.1e-10, bitscore=34.5, name=TPR_7
12:42:40.796 - INFO - CDS - pfam detected: seq=contig_1, start=413749, stop=414501, strand=+, pfam-id=PF13176.12, length=27, aa-start=193, aa-stop=219, aa-cov=0.1, hmm-cov=1.0, evalue=6.5e-09, bitscore=29.9, name=TPR_7
12:42:40.796 - INFO - CDS - pfam detected: seq=contig_1, start=1030458, stop=1031894, strand=-, pfam-id=PF13181.12, length=27, aa-start=290, aa-stop=316, aa-cov=0.1, hmm-cov=1.0, evalue=1.8e-23, bitscore=75.3, name=TPR_8
12:42:40.796 - INFO - CDS - pfam detected: seq=contig_1, start=487580, stop=488200, strand=+, pfam-id=PF13181.12, length=32, aa-start=93, aa-stop=124, aa-cov=0.2, hmm-cov=1.0, evalue=3.2e-20, bitscore=65.2, name=TPR_8
12:42:40.796 - INFO - CDS - pfam detected: seq=contig_1, start=492928, stop=494880, strand=-, pfam-id=PF13181.12, length=28, aa-start=503, aa-stop=530, aa-cov=0.0, hmm-cov=1.0, evalue=1.1e-18, bitscore=60.4, name=TPR_8
12:42:40.796 - INFO - CDS - pfam detected: seq=contig_1, start=413749, stop=414501, strand=+, pfam-id=PF13181.12, length=24, aa-start=193, aa-stop=216, aa-cov=0.1, hmm-cov=1.0, evalue=6.6e-12, bitscore=39.2, name=TPR_8
12:42:40.796 - INFO - CDS - pfam detected: seq=contig_1, start=494873, stop=495718, strand=-, pfam-id=PF13181.12, length=27, aa-start=111, aa-stop=137, aa-cov=0.1, hmm-cov=1.0, evalue=3.1e-08, bitscore=27.8, name=TPR_8
12:42:40.796 - INFO - CDS - pfam detected: seq=contig_1, start=1030458, stop=1031894, strand=-, pfam-id=PF13371.12, length=55, aa-start=229, aa-stop=283, aa-cov=0.1, hmm-cov=1.0, evalue=6.2e-18, bitscore=59.1, name=TPR_9
12:42:40.796 - INFO - CDS - pfam detected: seq=contig_1, start=1030458, stop=1031894, strand=-, pfam-id=PF23914.1, length=94, aa-start=159, aa-stop=249, aa-cov=0.2, hmm-cov=1.0, evalue=7.6e-22, bitscore=72.3, name=TPR_CcmH_CycH
12:42:40.797 - INFO - CDS - pfam detected: seq=contig_1, start=487580, stop=488200, strand=+, pfam-id=PF23914.1, length=53, aa-start=80, aa-stop=132, aa-cov=0.3, hmm-cov=1.0, evalue=5.7e-13, bitscore=43.4, name=TPR_CcmH_CycH
12:42:40.808 - INFO - CDS - pfam detected: seq=contig_1, start=813039, stop=814376, strand=-, pfam-id=PF01938.26, length=64, aa-start=377, aa-stop=440, aa-cov=0.1, hmm-cov=0.9, evalue=8.4e-16, bitscore=52.1, name=TRAM
12:42:40.812 - INFO - CDS - pfam detected: seq=contig_1, start=363248, stop=366694, strand=-, pfam-id=PF03461.20, length=93, aa-start=1009, aa-stop=1101, aa-cov=0.1, hmm-cov=1.0, evalue=6.9e-25, bitscore=81.7, name=TRCF
12:42:40.817 - INFO - CDS - pfam detected: seq=contig_1, start=29158, stop=29868, strand=+, pfam-id=PF02080.26, length=64, aa-start=150, aa-stop=211, aa-cov=0.3, hmm-cov=1.0, evalue=5.8e-12, bitscore=39.9, name=TrkA_C
12:42:40.817 - INFO - CDS - pfam detected: seq=contig_1, start=29158, stop=29868, strand=+, pfam-id=PF02254.24, length=118, aa-start=4, aa-stop=119, aa-cov=0.5, hmm-cov=1.0, evalue=4.3e-19, bitscore=63.4, name=TrkA_N
12:42:40.819 - INFO - CDS - pfam detected: seq=contig_1, start=1051651, stop=1053312, strand=+, pfam-id=PF01409.25, length=275, aa-start=281, aa-stop=549, aa-cov=0.5, hmm-cov=0.9, evalue=1.2e-82, bitscore=271.5, name=tRNA-synt_2d
12:42:40.822 - INFO - CDS - pfam detected: seq=contig_1, start=14014, stop=15828, strand=+, pfam-id=PF17759.6, length=206, aa-start=409, aa-stop=599, aa-cov=0.3, hmm-cov=1.0, evalue=3.8e-32, bitscore=105.9, name=tRNA_synthFbeta
12:42:40.825 - INFO - CDS - pfam detected: seq=contig_1, start=835455, stop=836687, strand=-, pfam-id=PF00089.32, length=194, aa-start=118, aa-stop=280, aa-cov=0.4, hmm-cov=1.0, evalue=4.5e-22, bitscore=73.3, name=Trypsin
12:42:40.825 - INFO - CDS - pfam detected: seq=contig_1, start=835455, stop=836687, strand=-, pfam-id=PF13365.12, length=147, aa-start=117, aa-stop=255, aa-cov=0.3, hmm-cov=1.0, evalue=2.8e-35, bitscore=116.6, name=Trypsin_2
12:42:40.856 - INFO - CDS - pfam detected: seq=contig_1, start=236000, stop=236812, strand=+, pfam-id=PF03167.24, length=152, aa-start=107, aa-stop=253, aa-cov=0.5, hmm-cov=0.9, evalue=2.4e-41, bitscore=135.6, name=UDG
12:42:40.875 - INFO - CDS - pfam detected: seq=contig_1, start=363248, stop=366694, strand=-, pfam-id=PF17757.6, length=91, aa-start=148, aa-stop=238, aa-cov=0.1, hmm-cov=1.0, evalue=4.5e-16, bitscore=53.2, name=UvrB_inter
12:42:40.899 - INFO - CDS - pfam detected: seq=contig_1, start=840490, stop=841134, strand=-, pfam-id=PF09335.16, length=104, aa-start=57, aa-stop=157, aa-cov=0.5, hmm-cov=1.0, evalue=2.4e-12, bitscore=41.9, name=VTT_dom
12:42:40.900 - INFO - CDS - pfam detected: seq=contig_1, start=256377, stop=258329, strand=+, pfam-id=PF00092.34, length=165, aa-start=432, aa-stop=593, aa-cov=0.2, hmm-cov=0.9, evalue=6.8e-12, bitscore=40.3, name=VWA
12:42:40.900 - INFO - CDS - pfam detected: seq=contig_1, start=809976, stop=810647, strand=+, pfam-id=PF00092.34, length=119, aa-start=30, aa-stop=142, aa-cov=0.5, hmm-cov=1.0, evalue=5.4e-10, bitscore=34.2, name=VWA
12:42:40.901 - INFO - CDS - pfam detected: seq=contig_1, start=809976, stop=810647, strand=+, pfam-id=PF13519.12, length=112, aa-start=32, aa-stop=139, aa-cov=0.5, hmm-cov=0.9, evalue=7.8e-14, bitscore=46.7, name=VWA_2
12:42:40.939 - INFO - CDS - pfam detected: seq=contig_1, start=389576, stop=391114, strand=+, pfam-id=PF13525.12, length=86, aa-start=431, aa-stop=508, aa-cov=0.2, hmm-cov=1.0, evalue=3.0e-10, bitscore=34.6, name=YfiO
12:42:40.953 - INFO - CDS - pfam detected: seq=contig_1, start=913607, stop=913942, strand=-, pfam-id=PF06005.17, length=67, aa-start=4, aa-stop=70, aa-cov=0.6, hmm-cov=1.0, evalue=1.4e-09, bitscore=32.8, name=ZapB
12:42:40.968 - INFO - CDS - pfam detected: seq=contig_1, start=102194, stop=102841, strand=+, pfam-id=PF13490.11, length=26, aa-start=12, aa-stop=37, aa-cov=0.1, hmm-cov=1.0, evalue=1.3e-06, bitscore=22.9, name=zf-HC2
12:42:40.973 - INFO - CDS - pfam detected: seq=contig_1, start=480721, stop=481071, strand=+, pfam-id=PF13248.11, length=20, aa-start=20, aa-stop=38, aa-cov=0.2, hmm-cov=0.9, evalue=2.7e-08, bitscore=27.6, name=Zn_ribbon_3
12:42:40.973 - INFO - CDS - pfam detected: seq=contig_1, start=527274, stop=528095, strand=+, pfam-id=PF02591.20, length=33, aa-start=200, aa-stop=232, aa-cov=0.1, hmm-cov=1.0, evalue=5.8e-14, bitscore=46.4, name=Zn_ribbon_9
12:42:40.975 - INFO - CDS - predicted-pfams=315, CDS-w/-pfams=151
12:42:41.389 - INFO - S_ORF - predicted=11114
12:42:43.519 - INFO - S_ORF - sORF filter: # valid=966, # discarded=10148
12:42:43.555 - INFO - ORF - discarded=0
12:42:43.630 - INFO - UPS - looked-up=0
12:42:43.630 - INFO - IPS - looked-up=0
12:42:43.630 - INFO - ORF - write internal aa seqs: # seqs=966, path=/private/var/folders/fw/6q_csqnj4979y2v5d3nfpcth0000gn/T/tmp9oev04fl/sorf.faa
12:42:43.663 - INFO - S_ORF - found=0
12:42:43.663 - INFO - PSC - looked-up=0
12:42:43.664 - INFO - PSCC - looked-up=0
12:42:44.369 - INFO - ORI - type=oriC, seq=contig_1, start=1399, stop=1641, nt=[GGCGTAGACA..GAAACTAACT]
12:42:44.414 - INFO - ORI - predicted=1
12:42:44.473 - INFO - ORI - predicted=0
12:42:44.474 - INFO - ANNOTATION - overlap: CDS (None/Serine hydroxymethyltransferase) [347081, 348622] overlapping tRNA (trnL) [348604, 348686], [348604,348622], seq=contig_1
12:42:44.474 - INFO - ANNOTATION - overlap: CDS (None/Methyl-accepting chemotaxis protein) [692585, 694549] overlapping tRNA (trnF) [692542, 692614], [692585,692614], seq=contig_1
12:42:44.474 - INFO - ANNOTATION - overlap: CDS (None/D-alanine--D-alanine ligase) [729139, 730326] overlapping tRNA (trnR) [729104, 729177], [729139,729177], seq=contig_1
12:42:44.475 - INFO - ANNOTATION - overlap: CDS (None/hypothetical protein) [835455, 836687] overlapping tRNA (trnK) [836664, 836736], [836664,836687], seq=contig_1
12:42:44.475 - INFO - ANNOTATION - overlap: CDS (None/hypothetical protein) [1000596, 1000883] overlapping tRNA (trnT) [1000748, 1000820], [1000748,1000820], seq=contig_1
12:42:44.475 - INFO - ANNOTATION - overlap: CDS (None/Transposase) [1076192, 1077868] overlapping tRNA (trnA) [1077832, 1077905], [1077832,1077868], seq=contig_1
12:42:44.477 - INFO - UTILS - generated sequence tag prefix: prefix=LIHGCBFPCN, length=10, MD5=5210CBF9C7648E62EBBE185A07EFA0E9
12:42:44.478 - INFO - MAIN - selected features=1031
12:42:44.480 - INFO - UTILS - generated sequence tag prefix: prefix=LIHGCB, length=6, MD5=5210CBF9C7648E62EBBE185A07EFA0E9
12:42:44.480 - INFO - MAIN - locus tag prefix=LIHGCB
12:42:44.480 - INFO - UTILS - genome-size=1133390
12:42:44.486 - INFO - UTILS - GC=0.527
12:42:44.486 - INFO - UTILS - N=0.000
12:42:44.486 - INFO - UTILS - N50=1133390
12:42:44.486 - INFO - UTILS - N90=1133390
12:42:44.486 - INFO - UTILS - coding-ratio=0.931
12:42:44.487 - INFO - TSV - write feature tsv: path=/Users/kenjikono/Downloads/Archive 2/Treponema_paraluiscuniculi/intermediate_bakta/GCF_000217655.1/GCF_000217655.1.tsv
12:42:44.489 - INFO - GFF - write features: path=/Users/kenjikono/Downloads/Archive 2/Treponema_paraluiscuniculi/intermediate_bakta/GCF_000217655.1/GCF_000217655.1.gff3
12:42:44.500 - INFO - INSDC - write GenBank: path=/Users/kenjikono/Downloads/Archive 2/Treponema_paraluiscuniculi/intermediate_bakta/GCF_000217655.1/GCF_000217655.1.gbff
12:42:44.589 - INFO - INSDC - write EMBL: path=/Users/kenjikono/Downloads/Archive 2/Treponema_paraluiscuniculi/intermediate_bakta/GCF_000217655.1/GCF_000217655.1.embl
12:42:44.674 - INFO - FASTA - write genome sequences: path=/Users/kenjikono/Downloads/Archive 2/Treponema_paraluiscuniculi/intermediate_bakta/GCF_000217655.1/GCF_000217655.1.fna, description=True, wrap=True
12:42:44.678 - INFO - FASTA - write feature nucleotide sequences: path=/Users/kenjikono/Downloads/Archive 2/Treponema_paraluiscuniculi/intermediate_bakta/GCF_000217655.1/GCF_000217655.1.ffn
12:42:44.691 - INFO - FASTA - write translated CDS/sORF: path=/Users/kenjikono/Downloads/Archive 2/Treponema_paraluiscuniculi/intermediate_bakta/GCF_000217655.1/GCF_000217655.1.faa
12:42:44.701 - INFO - TSV - write tsv: path=/Users/kenjikono/Downloads/Archive 2/Treponema_paraluiscuniculi/intermediate_bakta/GCF_000217655.1/GCF_000217655.1.inference.tsv
12:42:46.029 - INFO - TSV - write hypothetical tsv: path=/Users/kenjikono/Downloads/Archive 2/Treponema_paraluiscuniculi/intermediate_bakta/GCF_000217655.1/GCF_000217655.1.hypotheticals.tsv
12:42:46.031 - INFO - FASTA - write translated CDS/sORF: path=/Users/kenjikono/Downloads/Archive 2/Treponema_paraluiscuniculi/intermediate_bakta/GCF_000217655.1/GCF_000217655.1.hypotheticals.faa
12:42:46.033 - INFO - JSON - write JSON: path=/Users/kenjikono/Downloads/Archive 2/Treponema_paraluiscuniculi/intermediate_bakta/GCF_000217655.1/GCF_000217655.1.json
12:42:46.104 - INFO - MAIN - removed tmp dir: /private/var/folders/fw/6q_csqnj4979y2v5d3nfpcth0000gn/T/tmp9oev04fl
